Country,Year,total_deaths,conflict_events,Conflict,prev_conflict,prev_year_deaths,rolling_conflict_3yr,rolling_deaths_3yr,event_change,conflict_streak,Future_Conflict
Afghanistan,1989,5411,145,1,0.0,0.0,0.0,0.0,0.0,1,1
Afghanistan,1990,1514,45,1,1.0,5411.0,1.0,5411.0,-100.0,2,1
Afghanistan,1991,3553,64,1,1.0,1514.0,1.0,3462.5,19.0,3,1
Afghanistan,1992,4385,76,1,1.0,3553.0,1.0,3492.6666666666665,12.0,4,1
Afghanistan,1993,4105,115,1,1.0,4385.0,1.0,3150.6666666666665,39.0,5,1
Afghanistan,1994,9056,244,1,1.0,4105.0,1.0,4014.3333333333335,129.0,6,1
Afghanistan,1995,5618,219,1,1.0,9056.0,1.0,5848.666666666667,-25.0,7,1
Afghanistan,1996,3595,234,1,1.0,5618.0,1.0,6259.666666666667,15.0,8,1
Afghanistan,1997,6721,199,1,1.0,3595.0,1.0,6089.666666666667,-35.0,9,1
Afghanistan,1998,12174,217,1,1.0,6721.0,1.0,5311.333333333333,18.0,10,1
Afghanistan,1999,5065,189,1,1.0,12174.0,1.0,7496.666666666667,-28.0,11,1
Afghanistan,2000,5394,207,1,1.0,5065.0,1.0,7986.666666666667,18.0,12,1
Afghanistan,2001,5553,263,1,1.0,5394.0,1.0,7544.333333333333,56.0,13,1
Afghanistan,2002,1157,94,1,1.0,5553.0,1.0,5337.333333333333,-169.0,14,1
Afghanistan,2003,944,186,1,1.0,1157.0,1.0,4034.6666666666665,92.0,15,1
Afghanistan,2004,817,241,1,1.0,944.0,1.0,2551.3333333333335,55.0,16,1
Afghanistan,2005,1711,430,1,1.0,817.0,1.0,972.6666666666666,189.0,17,1
Afghanistan,2006,4982,848,1,1.0,1711.0,1.0,1157.3333333333333,418.0,18,1
Afghanistan,2007,7037,1044,1,1.0,4982.0,1.0,2503.3333333333335,196.0,19,1
Afghanistan,2008,5661,1115,1,1.0,7037.0,1.0,4576.666666666667,71.0,20,1
Afghanistan,2009,6499,1514,1,1.0,5661.0,1.0,5893.333333333333,399.0,21,1
Afghanistan,2010,7151,1806,1,1.0,6499.0,1.0,6399.0,292.0,22,1
Afghanistan,2011,7563,2197,1,1.0,7151.0,1.0,6437.0,391.0,23,1
Afghanistan,2012,7783,2301,1,1.0,7563.0,1.0,7071.0,104.0,24,1
Afghanistan,2013,8131,1926,1,1.0,7783.0,1.0,7499.0,-375.0,25,1
Afghanistan,2014,12549,2119,1,1.0,8131.0,1.0,7825.666666666667,193.0,26,1
Afghanistan,2015,18018,2266,1,1.0,12549.0,1.0,9487.666666666666,147.0,27,1
Afghanistan,2016,19025,2428,1,1.0,18018.0,1.0,12899.333333333334,162.0,28,1
Afghanistan,2017,19784,2482,1,1.0,19025.0,1.0,16530.666666666668,54.0,29,1
Afghanistan,2018,26895,3724,1,1.0,19784.0,1.0,18942.333333333332,1242.0,30,1
Afghanistan,2019,30435,4682,1,1.0,26895.0,1.0,21901.333333333332,958.0,31,1
Afghanistan,2020,20834,3317,1,1.0,30435.0,1.0,25704.666666666668,-1365.0,32,1
Afghanistan,2021,36386,4512,1,1.0,20834.0,1.0,26054.666666666668,1195.0,33,1
Afghanistan,2022,1574,416,1,1.0,36386.0,1.0,29218.333333333332,-4096.0,34,1
Afghanistan,2023,360,176,1,1.0,1574.0,1.0,19598.0,-240.0,35,1
Albania,1989,0,0,0,0.0,0.0,0.0,0.0,0.0,0,0
Albania,1990,0,0,0,0.0,0.0,0.0,0.0,0.0,0,0
Albania,1991,0,0,0,0.0,0.0,0.0,0.0,0.0,0,0
Albania,1992,0,0,0,0.0,0.0,0.0,0.0,0.0,0,0
Albania,1993,0,0,0,0.0,0.0,0.0,0.0,0.0,0,0
Albania,1994,0,0,0,0.0,0.0,0.0,0.0,0.0,0,0
Albania,1995,0,0,0,0.0,0.0,0.0,0.0,0.0,0,0
Albania,1996,0,0,0,0.0,0.0,0.0,0.0,0.0,0,0
Albania,1997,0,0,0,0.0,0.0,0.0,0.0,0.0,0,0
Albania,1998,0,0,0,0.0,0.0,0.0,0.0,0.0,0,1
Albania,1999,26,10,1,0.0,0.0,0.0,0.0,10.0,1,0
Albania,2000,0,0,0,1.0,26.0,0.3333333333333333,8.666666666666666,-10.0,0,0
Albania,2001,0,0,0,0.0,0.0,0.3333333333333333,8.666666666666666,0.0,0,0
Albania,2002,0,0,0,0.0,0.0,0.3333333333333333,8.666666666666666,0.0,0,0
Albania,2003,0,0,0,0.0,0.0,0.0,0.0,0.0,0,0
Albania,2004,0,0,0,0.0,0.0,0.0,0.0,0.0,0,0
Albania,2005,0,0,0,0.0,0.0,0.0,0.0,0.0,0,0
Albania,2006,0,0,0,0.0,0.0,0.0,0.0,0.0,0,0
Albania,2007,0,0,0,0.0,0.0,0.0,0.0,0.0,0,0
Albania,2008,0,0,0,0.0,0.0,0.0,0.0,0.0,0,0
Albania,2009,0,0,0,0.0,0.0,0.0,0.0,0.0,0,0
Albania,2010,0,0,0,0.0,0.0,0.0,0.0,0.0,0,0
Albania,2011,0,0,0,0.0,0.0,0.0,0.0,0.0,0,0
Albania,2012,0,0,0,0.0,0.0,0.0,0.0,0.0,0,0
Albania,2013,0,0,0,0.0,0.0,0.0,0.0,0.0,0,0
Albania,2014,0,0,0,0.0,0.0,0.0,0.0,0.0,0,0
Albania,2015,0,0,0,0.0,0.0,0.0,0.0,0.0,0,0
Albania,2016,0,0,0,0.0,0.0,0.0,0.0,0.0,0,0
Albania,2017,0,0,0,0.0,0.0,0.0,0.0,0.0,0,0
Albania,2018,0,0,0,0.0,0.0,0.0,0.0,0.0,0,0
Albania,2019,0,0,0,0.0,0.0,0.0,0.0,0.0,0,0
Albania,2020,0,0,0,0.0,0.0,0.0,0.0,0.0,0,0
Albania,2021,0,0,0,0.0,0.0,0.0,0.0,0.0,0,0
Albania,2022,0,0,0,0.0,0.0,0.0,0.0,0.0,0,0
Albania,2023,0,0,0,0.0,0.0,0.0,0.0,0.0,0,0
Algeria,1989,0,0,0,0.0,0.0,0.0,0.0,0.0,0,0
Algeria,1990,1,1,0,0.0,0.0,0.0,0.0,1.0,0,1
Algeria,1991,34,4,1,0.0,1.0,0.0,0.5,3.0,1,1
Algeria,1992,274,120,1,1.0,34.0,0.3333333333333333,11.666666666666666,116.0,2,1
Algeria,1993,826,269,1,1.0,274.0,0.6666666666666666,103.0,149.0,3,1
Algeria,1994,1943,350,1,1.0,826.0,1.0,378.0,81.0,4,1
Algeria,1995,3059,394,1,1.0,1943.0,1.0,1014.3333333333334,44.0,5,1
Algeria,1996,1091,123,1,1.0,3059.0,1.0,1942.6666666666667,-271.0,6,1
Algeria,1997,2008,128,1,1.0,1091.0,1.0,2031.0,5.0,7,1
Algeria,1998,3284,383,1,1.0,2008.0,1.0,2052.6666666666665,255.0,8,1
Algeria,1999,1168,226,1,1.0,3284.0,1.0,2127.6666666666665,-157.0,9,1
Algeria,2000,1193,252,1,1.0,1168.0,1.0,2153.3333333333335,26.0,10,1
Algeria,2001,674,80,1,1.0,1193.0,1.0,1881.6666666666667,-172.0,11,1
Algeria,2002,1058,225,1,1.0,674.0,1.0,1011.6666666666666,145.0,12,1
Algeria,2003,714,209,1,1.0,1058.0,1.0,975.0,-16.0,13,1
Algeria,2004,500,219,1,1.0,714.0,1.0,815.3333333333334,10.0,14,1
Algeria,2005,232,72,1,1.0,500.0,1.0,757.3333333333334,-147.0,15,1
Algeria,2006,292,91,1,1.0,232.0,1.0,482.0,19.0,16,1
Algeria,2007,495,128,1,1.0,292.0,1.0,341.3333333333333,37.0,17,1
Algeria,2008,345,111,1,1.0,495.0,1.0,339.6666666666667,-17.0,18,1
Algeria,2009,541,191,1,1.0,345.0,1.0,377.3333333333333,80.0,19,1
Algeria,2010,252,92,1,1.0,541.0,1.0,460.3333333333333,-99.0,20,1
Algeria,2011,276,125,1,1.0,252.0,1.0,379.3333333333333,33.0,21,1
Algeria,2012,264,124,1,1.0,276.0,1.0,356.3333333333333,-1.0,22,1
Algeria,2013,222,73,1,1.0,264.0,1.0,264.0,-51.0,23,1
Algeria,2014,111,43,1,1.0,222.0,1.0,254.0,-30.0,24,1
Algeria,2015,110,46,1,1.0,111.0,1.0,199.0,3.0,25,1
Algeria,2016,89,27,1,1.0,110.0,1.0,147.66666666666666,-19.0,26,1
Algeria,2017,77,26,1,1.0,89.0,1.0,103.33333333333333,-1.0,27,1
Algeria,2018,35,10,1,1.0,77.0,1.0,92.0,-16.0,28,0
Algeria,2019,15,9,0,1.0,35.0,1.0,67.0,-1.0,0,1
Algeria,2020,28,17,1,0.0,15.0,0.6666666666666666,42.333333333333336,8.0,1,0
Algeria,2021,18,6,0,1.0,28.0,0.6666666666666666,26.0,-11.0,0,0
Algeria,2022,14,3,0,0.0,18.0,0.3333333333333333,20.333333333333332,-3.0,0,0
Algeria,2023,1,1,0,0.0,14.0,0.3333333333333333,20.0,-2.0,0,0
Angola,1989,2873,260,1,0.0,0.0,0.0,0.0,0.0,1,1
Angola,1990,2609,181,1,1.0,2873.0,1.0,2873.0,-79.0,2,1
Angola,1991,516,19,1,1.0,2609.0,1.0,2741.0,-162.0,3,1
Angola,1992,2352,38,1,1.0,516.0,1.0,1999.3333333333333,19.0,4,1
Angola,1993,12398,220,1,1.0,2352.0,1.0,1825.6666666666667,182.0,5,1
Angola,1994,4009,320,1,1.0,12398.0,1.0,5088.666666666667,100.0,6,1
Angola,1995,238,76,1,1.0,4009.0,1.0,6253.0,-244.0,7,1
Angola,1996,32,28,1,1.0,238.0,1.0,5548.333333333333,-48.0,8,1
Angola,1997,105,35,1,1.0,32.0,1.0,1426.3333333333333,7.0,9,1
Angola,1998,1191,110,1,1.0,105.0,1.0,125.0,75.0,10,1
Angola,1999,2666,245,1,1.0,1191.0,1.0,442.6666666666667,135.0,11,1
Angola,2000,1209,130,1,1.0,2666.0,1.0,1320.6666666666667,-115.0,12,1
Angola,2001,2158,124,1,1.0,1209.0,1.0,1688.6666666666667,-6.0,13,1
Angola,2002,579,69,1,1.0,2158.0,1.0,2011.0,-55.0,14,1
Angola,2003,84,37,1,1.0,579.0,1.0,1315.3333333333333,-32.0,15,1
Angola,2004,38,19,1,1.0,84.0,1.0,940.3333333333334,-18.0,16,0
Angola,2005,15,13,0,1.0,38.0,1.0,233.66666666666666,-6.0,0,0
Angola,2006,3,12,0,0.0,15.0,0.6666666666666666,45.666666666666664,-1.0,0,1
Angola,2007,26,22,1,0.0,3.0,0.3333333333333333,18.666666666666668,10.0,1,0
Angola,2008,4,9,0,1.0,26.0,0.3333333333333333,14.666666666666666,-13.0,0,1
Angola,2009,25,9,1,0.0,4.0,0.3333333333333333,11.0,0.0,1,0
Angola,2010,10,4,0,1.0,25.0,0.6666666666666666,18.333333333333332,-5.0,0,0
Angola,2011,1,2,0,0.0,10.0,0.3333333333333333,13.0,-2.0,0,0
Angola,2012,0,0,0,0.0,1.0,0.3333333333333333,12.0,-2.0,0,0
Angola,2013,2,1,0,0.0,0.0,0.0,3.6666666666666665,1.0,0,0
Angola,2014,0,6,0,0.0,2.0,0.0,1.0,5.0,0,0
Angola,2015,1,2,0,0.0,0.0,0.0,0.6666666666666666,-4.0,0,1
Angola,2016,26,18,1,0.0,1.0,0.0,1.0,16.0,1,1
Angola,2017,26,24,1,1.0,26.0,0.3333333333333333,9.0,6.0,2,0
Angola,2018,24,6,0,1.0,26.0,0.6666666666666666,17.666666666666668,-18.0,0,1
Angola,2019,26,11,1,0.0,24.0,0.6666666666666666,25.333333333333332,5.0,1,1
Angola,2020,29,26,1,1.0,26.0,0.6666666666666666,25.333333333333332,15.0,2,0
Angola,2021,13,4,0,1.0,29.0,0.6666666666666666,26.333333333333332,-22.0,0,0
Angola,2022,21,17,0,0.0,13.0,0.6666666666666666,22.666666666666668,13.0,0,0
Angola,2023,0,1,0,0.0,21.0,0.3333333333333333,21.0,-16.0,0,1
Argentina,1989,0,0,0,0.0,0.0,0.0,0.0,0.0,0,0
Argentina,1990,0,0,0,0.0,0.0,0.0,0.0,0.0,0,0
Argentina,1991,0,0,0,0.0,0.0,0.0,0.0,0.0,0,0
Argentina,1992,0,1,0,0.0,0.0,0.0,0.0,1.0,0,0
Argentina,1993,0,0,0,0.0,0.0,0.0,0.0,-1.0,0,1
Argentina,1994,86,1,1,0.0,0.0,0.0,0.0,1.0,1,0
Argentina,1995,0,0,0,1.0,86.0,0.3333333333333333,28.666666666666668,-1.0,0,0
Argentina,1996,0,0,0,0.0,0.0,0.3333333333333333,28.666666666666668,0.0,0,0
Argentina,1997,0,0,0,0.0,0.0,0.3333333333333333,28.666666666666668,0.0,0,0
Argentina,1998,0,0,0,0.0,0.0,0.0,0.0,0.0,0,0
Argentina,1999,0,0,0,0.0,0.0,0.0,0.0,0.0,0,0
Argentina,2000,0,0,0,0.0,0.0,0.0,0.0,0.0,0,0
Argentina,2001,0,0,0,0.0,0.0,0.0,0.0,0.0,0,0
Argentina,2002,0,0,0,0.0,0.0,0.0,0.0,0.0,0,0
Argentina,2003,0,0,0,0.0,0.0,0.0,0.0,0.0,0,0
Argentina,2004,0,0,0,0.0,0.0,0.0,0.0,0.0,0,0
Argentina,2005,0,0,0,0.0,0.0,0.0,0.0,0.0,0,0
Argentina,2006,0,0,0,0.0,0.0,0.0,0.0,0.0,0,0
Argentina,2007,0,0,0,0.0,0.0,0.0,0.0,0.0,0,0
Argentina,2008,0,0,0,0.0,0.0,0.0,0.0,0.0,0,0
Argentina,2009,0,0,0,0.0,0.0,0.0,0.0,0.0,0,0
Argentina,2010,0,0,0,0.0,0.0,0.0,0.0,0.0,0,0
Argentina,2011,0,0,0,0.0,0.0,0.0,0.0,0.0,0,0
Argentina,2012,0,0,0,0.0,0.0,0.0,0.0,0.0,0,0
Argentina,2013,0,0,0,0.0,0.0,0.0,0.0,0.0,0,0
Argentina,2014,0,0,0,0.0,0.0,0.0,0.0,0.0,0,0
Argentina,2015,0,0,0,0.0,0.0,0.0,0.0,0.0,0,0
Argentina,2016,0,0,0,0.0,0.0,0.0,0.0,0.0,0,0
Argentina,2017,0,0,0,0.0,0.0,0.0,0.0,0.0,0,0
Argentina,2018,0,0,0,0.0,0.0,0.0,0.0,0.0,0,0
Argentina,2019,0,0,0,0.0,0.0,0.0,0.0,0.0,0,0
Argentina,2020,0,0,0,0.0,0.0,0.0,0.0,0.0,0,0
Argentina,2021,0,0,0,0.0,0.0,0.0,0.0,0.0,0,0
Argentina,2022,0,0,0,0.0,0.0,0.0,0.0,0.0,0,0
Argentina,2023,0,0,0,0.0,0.0,0.0,0.0,0.0,0,0
Armenia,1989,0,0,0,0.0,0.0,0.0,0.0,0.0,0,0
Armenia,1990,0,0,0,0.0,0.0,0.0,0.0,0.0,0,0
Armenia,1991,0,0,0,0.0,0.0,0.0,0.0,0.0,0,1
Armenia,1992,85,9,1,0.0,0.0,0.0,0.0,9.0,1,1
Armenia,1993,37,7,1,1.0,85.0,0.3333333333333333,28.333333333333332,-2.0,2,1
Armenia,1994,30,1,1,1.0,37.0,0.6666666666666666,40.666666666666664,-6.0,3,0
Armenia,1995,7,5,0,1.0,30.0,1.0,50.666666666666664,4.0,0,0
Armenia,1996,0,0,0,0.0,7.0,0.6666666666666666,24.666666666666668,-5.0,0,0
Armenia,1997,0,0,0,0.0,0.0,0.3333333333333333,12.333333333333334,0.0,0,0
Armenia,1998,0,0,0,0.0,0.0,0.0,2.3333333333333335,0.0,0,0
Armenia,1999,0,0,0,0.0,0.0,0.0,0.0,0.0,0,0
Armenia,2000,0,0,0,0.0,0.0,0.0,0.0,0.0,0,0
Armenia,2001,0,0,0,0.0,0.0,0.0,0.0,0.0,0,0
Armenia,2002,0,0,0,0.0,0.0,0.0,0.0,0.0,0,0
Armenia,2003,0,0,0,0.0,0.0,0.0,0.0,0.0,0,0
Armenia,2004,0,0,0,0.0,0.0,0.0,0.0,0.0,0,0
Armenia,2005,1,1,0,0.0,0.0,0.0,0.0,1.0,0,0
Armenia,2006,2,2,0,0.0,1.0,0.0,0.3333333333333333,1.0,0,0
Armenia,2007,0,0,0,0.0,2.0,0.0,1.0,-2.0,0,0
Armenia,2008,0,0,0,0.0,0.0,0.0,1.0,0.0,0,0
Armenia,2009,0,0,0,0.0,0.0,0.0,0.6666666666666666,0.0,0,0
Armenia,2010,0,0,0,0.0,0.0,0.0,0.0,0.0,0,0
Armenia,2011,0,0,0,0.0,0.0,0.0,0.0,0.0,0,0
Armenia,2012,9,5,0,0.0,0.0,0.0,0.0,5.0,0,0
Armenia,2013,1,1,0,0.0,9.0,0.0,3.0,-4.0,0,0
Armenia,2014,0,0,0,0.0,1.0,0.0,3.3333333333333335,-1.0,0,0
Armenia,2015,16,8,0,0.0,0.0,0.0,3.3333333333333335,8.0,0,0
Armenia,2016,4,1,0,0.0,16.0,0.0,5.666666666666667,-7.0,0,0
Armenia,2017,0,0,0,0.0,4.0,0.0,6.666666666666667,-1.0,0,0
Armenia,2018,1,1,0,0.0,0.0,0.0,6.666666666666667,1.0,0,0
Armenia,2019,2,2,0,0.0,1.0,0.0,1.6666666666666667,1.0,0,0
Armenia,2020,10,8,0,0.0,2.0,0.0,1.0,6.0,0,0
Armenia,2021,10,8,0,0.0,10.0,0.0,4.333333333333333,0.0,0,1
Armenia,2022,154,8,1,0.0,10.0,0.0,7.333333333333333,0.0,1,0
Armenia,2023,20,10,0,1.0,154.0,0.3333333333333333,58.0,2.0,0,0
Australia,1989,0,0,0,0.0,0.0,0.0,0.0,0.0,0,0
Australia,1990,0,0,0,0.0,0.0,0.0,0.0,0.0,0,0
Australia,1991,0,0,0,0.0,0.0,0.0,0.0,0.0,0,0
Australia,1992,0,0,0,0.0,0.0,0.0,0.0,0.0,0,0
Australia,1993,0,0,0,0.0,0.0,0.0,0.0,0.0,0,0
Australia,1994,0,0,0,0.0,0.0,0.0,0.0,0.0,0,0
Australia,1995,0,0,0,0.0,0.0,0.0,0.0,0.0,0,0
Australia,1996,0,0,0,0.0,0.0,0.0,0.0,0.0,0,0
Australia,1997,0,0,0,0.0,0.0,0.0,0.0,0.0,0,0
Australia,1998,0,0,0,0.0,0.0,0.0,0.0,0.0,0,0
Australia,1999,0,0,0,0.0,0.0,0.0,0.0,0.0,0,0
Australia,2000,0,0,0,0.0,0.0,0.0,0.0,0.0,0,0
Australia,2001,0,0,0,0.0,0.0,0.0,0.0,0.0,0,0
Australia,2002,0,0,0,0.0,0.0,0.0,0.0,0.0,0,0
Australia,2003,0,0,0,0.0,0.0,0.0,0.0,0.0,0,0
Australia,2004,0,0,0,0.0,0.0,0.0,0.0,0.0,0,0
Australia,2005,0,0,0,0.0,0.0,0.0,0.0,0.0,0,0
Australia,2006,0,0,0,0.0,0.0,0.0,0.0,0.0,0,0
Australia,2007,0,0,0,0.0,0.0,0.0,0.0,0.0,0,0
Australia,2008,0,0,0,0.0,0.0,0.0,0.0,0.0,0,0
Australia,2009,0,0,0,0.0,0.0,0.0,0.0,0.0,0,0
Australia,2010,0,0,0,0.0,0.0,0.0,0.0,0.0,0,0
Australia,2011,0,0,0,0.0,0.0,0.0,0.0,0.0,0,0
Australia,2012,0,0,0,0.0,0.0,0.0,0.0,0.0,0,0
Australia,2013,0,0,0,0.0,0.0,0.0,0.0,0.0,0,0
Australia,2014,0,0,0,0.0,0.0,0.0,0.0,0.0,0,0
Australia,2015,0,0,0,0.0,0.0,0.0,0.0,0.0,0,0
Australia,2016,0,0,0,0.0,0.0,0.0,0.0,0.0,0,0
Australia,2017,0,0,0,0.0,0.0,0.0,0.0,0.0,0,0
Australia,2018,2,2,0,0.0,0.0,0.0,0.0,2.0,0,0
Australia,2019,0,0,0,0.0,2.0,0.0,0.6666666666666666,-2.0,0,0
Australia,2020,0,0,0,0.0,0.0,0.0,0.6666666666666666,0.0,0,0
Australia,2021,0,0,0,0.0,0.0,0.0,0.6666666666666666,0.0,0,0
Australia,2022,0,0,0,0.0,0.0,0.0,0.0,0.0,0,0
Australia,2023,0,0,0,0.0,0.0,0.0,0.0,0.0,0,0
Austria,1989,0,0,0,0.0,0.0,0.0,0.0,0.0,0,0
Austria,1990,0,0,0,0.0,0.0,0.0,0.0,0.0,0,0
Austria,1991,0,0,0,0.0,0.0,0.0,0.0,0.0,0,0
Austria,1992,0,0,0,0.0,0.0,0.0,0.0,0.0,0,0
Austria,1993,0,0,0,0.0,0.0,0.0,0.0,0.0,0,0
Austria,1994,0,0,0,0.0,0.0,0.0,0.0,0.0,0,0
Austria,1995,0,0,0,0.0,0.0,0.0,0.0,0.0,0,0
Austria,1996,0,0,0,0.0,0.0,0.0,0.0,0.0,0,0
Austria,1997,0,0,0,0.0,0.0,0.0,0.0,0.0,0,0
Austria,1998,0,0,0,0.0,0.0,0.0,0.0,0.0,0,0
Austria,1999,0,0,0,0.0,0.0,0.0,0.0,0.0,0,0
Austria,2000,0,0,0,0.0,0.0,0.0,0.0,0.0,0,0
Austria,2001,0,0,0,0.0,0.0,0.0,0.0,0.0,0,0
Austria,2002,0,0,0,0.0,0.0,0.0,0.0,0.0,0,0
Austria,2003,0,0,0,0.0,0.0,0.0,0.0,0.0,0,0
Austria,2004,0,0,0,0.0,0.0,0.0,0.0,0.0,0,0
Austria,2005,0,0,0,0.0,0.0,0.0,0.0,0.0,0,0
Austria,2006,0,0,0,0.0,0.0,0.0,0.0,0.0,0,0
Austria,2007,0,0,0,0.0,0.0,0.0,0.0,0.0,0,0
Austria,2008,0,0,0,0.0,0.0,0.0,0.0,0.0,0,0
Austria,2009,0,0,0,0.0,0.0,0.0,0.0,0.0,0,0
Austria,2010,0,0,0,0.0,0.0,0.0,0.0,0.0,0,0
Austria,2011,0,0,0,0.0,0.0,0.0,0.0,0.0,0,0
Austria,2012,0,0,0,0.0,0.0,0.0,0.0,0.0,0,0
Austria,2013,0,0,0,0.0,0.0,0.0,0.0,0.0,0,0
Austria,2014,0,0,0,0.0,0.0,0.0,0.0,0.0,0,0
Austria,2015,0,0,0,0.0,0.0,0.0,0.0,0.0,0,0
Austria,2016,0,0,0,0.0,0.0,0.0,0.0,0.0,0,0
Austria,2017,0,0,0,0.0,0.0,0.0,0.0,0.0,0,0
Austria,2018,0,0,0,0.0,0.0,0.0,0.0,0.0,0,0
Austria,2019,0,0,0,0.0,0.0,0.0,0.0,0.0,0,0
Austria,2020,4,1,0,0.0,0.0,0.0,0.0,1.0,0,0
Austria,2021,0,0,0,0.0,4.0,0.0,1.3333333333333333,-1.0,0,0
Austria,2022,0,0,0,0.0,0.0,0.0,1.3333333333333333,0.0,0,0
Austria,2023,0,0,0,0.0,0.0,0.0,1.3333333333333333,0.0,0,0
Azerbaijan,1989,0,0,0,0.0,0.0,0.0,0.0,0.0,0,0
Azerbaijan,1990,0,0,0,0.0,0.0,0.0,0.0,0.0,0,1
Azerbaijan,1991,35,3,1,0.0,0.0,0.0,0.0,3.0,1,1
Azerbaijan,1992,2856,182,1,1.0,35.0,0.3333333333333333,11.666666666666666,179.0,2,1
Azerbaijan,1993,1194,72,1,1.0,2856.0,0.6666666666666666,963.6666666666666,-110.0,3,1
Azerbaijan,1994,1489,58,1,1.0,1194.0,1.0,1361.6666666666667,-14.0,4,1
Azerbaijan,1995,55,10,1,1.0,1489.0,1.0,1846.3333333333333,-48.0,5,0
Azerbaijan,1996,5,3,0,1.0,55.0,1.0,912.6666666666666,-7.0,0,1
Azerbaijan,1997,29,3,1,0.0,5.0,0.6666666666666666,516.3333333333334,0.0,1,1
Azerbaijan,1998,34,4,1,1.0,29.0,0.6666666666666666,29.666666666666668,1.0,2,0
Azerbaijan,1999,18,6,0,1.0,34.0,0.6666666666666666,22.666666666666668,2.0,0,0
Azerbaijan,2000,13,7,0,0.0,18.0,0.6666666666666666,27.0,1.0,0,0
Azerbaijan,2001,6,5,0,0.0,13.0,0.3333333333333333,21.666666666666668,-2.0,0,0
Azerbaijan,2002,0,0,0,0.0,6.0,0.0,12.333333333333334,-5.0,0,0
Azerbaijan,2003,0,0,0,0.0,0.0,0.0,6.333333333333333,0.0,0,0
Azerbaijan,2004,8,3,0,0.0,0.0,0.0,2.0,3.0,0,0
Azerbaijan,2005,24,22,0,0.0,8.0,0.0,2.6666666666666665,19.0,0,0
Azerbaijan,2006,5,8,0,0.0,24.0,0.0,10.666666666666666,-14.0,0,0
Azerbaijan,2007,12,11,0,0.0,5.0,0.0,12.333333333333334,3.0,0,1
Azerbaijan,2008,30,7,1,0.0,12.0,0.0,13.666666666666666,-4.0,1,0
Azerbaijan,2009,7,6,0,1.0,30.0,0.3333333333333333,15.666666666666666,-1.0,0,0
Azerbaijan,2010,20,14,0,0.0,7.0,0.3333333333333333,16.333333333333332,8.0,0,0
Azerbaijan,2011,21,20,0,0.0,20.0,0.3333333333333333,19.0,6.0,0,0
Azerbaijan,2012,16,12,0,0.0,21.0,0.0,16.0,-8.0,0,0
Azerbaijan,2013,11,10,0,0.0,16.0,0.0,19.0,-2.0,0,1
Azerbaijan,2014,46,33,1,0.0,11.0,0.0,16.0,23.0,1,1
Azerbaijan,2015,63,43,1,1.0,46.0,0.3333333333333333,24.333333333333332,10.0,2,1
Azerbaijan,2016,137,31,1,1.0,63.0,0.6666666666666666,40.0,-12.0,3,1
Azerbaijan,2017,36,21,1,1.0,137.0,1.0,82.0,-10.0,4,0
Azerbaijan,2018,16,17,0,1.0,36.0,1.0,78.66666666666667,-4.0,0,0
Azerbaijan,2019,9,10,0,0.0,16.0,0.6666666666666666,63.0,-7.0,0,1
Azerbaijan,2020,7636,141,1,0.0,9.0,0.3333333333333333,20.333333333333332,131.0,1,1
Azerbaijan,2021,30,18,1,1.0,7636.0,0.3333333333333333,2553.6666666666665,-123.0,2,1
Azerbaijan,2022,154,9,1,1.0,30.0,0.6666666666666666,2558.3333333333335,-9.0,3,1
Azerbaijan,2023,442,11,1,1.0,154.0,1.0,2606.6666666666665,2.0,4,0
Bahrain,1989,0,0,0,0.0,0.0,0.0,0.0,0.0,0,0
Bahrain,1990,0,0,0,0.0,0.0,0.0,0.0,0.0,0,0
Bahrain,1991,0,0,0,0.0,0.0,0.0,0.0,0.0,0,0
Bahrain,1992,0,0,0,0.0,0.0,0.0,0.0,0.0,0,0
Bahrain,1993,0,0,0,0.0,0.0,0.0,0.0,0.0,0,0
Bahrain,1994,0,0,0,0.0,0.0,0.0,0.0,0.0,0,0
Bahrain,1995,0,0,0,0.0,0.0,0.0,0.0,0.0,0,0
Bahrain,1996,0,0,0,0.0,0.0,0.0,0.0,0.0,0,0
Bahrain,1997,0,0,0,0.0,0.0,0.0,0.0,0.0,0,0
Bahrain,1998,0,0,0,0.0,0.0,0.0,0.0,0.0,0,0
Bahrain,1999,0,0,0,0.0,0.0,0.0,0.0,0.0,0,0
Bahrain,2000,0,0,0,0.0,0.0,0.0,0.0,0.0,0,0
Bahrain,2001,0,0,0,0.0,0.0,0.0,0.0,0.0,0,0
Bahrain,2002,0,0,0,0.0,0.0,0.0,0.0,0.0,0,0
Bahrain,2003,0,0,0,0.0,0.0,0.0,0.0,0.0,0,0
Bahrain,2004,0,0,0,0.0,0.0,0.0,0.0,0.0,0,0
Bahrain,2005,0,0,0,0.0,0.0,0.0,0.0,0.0,0,0
Bahrain,2006,0,0,0,0.0,0.0,0.0,0.0,0.0,0,0
Bahrain,2007,0,0,0,0.0,0.0,0.0,0.0,0.0,0,0
Bahrain,2008,0,0,0,0.0,0.0,0.0,0.0,0.0,0,0
Bahrain,2009,0,0,0,0.0,0.0,0.0,0.0,0.0,0,0
Bahrain,2010,0,0,0,0.0,0.0,0.0,0.0,0.0,0,1
Bahrain,2011,26,24,1,0.0,0.0,0.0,0.0,24.0,1,0
Bahrain,2012,0,0,0,1.0,26.0,0.3333333333333333,8.666666666666666,-24.0,0,0
Bahrain,2013,0,0,0,0.0,0.0,0.3333333333333333,8.666666666666666,0.0,0,0
Bahrain,2014,0,0,0,0.0,0.0,0.3333333333333333,8.666666666666666,0.0,0,0
Bahrain,2015,0,0,0,0.0,0.0,0.0,0.0,0.0,0,0
Bahrain,2016,0,0,0,0.0,0.0,0.0,0.0,0.0,0,0
Bahrain,2017,0,0,0,0.0,0.0,0.0,0.0,0.0,0,0
Bahrain,2018,0,0,0,0.0,0.0,0.0,0.0,0.0,0,0
Bahrain,2019,0,0,0,0.0,0.0,0.0,0.0,0.0,0,0
Bahrain,2020,0,0,0,0.0,0.0,0.0,0.0,0.0,0,0
Bahrain,2021,0,0,0,0.0,0.0,0.0,0.0,0.0,0,0
Bahrain,2022,0,0,0,0.0,0.0,0.0,0.0,0.0,0,0
Bahrain,2023,0,0,0,0.0,0.0,0.0,0.0,0.0,0,0
Bangladesh,1989,81,20,1,0.0,0.0,0.0,0.0,0.0,1,1
Bangladesh,1990,94,27,1,1.0,81.0,1.0,81.0,7.0,2,1
Bangladesh,1991,107,36,1,1.0,94.0,1.0,87.5,9.0,3,1
Bangladesh,1992,225,29,1,1.0,107.0,1.0,94.0,-7.0,4,1
Bangladesh,1993,43,18,1,1.0,225.0,1.0,142.0,-11.0,5,1
Bangladesh,1994,32,6,1,1.0,43.0,1.0,125.0,-12.0,6,0
Bangladesh,1995,14,13,0,1.0,32.0,1.0,100.0,7.0,0,1
Bangladesh,1996,46,23,1,0.0,14.0,0.6666666666666666,29.666666666666668,10.0,1,0
Bangladesh,1997,16,11,0,1.0,46.0,0.6666666666666666,30.666666666666668,-12.0,0,0
Bangladesh,1998,21,11,0,0.0,16.0,0.3333333333333333,25.333333333333332,0.0,0,0
Bangladesh,1999,14,19,0,0.0,21.0,0.3333333333333333,27.666666666666668,8.0,0,1
Bangladesh,2000,105,8,1,0.0,14.0,0.0,17.0,-11.0,1,1
Bangladesh,2001,72,29,1,1.0,105.0,0.3333333333333333,46.666666666666664,21.0,2,0
Bangladesh,2002,7,5,0,1.0,72.0,0.6666666666666666,63.666666666666664,-24.0,0,0
Bangladesh,2003,8,15,0,0.0,7.0,0.6666666666666666,61.333333333333336,10.0,0,1
Bangladesh,2004,75,38,1,0.0,8.0,0.3333333333333333,29.0,23.0,1,1
Bangladesh,2005,80,66,1,1.0,75.0,0.3333333333333333,30.0,28.0,2,1
Bangladesh,2006,96,74,1,1.0,80.0,0.6666666666666666,54.333333333333336,8.0,3,0
Bangladesh,2007,18,13,0,1.0,96.0,1.0,83.66666666666667,-61.0,0,0
Bangladesh,2008,13,11,0,0.0,18.0,0.6666666666666666,64.66666666666667,-2.0,0,0
Bangladesh,2009,10,9,0,0.0,13.0,0.3333333333333333,42.333333333333336,-2.0,0,0
Bangladesh,2010,5,8,0,0.0,10.0,0.0,13.666666666666666,-1.0,0,0
Bangladesh,2011,0,1,0,0.0,5.0,0.0,9.333333333333334,-7.0,0,0
Bangladesh,2012,2,2,0,0.0,0.0,0.0,5.0,1.0,0,1
Bangladesh,2013,54,38,1,0.0,2.0,0.0,2.3333333333333335,36.0,1,0
Bangladesh,2014,2,2,0,1.0,54.0,0.3333333333333333,18.666666666666668,-36.0,0,0
Bangladesh,2015,10,8,0,0.0,2.0,0.3333333333333333,19.333333333333332,6.0,0,1
Bangladesh,2016,73,25,1,0.0,10.0,0.3333333333333333,22.0,17.0,1,1
Bangladesh,2017,48,23,1,1.0,73.0,0.3333333333333333,28.333333333333332,-2.0,2,1
Bangladesh,2018,28,20,1,1.0,48.0,0.6666666666666666,43.666666666666664,-3.0,3,0
Bangladesh,2019,3,3,0,1.0,28.0,1.0,49.666666666666664,-17.0,0,0
Bangladesh,2020,5,5,0,0.0,3.0,0.6666666666666666,26.333333333333332,2.0,0,0
Bangladesh,2021,2,3,0,0.0,5.0,0.3333333333333333,12.0,-2.0,0,0
Bangladesh,2022,13,9,0,0.0,2.0,0.0,3.3333333333333335,6.0,0,0
Bangladesh,2023,12,11,0,0.0,13.0,0.0,6.666666666666667,2.0,0,1
Belgium,1989,0,0,0,0.0,0.0,0.0,0.0,0.0,0,0
Belgium,1990,0,0,0,0.0,0.0,0.0,0.0,0.0,0,0
Belgium,1991,0,0,0,0.0,0.0,0.0,0.0,0.0,0,0
Belgium,1992,0,0,0,0.0,0.0,0.0,0.0,0.0,0,0
Belgium,1993,0,0,0,0.0,0.0,0.0,0.0,0.0,0,0
Belgium,1994,0,0,0,0.0,0.0,0.0,0.0,0.0,0,0
Belgium,1995,0,0,0,0.0,0.0,0.0,0.0,0.0,0,0
Belgium,1996,0,0,0,0.0,0.0,0.0,0.0,0.0,0,0
Belgium,1997,0,0,0,0.0,0.0,0.0,0.0,0.0,0,0
Belgium,1998,0,0,0,0.0,0.0,0.0,0.0,0.0,0,0
Belgium,1999,0,0,0,0.0,0.0,0.0,0.0,0.0,0,0
Belgium,2000,0,0,0,0.0,0.0,0.0,0.0,0.0,0,0
Belgium,2001,0,0,0,0.0,0.0,0.0,0.0,0.0,0,0
Belgium,2002,0,0,0,0.0,0.0,0.0,0.0,0.0,0,0
Belgium,2003,0,0,0,0.0,0.0,0.0,0.0,0.0,0,0
Belgium,2004,0,0,0,0.0,0.0,0.0,0.0,0.0,0,0
Belgium,2005,0,0,0,0.0,0.0,0.0,0.0,0.0,0,0
Belgium,2006,0,0,0,0.0,0.0,0.0,0.0,0.0,0,0
Belgium,2007,0,0,0,0.0,0.0,0.0,0.0,0.0,0,0
Belgium,2008,0,0,0,0.0,0.0,0.0,0.0,0.0,0,0
Belgium,2009,0,0,0,0.0,0.0,0.0,0.0,0.0,0,0
Belgium,2010,0,0,0,0.0,0.0,0.0,0.0,0.0,0,0
Belgium,2011,0,0,0,0.0,0.0,0.0,0.0,0.0,0,0
Belgium,2012,0,0,0,0.0,0.0,0.0,0.0,0.0,0,0
Belgium,2013,0,0,0,0.0,0.0,0.0,0.0,0.0,0,0
Belgium,2014,0,0,0,0.0,0.0,0.0,0.0,0.0,0,0
Belgium,2015,0,0,0,0.0,0.0,0.0,0.0,0.0,0,1
Belgium,2016,34,3,1,0.0,0.0,0.0,0.0,3.0,1,0
Belgium,2017,0,0,0,1.0,34.0,0.3333333333333333,11.333333333333334,-3.0,0,0
Belgium,2018,4,2,0,0.0,0.0,0.3333333333333333,11.333333333333334,2.0,0,0
Belgium,2019,0,0,0,0.0,4.0,0.3333333333333333,12.666666666666666,-2.0,0,0
Belgium,2020,0,0,0,0.0,0.0,0.0,1.3333333333333333,0.0,0,0
Belgium,2021,0,0,0,0.0,0.0,0.0,1.3333333333333333,0.0,0,0
Belgium,2022,0,0,0,0.0,0.0,0.0,0.0,0.0,0,0
Belgium,2023,2,1,0,0.0,0.0,0.0,0.0,1.0,0,0
Benin,1989,0,0,0,0.0,0.0,0.0,0.0,0.0,0,0
Benin,1990,0,0,0,0.0,0.0,0.0,0.0,0.0,0,0
Benin,1991,0,0,0,0.0,0.0,0.0,0.0,0.0,0,0
Benin,1992,0,0,0,0.0,0.0,0.0,0.0,0.0,0,0
Benin,1993,0,0,0,0.0,0.0,0.0,0.0,0.0,0,0
Benin,1994,0,0,0,0.0,0.0,0.0,0.0,0.0,0,0
Benin,1995,0,0,0,0.0,0.0,0.0,0.0,0.0,0,0
Benin,1996,0,0,0,0.0,0.0,0.0,0.0,0.0,0,0
Benin,1997,0,0,0,0.0,0.0,0.0,0.0,0.0,0,0
Benin,1998,0,0,0,0.0,0.0,0.0,0.0,0.0,0,0
Benin,1999,0,0,0,0.0,0.0,0.0,0.0,0.0,0,0
Benin,2000,0,0,0,0.0,0.0,0.0,0.0,0.0,0,0
Benin,2001,0,0,0,0.0,0.0,0.0,0.0,0.0,0,0
Benin,2002,0,0,0,0.0,0.0,0.0,0.0,0.0,0,0
Benin,2003,0,0,0,0.0,0.0,0.0,0.0,0.0,0,0
Benin,2004,0,0,0,0.0,0.0,0.0,0.0,0.0,0,0
Benin,2005,0,0,0,0.0,0.0,0.0,0.0,0.0,0,0
Benin,2006,0,0,0,0.0,0.0,0.0,0.0,0.0,0,0
Benin,2007,0,0,0,0.0,0.0,0.0,0.0,0.0,0,0
Benin,2008,0,0,0,0.0,0.0,0.0,0.0,0.0,0,0
Benin,2009,0,0,0,0.0,0.0,0.0,0.0,0.0,0,0
Benin,2010,0,0,0,0.0,0.0,0.0,0.0,0.0,0,0
Benin,2011,0,0,0,0.0,0.0,0.0,0.0,0.0,0,0
Benin,2012,0,0,0,0.0,0.0,0.0,0.0,0.0,0,0
Benin,2013,0,0,0,0.0,0.0,0.0,0.0,0.0,0,0
Benin,2014,0,0,0,0.0,0.0,0.0,0.0,0.0,0,0
Benin,2015,0,0,0,0.0,0.0,0.0,0.0,0.0,0,0
Benin,2016,0,0,0,0.0,0.0,0.0,0.0,0.0,0,0
Benin,2017,0,0,0,0.0,0.0,0.0,0.0,0.0,0,0
Benin,2018,0,0,0,0.0,0.0,0.0,0.0,0.0,0,0
Benin,2019,1,1,0,0.0,0.0,0.0,0.0,1.0,0,0
Benin,2020,1,1,0,0.0,1.0,0.0,0.3333333333333333,0.0,0,0
Benin,2021,11,6,0,0.0,1.0,0.0,0.6666666666666666,5.0,0,1
Benin,2022,30,8,1,0.0,11.0,0.0,4.333333333333333,2.0,1,1
Benin,2023,46,20,1,1.0,30.0,0.3333333333333333,14.0,12.0,2,1
Bhutan,1989,0,0,0,0.0,0.0,0.0,0.0,0.0,0,0
Bhutan,1990,0,0,0,0.0,0.0,0.0,0.0,0.0,0,0
Bhutan,1991,0,0,0,0.0,0.0,0.0,0.0,0.0,0,0
Bhutan,1992,0,0,0,0.0,0.0,0.0,0.0,0.0,0,0
Bhutan,1993,0,0,0,0.0,0.0,0.0,0.0,0.0,0,0
Bhutan,1994,0,0,0,0.0,0.0,0.0,0.0,0.0,0,0
Bhutan,1995,0,0,0,0.0,0.0,0.0,0.0,0.0,0,0
Bhutan,1996,0,0,0,0.0,0.0,0.0,0.0,0.0,0,0
Bhutan,1997,4,1,0,0.0,0.0,0.0,0.0,1.0,0,0
Bhutan,1998,0,0,0,0.0,4.0,0.0,1.3333333333333333,-1.0,0,0
Bhutan,1999,0,0,0,0.0,0.0,0.0,1.3333333333333333,0.0,0,0
Bhutan,2000,0,0,0,0.0,0.0,0.0,1.3333333333333333,0.0,0,0
Bhutan,2001,0,0,0,0.0,0.0,0.0,0.0,0.0,0,0
Bhutan,2002,0,0,0,0.0,0.0,0.0,0.0,0.0,0,0
Bhutan,2003,0,0,0,0.0,0.0,0.0,0.0,0.0,0,0
Bhutan,2004,0,1,0,0.0,0.0,0.0,0.0,1.0,0,0
Bhutan,2005,0,0,0,0.0,0.0,0.0,0.0,-1.0,0,0
Bhutan,2006,0,0,0,0.0,0.0,0.0,0.0,0.0,0,0
Bhutan,2007,0,0,0,0.0,0.0,0.0,0.0,0.0,0,0
Bhutan,2008,0,0,0,0.0,0.0,0.0,0.0,0.0,0,0
Bhutan,2009,0,0,0,0.0,0.0,0.0,0.0,0.0,0,0
Bhutan,2010,0,0,0,0.0,0.0,0.0,0.0,0.0,0,0
Bhutan,2011,0,0,0,0.0,0.0,0.0,0.0,0.0,0,0
Bhutan,2012,0,0,0,0.0,0.0,0.0,0.0,0.0,0,0
Bhutan,2013,0,0,0,0.0,0.0,0.0,0.0,0.0,0,0
Bhutan,2014,0,0,0,0.0,0.0,0.0,0.0,0.0,0,0
Bhutan,2015,0,0,0,0.0,0.0,0.0,0.0,0.0,0,0
Bhutan,2016,0,0,0,0.0,0.0,0.0,0.0,0.0,0,0
Bhutan,2017,0,0,0,0.0,0.0,0.0,0.0,0.0,0,0
Bhutan,2018,0,0,0,0.0,0.0,0.0,0.0,0.0,0,0
Bhutan,2019,0,0,0,0.0,0.0,0.0,0.0,0.0,0,0
Bhutan,2020,0,0,0,0.0,0.0,0.0,0.0,0.0,0,0
Bhutan,2021,0,0,0,0.0,0.0,0.0,0.0,0.0,0,0
Bhutan,2022,0,0,0,0.0,0.0,0.0,0.0,0.0,0,0
Bhutan,2023,0,0,0,0.0,0.0,0.0,0.0,0.0,0,0
Bolivia,1989,0,0,0,0.0,0.0,0.0,0.0,0.0,0,0
Bolivia,1990,0,0,0,0.0,0.0,0.0,0.0,0.0,0,0
Bolivia,1991,0,0,0,0.0,0.0,0.0,0.0,0.0,0,0
Bolivia,1992,0,0,0,0.0,0.0,0.0,0.0,0.0,0,0
Bolivia,1993,0,0,0,0.0,0.0,0.0,0.0,0.0,0,0
Bolivia,1994,0,0,0,0.0,0.0,0.0,0.0,0.0,0,0
Bolivia,1995,0,0,0,0.0,0.0,0.0,0.0,0.0,0,0
Bolivia,1996,0,0,0,0.0,0.0,0.0,0.0,0.0,0,0
Bolivia,1997,0,0,0,0.0,0.0,0.0,0.0,0.0,0,0
Bolivia,1998,2,1,0,0.0,0.0,0.0,0.0,1.0,0,0
Bolivia,1999,0,0,0,0.0,2.0,0.0,0.6666666666666666,-1.0,0,1
Bolivia,2000,50,9,1,0.0,0.0,0.0,0.6666666666666666,9.0,1,0
Bolivia,2001,0,0,0,1.0,50.0,0.3333333333333333,17.333333333333332,-9.0,0,0
Bolivia,2002,0,0,0,0.0,0.0,0.3333333333333333,16.666666666666668,0.0,0,0
Bolivia,2003,0,0,0,0.0,0.0,0.3333333333333333,16.666666666666668,0.0,0,0
Bolivia,2004,0,0,0,0.0,0.0,0.0,0.0,0.0,0,0
Bolivia,2005,0,0,0,0.0,0.0,0.0,0.0,0.0,0,0
Bolivia,2006,0,0,0,0.0,0.0,0.0,0.0,0.0,0,0
Bolivia,2007,0,0,0,0.0,0.0,0.0,0.0,0.0,0,0
Bolivia,2008,0,0,0,0.0,0.0,0.0,0.0,0.0,0,0
Bolivia,2009,0,0,0,0.0,0.0,0.0,0.0,0.0,0,0
Bolivia,2010,0,0,0,0.0,0.0,0.0,0.0,0.0,0,0
Bolivia,2011,0,0,0,0.0,0.0,0.0,0.0,0.0,0,0
Bolivia,2012,0,0,0,0.0,0.0,0.0,0.0,0.0,0,0
Bolivia,2013,0,0,0,0.0,0.0,0.0,0.0,0.0,0,0
Bolivia,2014,0,0,0,0.0,0.0,0.0,0.0,0.0,0,0
Bolivia,2015,0,0,0,0.0,0.0,0.0,0.0,0.0,0,0
Bolivia,2016,0,0,0,0.0,0.0,0.0,0.0,0.0,0,0
Bolivia,2017,0,0,0,0.0,0.0,0.0,0.0,0.0,0,0
Bolivia,2018,0,0,0,0.0,0.0,0.0,0.0,0.0,0,0
Bolivia,2019,0,0,0,0.0,0.0,0.0,0.0,0.0,0,0
Bolivia,2020,0,0,0,0.0,0.0,0.0,0.0,0.0,0,0
Bolivia,2021,1,1,0,0.0,0.0,0.0,0.0,1.0,0,0
Bolivia,2022,0,0,0,0.0,1.0,0.0,0.3333333333333333,-1.0,0,0
Bolivia,2023,1,1,0,0.0,0.0,0.0,0.3333333333333333,1.0,0,0
Bosnia-Herzegovina,1989,0,0,0,0.0,0.0,0.0,0.0,0.0,0,0
Bosnia-Herzegovina,1990,0,0,0,0.0,0.0,0.0,0.0,0.0,0,0
Bosnia-Herzegovina,1991,0,0,0,0.0,0.0,0.0,0.0,0.0,0,1
Bosnia-Herzegovina,1992,25171,3769,1,0.0,0.0,0.0,0.0,3769.0,1,1
Bosnia-Herzegovina,1993,13787,2828,1,1.0,25171.0,0.3333333333333333,8390.333333333334,-941.0,2,1
Bosnia-Herzegovina,1994,7312,1862,1,1.0,13787.0,0.6666666666666666,12986.0,-966.0,3,1
Bosnia-Herzegovina,1995,17265,881,1,1.0,7312.0,1.0,15423.333333333334,-981.0,4,0
Bosnia-Herzegovina,1996,0,0,0,1.0,17265.0,1.0,12788.0,-881.0,0,0
Bosnia-Herzegovina,1997,0,0,0,0.0,0.0,0.6666666666666666,8192.333333333334,0.0,0,0
Bosnia-Herzegovina,1998,0,0,0,0.0,0.0,0.3333333333333333,5755.0,0.0,0,0
Bosnia-Herzegovina,1999,0,0,0,0.0,0.0,0.0,0.0,0.0,0,0
Bosnia-Herzegovina,2000,0,0,0,0.0,0.0,0.0,0.0,0.0,0,0
Bosnia-Herzegovina,2001,0,0,0,0.0,0.0,0.0,0.0,0.0,0,0
Bosnia-Herzegovina,2002,0,0,0,0.0,0.0,0.0,0.0,0.0,0,0
Bosnia-Herzegovina,2003,0,0,0,0.0,0.0,0.0,0.0,0.0,0,0
Bosnia-Herzegovina,2004,0,0,0,0.0,0.0,0.0,0.0,0.0,0,0
Bosnia-Herzegovina,2005,0,0,0,0.0,0.0,0.0,0.0,0.0,0,0
Bosnia-Herzegovina,2006,0,0,0,0.0,0.0,0.0,0.0,0.0,0,0
Bosnia-Herzegovina,2007,0,0,0,0.0,0.0,0.0,0.0,0.0,0,0
Bosnia-Herzegovina,2008,0,0,0,0.0,0.0,0.0,0.0,0.0,0,0
Bosnia-Herzegovina,2009,0,0,0,0.0,0.0,0.0,0.0,0.0,0,0
Bosnia-Herzegovina,2010,0,0,0,0.0,0.0,0.0,0.0,0.0,0,0
Bosnia-Herzegovina,2011,0,0,0,0.0,0.0,0.0,0.0,0.0,0,0
Bosnia-Herzegovina,2012,0,0,0,0.0,0.0,0.0,0.0,0.0,0,0
Bosnia-Herzegovina,2013,0,0,0,0.0,0.0,0.0,0.0,0.0,0,0
Bosnia-Herzegovina,2014,0,0,0,0.0,0.0,0.0,0.0,0.0,0,0
Bosnia-Herzegovina,2015,0,0,0,0.0,0.0,0.0,0.0,0.0,0,0
Bosnia-Herzegovina,2016,0,0,0,0.0,0.0,0.0,0.0,0.0,0,0
Bosnia-Herzegovina,2017,0,0,0,0.0,0.0,0.0,0.0,0.0,0,0
Bosnia-Herzegovina,2018,0,0,0,0.0,0.0,0.0,0.0,0.0,0,0
Bosnia-Herzegovina,2019,0,0,0,0.0,0.0,0.0,0.0,0.0,0,0
Bosnia-Herzegovina,2020,0,0,0,0.0,0.0,0.0,0.0,0.0,0,0
Bosnia-Herzegovina,2021,0,0,0,0.0,0.0,0.0,0.0,0.0,0,0
Bosnia-Herzegovina,2022,0,0,0,0.0,0.0,0.0,0.0,0.0,0,0
Bosnia-Herzegovina,2023,0,0,0,0.0,0.0,0.0,0.0,0.0,0,0
Botswana,1989,0,0,0,0.0,0.0,0.0,0.0,0.0,0,0
Botswana,1990,1,1,0,0.0,0.0,0.0,0.0,1.0,0,0
Botswana,1991,0,0,0,0.0,1.0,0.0,0.5,-1.0,0,0
Botswana,1992,0,0,0,0.0,0.0,0.0,0.3333333333333333,0.0,0,0
Botswana,1993,0,0,0,0.0,0.0,0.0,0.3333333333333333,0.0,0,0
Botswana,1994,0,0,0,0.0,0.0,0.0,0.0,0.0,0,0
Botswana,1995,0,0,0,0.0,0.0,0.0,0.0,0.0,0,0
Botswana,1996,0,0,0,0.0,0.0,0.0,0.0,0.0,0,0
Botswana,1997,0,0,0,0.0,0.0,0.0,0.0,0.0,0,0
Botswana,1998,0,0,0,0.0,0.0,0.0,0.0,0.0,0,0
Botswana,1999,0,0,0,0.0,0.0,0.0,0.0,0.0,0,0
Botswana,2000,0,0,0,0.0,0.0,0.0,0.0,0.0,0,0
Botswana,2001,0,0,0,0.0,0.0,0.0,0.0,0.0,0,0
Botswana,2002,0,0,0,0.0,0.0,0.0,0.0,0.0,0,0
Botswana,2003,0,0,0,0.0,0.0,0.0,0.0,0.0,0,0
Botswana,2004,0,0,0,0.0,0.0,0.0,0.0,0.0,0,0
Botswana,2005,0,0,0,0.0,0.0,0.0,0.0,0.0,0,0
Botswana,2006,0,0,0,0.0,0.0,0.0,0.0,0.0,0,0
Botswana,2007,0,0,0,0.0,0.0,0.0,0.0,0.0,0,0
Botswana,2008,0,0,0,0.0,0.0,0.0,0.0,0.0,0,0
Botswana,2009,0,0,0,0.0,0.0,0.0,0.0,0.0,0,0
Botswana,2010,0,0,0,0.0,0.0,0.0,0.0,0.0,0,0
Botswana,2011,0,0,0,0.0,0.0,0.0,0.0,0.0,0,0
Botswana,2012,0,0,0,0.0,0.0,0.0,0.0,0.0,0,0
Botswana,2013,0,0,0,0.0,0.0,0.0,0.0,0.0,0,0
Botswana,2014,0,0,0,0.0,0.0,0.0,0.0,0.0,0,0
Botswana,2015,0,0,0,0.0,0.0,0.0,0.0,0.0,0,0
Botswana,2016,0,0,0,0.0,0.0,0.0,0.0,0.0,0,0
Botswana,2017,0,0,0,0.0,0.0,0.0,0.0,0.0,0,0
Botswana,2018,0,0,0,0.0,0.0,0.0,0.0,0.0,0,0
Botswana,2019,0,0,0,0.0,0.0,0.0,0.0,0.0,0,0
Botswana,2020,0,0,0,0.0,0.0,0.0,0.0,0.0,0,0
Botswana,2021,0,0,0,0.0,0.0,0.0,0.0,0.0,0,0
Botswana,2022,0,0,0,0.0,0.0,0.0,0.0,0.0,0,0
Botswana,2023,0,0,0,0.0,0.0,0.0,0.0,0.0,0,0
Brazil,1989,0,0,0,0.0,0.0,0.0,0.0,0.0,0,0
Brazil,1990,0,0,0,0.0,0.0,0.0,0.0,0.0,0,0
Brazil,1991,0,0,0,0.0,0.0,0.0,0.0,0.0,0,0
Brazil,1992,0,0,0,0.0,0.0,0.0,0.0,0.0,0,1
Brazil,1993,43,5,1,0.0,0.0,0.0,0.0,5.0,1,1
Brazil,1994,32,7,1,1.0,43.0,0.3333333333333333,14.333333333333334,2.0,2,1
Brazil,1995,51,8,1,1.0,32.0,0.6666666666666666,25.0,1.0,3,0
Brazil,1996,20,3,0,1.0,51.0,1.0,42.0,-5.0,0,1
Brazil,1997,41,14,1,0.0,20.0,0.6666666666666666,34.333333333333336,11.0,1,0
Brazil,1998,16,6,0,1.0,41.0,0.6666666666666666,37.333333333333336,-8.0,0,1
Brazil,1999,86,31,1,0.0,16.0,0.3333333333333333,25.666666666666668,25.0,1,1
Brazil,2000,64,27,1,1.0,86.0,0.6666666666666666,47.666666666666664,-4.0,2,1
Brazil,2001,81,14,1,1.0,64.0,0.6666666666666666,55.333333333333336,-13.0,3,1
Brazil,2002,65,21,1,1.0,81.0,1.0,77.0,7.0,4,1
Brazil,2003,51,12,1,1.0,65.0,1.0,70.0,-9.0,5,1
Brazil,2004,86,12,1,1.0,51.0,1.0,65.66666666666667,0.0,6,1
Brazil,2005,60,18,1,1.0,86.0,1.0,67.33333333333333,6.0,7,0
Brazil,2006,23,4,0,1.0,60.0,1.0,65.66666666666667,-14.0,0,1
Brazil,2007,40,9,1,0.0,23.0,0.6666666666666666,56.333333333333336,5.0,1,0
Brazil,2008,20,5,0,1.0,40.0,0.6666666666666666,41.0,-4.0,0,1
Brazil,2009,40,3,1,0.0,20.0,0.3333333333333333,27.666666666666668,-2.0,1,0
Brazil,2010,4,2,0,1.0,40.0,0.6666666666666666,33.333333333333336,-1.0,0,1
Brazil,2011,34,4,1,0.0,4.0,0.3333333333333333,21.333333333333332,2.0,1,1
Brazil,2012,275,7,1,1.0,34.0,0.6666666666666666,26.0,3.0,2,1
Brazil,2013,28,10,1,1.0,275.0,0.6666666666666666,104.33333333333333,3.0,3,0
Brazil,2014,4,4,0,1.0,28.0,1.0,112.33333333333333,-6.0,0,1
Brazil,2015,83,17,1,0.0,4.0,0.6666666666666666,102.33333333333333,13.0,1,1
Brazil,2016,156,58,1,1.0,83.0,0.6666666666666666,38.333333333333336,41.0,2,1
Brazil,2017,3062,316,1,1.0,156.0,0.6666666666666666,81.0,258.0,3,1
Brazil,2018,2662,357,1,1.0,3062.0,1.0,1100.3333333333333,41.0,4,1
Brazil,2019,1731,636,1,1.0,2662.0,1.0,1960.0,279.0,5,1
Brazil,2020,2670,744,1,1.0,1731.0,1.0,2485.0,108.0,6,1
Brazil,2021,2661,843,1,1.0,2670.0,1.0,2354.3333333333335,99.0,7,1
Brazil,2022,1703,1514,1,1.0,2661.0,1.0,2354.0,671.0,8,1
Brazil,2023,2481,2159,1,1.0,1703.0,1.0,2344.6666666666665,645.0,9,1
Burkina Faso,1989,0,0,0,0.0,0.0,0.0,0.0,0.0,0,0
Burkina Faso,1990,0,0,0,0.0,0.0,0.0,0.0,0.0,0,0
Burkina Faso,1991,0,0,0,0.0,0.0,0.0,0.0,0.0,0,0
Burkina Faso,1992,0,0,0,0.0,0.0,0.0,0.0,0.0,0,0
Burkina Faso,1993,0,0,0,0.0,0.0,0.0,0.0,0.0,0,0
Burkina Faso,1994,0,0,0,0.0,0.0,0.0,0.0,0.0,0,0
Burkina Faso,1995,0,0,0,0.0,0.0,0.0,0.0,0.0,0,0
Burkina Faso,1996,0,0,0,0.0,0.0,0.0,0.0,0.0,0,0
Burkina Faso,1997,0,0,0,0.0,0.0,0.0,0.0,0.0,0,0
Burkina Faso,1998,0,0,0,0.0,0.0,0.0,0.0,0.0,0,0
Burkina Faso,1999,0,0,0,0.0,0.0,0.0,0.0,0.0,0,0
Burkina Faso,2000,0,0,0,0.0,0.0,0.0,0.0,0.0,0,0
Burkina Faso,2001,0,0,0,0.0,0.0,0.0,0.0,0.0,0,0
Burkina Faso,2002,0,0,0,0.0,0.0,0.0,0.0,0.0,0,0
Burkina Faso,2003,0,0,0,0.0,0.0,0.0,0.0,0.0,0,0
Burkina Faso,2004,0,0,0,0.0,0.0,0.0,0.0,0.0,0,0
Burkina Faso,2005,0,0,0,0.0,0.0,0.0,0.0,0.0,0,0
Burkina Faso,2006,0,0,0,0.0,0.0,0.0,0.0,0.0,0,0
Burkina Faso,2007,0,0,0,0.0,0.0,0.0,0.0,0.0,0,0
Burkina Faso,2008,0,0,0,0.0,0.0,0.0,0.0,0.0,0,0
Burkina Faso,2009,0,0,0,0.0,0.0,0.0,0.0,0.0,0,0
Burkina Faso,2010,0,0,0,0.0,0.0,0.0,0.0,0.0,0,0
Burkina Faso,2011,0,0,0,0.0,0.0,0.0,0.0,0.0,0,0
Burkina Faso,2012,0,0,0,0.0,0.0,0.0,0.0,0.0,0,0
Burkina Faso,2013,0,0,0,0.0,0.0,0.0,0.0,0.0,0,0
Burkina Faso,2014,0,0,0,0.0,0.0,0.0,0.0,0.0,0,0
Burkina Faso,2015,0,0,0,0.0,0.0,0.0,0.0,0.0,0,1
Burkina Faso,2016,26,2,1,0.0,0.0,0.0,0.0,2.0,1,1
Burkina Faso,2017,54,27,1,1.0,26.0,0.3333333333333333,8.666666666666666,25.0,2,1
Burkina Faso,2018,195,65,1,1.0,54.0,0.6666666666666666,26.666666666666668,38.0,3,1
Burkina Faso,2019,1246,222,1,1.0,195.0,1.0,91.66666666666667,157.0,4,1
Burkina Faso,2020,1167,166,1,1.0,1246.0,1.0,498.3333333333333,-56.0,5,1
Burkina Faso,2021,1458,191,1,1.0,1167.0,1.0,869.3333333333334,25.0,6,1
Burkina Faso,2022,2704,237,1,1.0,1458.0,1.0,1290.3333333333333,46.0,7,1
Burkina Faso,2023,6122,599,1,1.0,2704.0,1.0,1776.3333333333333,362.0,8,1
Burundi,1989,0,0,0,0.0,0.0,0.0,0.0,0.0,0,0
Burundi,1990,7,1,0,0.0,0.0,0.0,0.0,1.0,0,1
Burundi,1991,342,21,1,0.0,7.0,0.0,3.5,20.0,1,1
Burundi,1992,61,3,1,1.0,342.0,0.3333333333333333,116.33333333333333,-18.0,2,1
Burundi,1993,10218,454,1,1.0,61.0,0.6666666666666666,136.66666666666666,451.0,3,1
Burundi,1994,897,46,1,1.0,10218.0,1.0,3540.3333333333335,-408.0,4,1
Burundi,1995,2828,126,1,1.0,897.0,1.0,3725.3333333333335,80.0,5,1
Burundi,1996,18184,188,1,1.0,2828.0,1.0,4647.666666666667,62.0,6,1
Burundi,1997,4395,200,1,1.0,18184.0,1.0,7303.0,12.0,7,1
Burundi,1998,1797,122,1,1.0,4395.0,1.0,8469.0,-78.0,8,1
Burundi,1999,1852,200,1,1.0,1797.0,1.0,8125.333333333333,78.0,9,1
Burundi,2000,2442,250,1,1.0,1852.0,1.0,2681.3333333333335,50.0,10,1
Burundi,2001,1634,188,1,1.0,2442.0,1.0,2030.3333333333333,-62.0,11,1
Burundi,2002,1990,239,1,1.0,1634.0,1.0,1976.0,51.0,12,1
Burundi,2003,1283,208,1,1.0,1990.0,1.0,2022.0,-31.0,13,1
Burundi,2004,734,89,1,1.0,1283.0,1.0,1635.6666666666667,-119.0,14,1
Burundi,2005,485,120,1,1.0,734.0,1.0,1335.6666666666667,31.0,15,1
Burundi,2006,251,55,1,1.0,485.0,1.0,834.0,-65.0,16,1
Burundi,2007,79,25,1,1.0,251.0,1.0,490.0,-30.0,17,1
Burundi,2008,257,48,1,1.0,79.0,1.0,271.6666666666667,23.0,18,0
Burundi,2009,0,3,0,1.0,257.0,1.0,195.66666666666666,-45.0,0,0
Burundi,2010,0,0,0,0.0,0.0,0.6666666666666666,112.0,-3.0,0,0
Burundi,2011,4,6,0,0.0,0.0,0.3333333333333333,85.66666666666667,6.0,0,0
Burundi,2012,14,7,0,0.0,4.0,0.0,1.3333333333333333,1.0,0,0
Burundi,2013,16,7,0,0.0,14.0,0.0,6.0,0.0,0,1
Burundi,2014,61,9,1,0.0,16.0,0.0,11.333333333333334,2.0,1,1
Burundi,2015,265,42,1,1.0,61.0,0.3333333333333333,30.333333333333332,33.0,2,1
Burundi,2016,93,75,1,1.0,265.0,0.6666666666666666,114.0,33.0,3,1
Burundi,2017,43,43,1,1.0,93.0,1.0,139.66666666666666,-32.0,4,1
Burundi,2018,116,60,1,1.0,43.0,1.0,133.66666666666666,17.0,5,1
Burundi,2019,75,51,1,1.0,116.0,1.0,84.0,-9.0,6,1
Burundi,2020,145,78,1,1.0,75.0,1.0,78.0,27.0,7,1
Burundi,2021,81,50,1,1.0,145.0,1.0,112.0,-28.0,8,1
Burundi,2022,48,42,1,1.0,81.0,1.0,100.33333333333333,-8.0,9,1
Burundi,2023,125,39,1,1.0,48.0,1.0,91.33333333333333,-3.0,10,1
Cambodia (Kampuchea),1989,814,43,1,0.0,0.0,0.0,0.0,0.0,1,1
Cambodia (Kampuchea),1990,377,25,1,1.0,814.0,1.0,814.0,-18.0,2,1
Cambodia (Kampuchea),1991,322,18,1,1.0,377.0,1.0,595.5,-7.0,3,1
Cambodia (Kampuchea),1992,193,17,1,1.0,322.0,1.0,504.3333333333333,-1.0,4,1
Cambodia (Kampuchea),1993,484,82,1,1.0,193.0,1.0,297.3333333333333,65.0,5,1
Cambodia (Kampuchea),1994,572,73,1,1.0,484.0,1.0,333.0,-9.0,6,1
Cambodia (Kampuchea),1995,723,100,1,1.0,572.0,1.0,416.3333333333333,27.0,7,1
Cambodia (Kampuchea),1996,846,89,1,1.0,723.0,1.0,593.0,-11.0,8,1
Cambodia (Kampuchea),1997,444,50,1,1.0,846.0,1.0,713.6666666666666,-39.0,9,1
Cambodia (Kampuchea),1998,274,35,1,1.0,444.0,1.0,671.0,-15.0,10,0
Cambodia (Kampuchea),1999,0,1,0,1.0,274.0,1.0,521.3333333333334,-34.0,0,0
Cambodia (Kampuchea),2000,4,4,0,0.0,0.0,0.6666666666666666,239.33333333333334,3.0,0,0
Cambodia (Kampuchea),2001,0,0,0,0.0,4.0,0.3333333333333333,92.66666666666667,-4.0,0,0
Cambodia (Kampuchea),2002,0,0,0,0.0,0.0,0.0,1.3333333333333333,0.0,0,0
Cambodia (Kampuchea),2003,1,1,0,0.0,0.0,0.0,1.3333333333333333,1.0,0,0
Cambodia (Kampuchea),2004,0,0,0,0.0,1.0,0.0,0.3333333333333333,-1.0,0,0
Cambodia (Kampuchea),2005,0,0,0,0.0,0.0,0.0,0.3333333333333333,0.0,0,0
Cambodia (Kampuchea),2006,0,0,0,0.0,0.0,0.0,0.3333333333333333,0.0,0,0
Cambodia (Kampuchea),2007,2,1,0,0.0,0.0,0.0,0.0,1.0,0,0
Cambodia (Kampuchea),2008,2,1,0,0.0,2.0,0.0,0.6666666666666666,0.0,0,0
Cambodia (Kampuchea),2009,2,1,0,0.0,2.0,0.0,1.3333333333333333,0.0,0,0
Cambodia (Kampuchea),2010,0,0,0,0.0,2.0,0.0,2.0,-1.0,0,0
Cambodia (Kampuchea),2011,10,3,0,0.0,0.0,0.0,1.3333333333333333,3.0,0,0
Cambodia (Kampuchea),2012,1,2,0,0.0,10.0,0.0,4.0,-1.0,0,0
Cambodia (Kampuchea),2013,0,0,0,0.0,1.0,0.0,3.6666666666666665,-2.0,0,0
Cambodia (Kampuchea),2014,0,0,0,0.0,0.0,0.0,3.6666666666666665,0.0,0,0
Cambodia (Kampuchea),2015,0,0,0,0.0,0.0,0.0,0.3333333333333333,0.0,0,0
Cambodia (Kampuchea),2016,0,0,0,0.0,0.0,0.0,0.0,0.0,0,0
Cambodia (Kampuchea),2017,0,0,0,0.0,0.0,0.0,0.0,0.0,0,0
Cambodia (Kampuchea),2018,0,0,0,0.0,0.0,0.0,0.0,0.0,0,0
Cambodia (Kampuchea),2019,0,0,0,0.0,0.0,0.0,0.0,0.0,0,0
Cambodia (Kampuchea),2020,0,0,0,0.0,0.0,0.0,0.0,0.0,0,0
Cambodia (Kampuchea),2021,0,0,0,0.0,0.0,0.0,0.0,0.0,0,0
Cambodia (Kampuchea),2022,0,0,0,0.0,0.0,0.0,0.0,0.0,0,0
Cambodia (Kampuchea),2023,0,0,0,0.0,0.0,0.0,0.0,0.0,0,0
Cameroon,1989,0,0,0,0.0,0.0,0.0,0.0,0.0,0,0
Cameroon,1990,6,1,0,0.0,0.0,0.0,0.0,1.0,0,1
Cameroon,1991,50,1,1,0.0,6.0,0.0,3.0,0.0,1,1
Cameroon,1992,25,3,1,1.0,50.0,0.3333333333333333,18.666666666666668,2.0,2,1
Cameroon,1993,47,5,1,1.0,25.0,0.6666666666666666,27.0,2.0,3,1
Cameroon,1994,102,7,1,1.0,47.0,1.0,40.666666666666664,2.0,4,0
Cameroon,1995,0,0,0,1.0,102.0,1.0,58.0,-7.0,0,1
Cameroon,1996,56,3,1,0.0,0.0,0.6666666666666666,49.666666666666664,3.0,1,0
Cameroon,1997,0,0,0,1.0,56.0,0.6666666666666666,52.666666666666664,-3.0,0,1
Cameroon,1998,52,4,1,0.0,0.0,0.3333333333333333,18.666666666666668,4.0,1,0
Cameroon,1999,0,0,0,1.0,52.0,0.6666666666666666,36.0,-4.0,0,0
Cameroon,2000,2,4,0,0.0,0.0,0.3333333333333333,17.333333333333332,4.0,0,0
Cameroon,2001,0,2,0,0.0,2.0,0.3333333333333333,18.0,-2.0,0,0
Cameroon,2002,0,0,0,0.0,0.0,0.0,0.6666666666666666,-2.0,0,0
Cameroon,2003,0,0,0,0.0,0.0,0.0,0.6666666666666666,0.0,0,0
Cameroon,2004,0,1,0,0.0,0.0,0.0,0.0,1.0,0,0
Cameroon,2005,0,3,0,0.0,0.0,0.0,0.0,2.0,0,0
Cameroon,2006,0,0,0,0.0,0.0,0.0,0.0,-3.0,0,0
Cameroon,2007,0,0,0,0.0,0.0,0.0,0.0,0.0,0,0
Cameroon,2008,0,1,0,0.0,0.0,0.0,0.0,1.0,0,0
Cameroon,2009,0,1,0,0.0,0.0,0.0,0.0,0.0,0,0
Cameroon,2010,0,0,0,0.0,0.0,0.0,0.0,-1.0,0,0
Cameroon,2011,0,0,0,0.0,0.0,0.0,0.0,0.0,0,0
Cameroon,2012,0,0,0,0.0,0.0,0.0,0.0,0.0,0,0
Cameroon,2013,1,1,0,0.0,0.0,0.0,0.0,1.0,0,1
Cameroon,2014,1047,51,1,0.0,1.0,0.0,0.3333333333333333,50.0,1,1
Cameroon,2015,1263,62,1,1.0,1047.0,0.3333333333333333,349.3333333333333,11.0,2,1
Cameroon,2016,491,97,1,1.0,1263.0,0.6666666666666666,770.3333333333334,35.0,3,1
Cameroon,2017,410,138,1,1.0,491.0,1.0,933.6666666666666,41.0,4,1
Cameroon,2018,1013,253,1,1.0,410.0,1.0,721.3333333333334,115.0,5,1
Cameroon,2019,868,248,1,1.0,1013.0,1.0,638.0,-5.0,6,1
Cameroon,2020,792,261,1,1.0,868.0,1.0,763.6666666666666,13.0,7,1
Cameroon,2021,827,278,1,1.0,792.0,1.0,891.0,17.0,8,1
Cameroon,2022,667,225,1,1.0,827.0,1.0,829.0,-53.0,9,1
Cameroon,2023,638,294,1,1.0,667.0,1.0,762.0,69.0,10,1
Canada,1989,0,0,0,0.0,0.0,0.0,0.0,0.0,0,0
Canada,1990,0,0,0,0.0,0.0,0.0,0.0,0.0,0,0
Canada,1991,0,0,0,0.0,0.0,0.0,0.0,0.0,0,0
Canada,1992,0,0,0,0.0,0.0,0.0,0.0,0.0,0,0
Canada,1993,0,0,0,0.0,0.0,0.0,0.0,0.0,0,0
Canada,1994,3,3,0,0.0,0.0,0.0,0.0,3.0,0,0
Canada,1995,24,9,0,0.0,3.0,0.0,1.0,6.0,0,0
Canada,1996,2,1,0,0.0,24.0,0.0,9.0,-8.0,0,0
Canada,1997,2,1,0,0.0,2.0,0.0,9.666666666666666,0.0,0,1
Canada,1998,27,9,1,0.0,2.0,0.0,9.333333333333334,8.0,1,0
Canada,1999,11,3,0,1.0,27.0,0.3333333333333333,10.333333333333334,-6.0,0,0
Canada,2000,23,8,0,0.0,11.0,0.3333333333333333,13.333333333333334,5.0,0,0
Canada,2001,1,1,0,0.0,23.0,0.3333333333333333,20.333333333333332,-7.0,0,0
Canada,2002,0,0,0,0.0,1.0,0.0,11.666666666666666,-1.0,0,0
Canada,2003,0,0,0,0.0,0.0,0.0,8.0,0.0,0,0
Canada,2004,0,0,0,0.0,0.0,0.0,0.3333333333333333,0.0,0,0
Canada,2005,0,0,0,0.0,0.0,0.0,0.0,0.0,0,0
Canada,2006,0,0,0,0.0,0.0,0.0,0.0,0.0,0,0
Canada,2007,0,0,0,0.0,0.0,0.0,0.0,0.0,0,0
Canada,2008,0,0,0,0.0,0.0,0.0,0.0,0.0,0,0
Canada,2009,0,0,0,0.0,0.0,0.0,0.0,0.0,0,0
Canada,2010,0,0,0,0.0,0.0,0.0,0.0,0.0,0,0
Canada,2011,0,0,0,0.0,0.0,0.0,0.0,0.0,0,0
Canada,2012,0,0,0,0.0,0.0,0.0,0.0,0.0,0,0
Canada,2013,0,0,0,0.0,0.0,0.0,0.0,0.0,0,0
Canada,2014,0,0,0,0.0,0.0,0.0,0.0,0.0,0,0
Canada,2015,0,0,0,0.0,0.0,0.0,0.0,0.0,0,0
Canada,2016,0,0,0,0.0,0.0,0.0,0.0,0.0,0,0
Canada,2017,0,0,0,0.0,0.0,0.0,0.0,0.0,0,0
Canada,2018,0,0,0,0.0,0.0,0.0,0.0,0.0,0,0
Canada,2019,0,0,0,0.0,0.0,0.0,0.0,0.0,0,0
Canada,2020,0,0,0,0.0,0.0,0.0,0.0,0.0,0,0
Canada,2021,0,0,0,0.0,0.0,0.0,0.0,0.0,0,0
Canada,2022,0,0,0,0.0,0.0,0.0,0.0,0.0,0,0
Canada,2023,0,0,0,0.0,0.0,0.0,0.0,0.0,0,0
Central African Republic,1989,0,0,0,0.0,0.0,0.0,0.0,0.0,0,0
Central African Republic,1990,0,0,0,0.0,0.0,0.0,0.0,0.0,0,0
Central African Republic,1991,0,1,0,0.0,0.0,0.0,0.0,1.0,0,0
Central African Republic,1992,3,1,0,0.0,0.0,0.0,0.0,0.0,0,0
Central African Republic,1993,4,3,0,0.0,3.0,0.0,1.0,2.0,0,0
Central African Republic,1994,0,0,0,0.0,4.0,0.0,2.3333333333333335,-3.0,0,0
Central African Republic,1995,0,0,0,0.0,0.0,0.0,2.3333333333333335,0.0,0,0
Central African Republic,1996,0,0,0,0.0,0.0,0.0,1.3333333333333333,0.0,0,0
Central African Republic,1997,0,0,0,0.0,0.0,0.0,0.0,0.0,0,0
Central African Republic,1998,0,0,0,0.0,0.0,0.0,0.0,0.0,0,0
Central African Republic,1999,5,1,0,0.0,0.0,0.0,0.0,1.0,0,0
Central African Republic,2000,6,1,0,0.0,5.0,0.0,1.6666666666666667,0.0,0,1
Central African Republic,2001,216,21,1,0.0,6.0,0.0,3.6666666666666665,20.0,1,1
Central African Republic,2002,152,14,1,1.0,216.0,0.3333333333333333,75.66666666666667,-7.0,2,0
Central African Republic,2003,19,5,0,1.0,152.0,0.6666666666666666,124.66666666666667,-9.0,0,0
Central African Republic,2004,23,3,0,0.0,19.0,0.6666666666666666,129.0,-2.0,0,0
Central African Republic,2005,8,6,0,0.0,23.0,0.3333333333333333,64.66666666666667,3.0,0,1
Central African Republic,2006,190,42,1,0.0,8.0,0.0,16.666666666666668,36.0,1,1
Central African Republic,2007,143,23,1,1.0,190.0,0.3333333333333333,73.66666666666667,-19.0,2,0
Central African Republic,2008,8,5,0,1.0,143.0,0.6666666666666666,113.66666666666667,-18.0,0,1
Central African Republic,2009,244,61,1,0.0,8.0,0.6666666666666666,113.66666666666667,56.0,1,1
Central African Republic,2010,148,43,1,1.0,244.0,0.6666666666666666,131.66666666666666,-18.0,2,1
Central African Republic,2011,195,23,1,1.0,148.0,0.6666666666666666,133.33333333333334,-20.0,3,1
Central African Republic,2012,132,31,1,1.0,195.0,1.0,195.66666666666666,8.0,4,1
Central African Republic,2013,3396,186,1,1.0,132.0,1.0,158.33333333333334,155.0,5,1
Central African Republic,2014,3493,461,1,1.0,3396.0,1.0,1241.0,275.0,6,1
Central African Republic,2015,745,150,1,1.0,3493.0,1.0,2340.3333333333335,-311.0,7,1
Central African Republic,2016,688,70,1,1.0,745.0,1.0,2544.6666666666665,-80.0,8,1
Central African Republic,2017,1865,222,1,1.0,688.0,1.0,1642.0,152.0,9,1
Central African Republic,2018,640,88,1,1.0,1865.0,1.0,1099.3333333333333,-134.0,10,1
Central African Republic,2019,501,64,1,1.0,640.0,1.0,1064.3333333333333,-24.0,11,1
Central African Republic,2020,299,56,1,1.0,501.0,1.0,1002.0,-8.0,12,1
Central African Republic,2021,1080,167,1,1.0,299.0,1.0,480.0,111.0,13,1
Central African Republic,2022,773,105,1,1.0,1080.0,1.0,626.6666666666666,-62.0,14,1
Central African Republic,2023,423,86,1,1.0,773.0,1.0,717.3333333333334,-19.0,15,1
Chad,1989,50,3,1,0.0,0.0,0.0,0.0,0.0,1,1
Chad,1990,686,19,1,1.0,50.0,1.0,50.0,16.0,2,1
Chad,1991,95,6,1,1.0,686.0,1.0,368.0,-13.0,3,1
Chad,1992,1190,31,1,1.0,95.0,1.0,277.0,25.0,4,1
Chad,1993,313,15,1,1.0,1190.0,1.0,657.0,-16.0,5,1
Chad,1994,521,17,1,1.0,313.0,1.0,532.6666666666666,2.0,6,1
Chad,1995,53,17,1,1.0,521.0,1.0,674.6666666666666,0.0,7,0
Chad,1996,4,3,0,1.0,53.0,1.0,295.6666666666667,-14.0,0,1
Chad,1997,134,8,1,0.0,4.0,0.6666666666666666,192.66666666666666,5.0,1,1
Chad,1998,198,9,1,1.0,134.0,0.6666666666666666,63.666666666666664,1.0,2,1
Chad,1999,394,12,1,1.0,198.0,0.6666666666666666,112.0,3.0,3,1
Chad,2000,1070,14,1,1.0,394.0,1.0,242.0,2.0,4,1
Chad,2001,230,6,1,1.0,1070.0,1.0,554.0,-8.0,5,1
Chad,2002,297,9,1,1.0,230.0,1.0,564.6666666666666,3.0,6,1
Chad,2003,37,4,1,1.0,297.0,1.0,532.3333333333334,-5.0,7,1
Chad,2004,80,10,1,1.0,37.0,1.0,188.0,6.0,8,1
Chad,2005,267,8,1,1.0,80.0,1.0,138.0,-2.0,9,1
Chad,2006,1956,62,1,1.0,267.0,1.0,128.0,54.0,10,1
Chad,2007,431,19,1,1.0,1956.0,1.0,767.6666666666666,-43.0,11,1
Chad,2008,994,15,1,1.0,431.0,1.0,884.6666666666666,-4.0,12,1
Chad,2009,135,12,1,1.0,994.0,1.0,1127.0,-3.0,13,0
Chad,2010,4,1,0,1.0,135.0,1.0,520.0,-11.0,0,0
Chad,2011,0,0,0,0.0,4.0,0.6666666666666666,377.6666666666667,-1.0,0,0
Chad,2012,0,0,0,0.0,0.0,0.3333333333333333,46.333333333333336,0.0,0,0
Chad,2013,0,0,0,0.0,0.0,0.0,1.3333333333333333,0.0,0,0
Chad,2014,16,3,0,0.0,0.0,0.0,0.0,3.0,0,1
Chad,2015,397,29,1,0.0,16.0,0.0,5.333333333333333,26.0,1,1
Chad,2016,26,7,1,1.0,397.0,0.3333333333333333,137.66666666666666,-22.0,2,1
Chad,2017,91,6,1,1.0,26.0,0.6666666666666666,146.33333333333334,-1.0,3,1
Chad,2018,168,12,1,1.0,91.0,1.0,171.33333333333334,6.0,4,1
Chad,2019,253,23,1,1.0,168.0,1.0,95.0,11.0,5,1
Chad,2020,249,26,1,1.0,253.0,1.0,170.66666666666666,3.0,6,1
Chad,2021,667,13,1,1.0,249.0,1.0,223.33333333333334,-13.0,7,1
Chad,2022,114,12,1,1.0,667.0,1.0,389.6666666666667,-1.0,8,1
Chad,2023,112,11,1,1.0,114.0,1.0,343.3333333333333,-1.0,9,1
China,1989,2600,3,1,0.0,0.0,0.0,0.0,0.0,1,0
China,1990,22,3,0,1.0,2600.0,1.0,2600.0,0.0,0,0
China,1991,0,0,0,0.0,22.0,0.5,1311.0,-3.0,0,0
China,1992,0,0,0,0.0,0.0,0.3333333333333333,874.0,0.0,0,0
China,1993,0,0,0,0.0,0.0,0.0,7.333333333333333,0.0,0,0
China,1994,0,0,0,0.0,0.0,0.0,0.0,0.0,0,0
China,1995,0,0,0,0.0,0.0,0.0,0.0,0.0,0,0
China,1996,0,0,0,0.0,0.0,0.0,0.0,0.0,0,0
China,1997,4,2,0,0.0,0.0,0.0,0.0,2.0,0,0
China,1998,0,0,0,0.0,4.0,0.0,1.3333333333333333,-2.0,0,0
China,1999,0,3,0,0.0,0.0,0.0,1.3333333333333333,3.0,0,0
China,2000,0,0,0,0.0,0.0,0.0,1.3333333333333333,-3.0,0,0
China,2001,0,0,0,0.0,0.0,0.0,0.0,0.0,0,0
China,2002,0,0,0,0.0,0.0,0.0,0.0,0.0,0,0
China,2003,0,0,0,0.0,0.0,0.0,0.0,0.0,0,0
China,2004,0,0,0,0.0,0.0,0.0,0.0,0.0,0,0
China,2005,12,2,0,0.0,0.0,0.0,0.0,2.0,0,0
China,2006,0,0,0,0.0,12.0,0.0,4.0,-2.0,0,0
China,2007,0,1,0,0.0,0.0,0.0,4.0,1.0,0,1
China,2008,87,16,1,0.0,0.0,0.0,4.0,15.0,1,1
China,2009,189,5,1,1.0,87.0,0.3333333333333333,29.0,-11.0,2,0
China,2010,0,0,0,1.0,189.0,0.6666666666666666,92.0,-5.0,0,0
China,2011,0,0,0,0.0,0.0,0.6666666666666666,92.0,0.0,0,0
China,2012,0,0,0,0.0,0.0,0.3333333333333333,63.0,0.0,0,0
China,2013,0,0,0,0.0,0.0,0.0,0.0,0.0,0,0
China,2014,0,0,0,0.0,0.0,0.0,0.0,0.0,0,0
China,2015,5,1,0,0.0,0.0,0.0,0.0,1.0,0,0
China,2016,0,0,0,0.0,5.0,0.0,1.6666666666666667,-1.0,0,0
China,2017,6,2,0,0.0,0.0,0.0,1.6666666666666667,2.0,0,0
China,2018,0,0,0,0.0,6.0,0.0,3.6666666666666665,-2.0,0,0
China,2019,0,0,0,0.0,0.0,0.0,2.0,0.0,0,0
China,2020,0,0,0,0.0,0.0,0.0,2.0,0.0,0,0
China,2021,0,0,0,0.0,0.0,0.0,0.0,0.0,0,0
China,2022,0,0,0,0.0,0.0,0.0,0.0,0.0,0,0
China,2023,1,1,0,0.0,0.0,0.0,0.0,1.0,0,0
Colombia,1989,384,53,1,0.0,0.0,0.0,0.0,0.0,1,1
Colombia,1990,712,100,1,1.0,384.0,1.0,384.0,47.0,2,1
Colombia,1991,872,128,1,1.0,712.0,1.0,548.0,28.0,3,1
Colombia,1992,1500,103,1,1.0,872.0,1.0,656.0,-25.0,4,1
Colombia,1993,302,47,1,1.0,1500.0,1.0,1028.0,-56.0,5,1
Colombia,1994,1211,70,1,1.0,302.0,1.0,891.3333333333334,23.0,6,1
Colombia,1995,943,77,1,1.0,1211.0,1.0,1004.3333333333334,7.0,7,1
Colombia,1996,1401,150,1,1.0,943.0,1.0,818.6666666666666,73.0,8,1
Colombia,1997,891,181,1,1.0,1401.0,1.0,1185.0,31.0,9,1
Colombia,1998,1646,145,1,1.0,891.0,1.0,1078.3333333333333,-36.0,10,1
Colombia,1999,2638,394,1,1.0,1646.0,1.0,1312.6666666666667,249.0,11,1
Colombia,2000,4388,1334,1,1.0,2638.0,1.0,1725.0,940.0,12,1
Colombia,2001,4611,1365,1,1.0,4388.0,1.0,2890.6666666666665,31.0,13,1
Colombia,2002,6012,1908,1,1.0,4611.0,1.0,3879.0,543.0,14,1
Colombia,2003,4678,2264,1,1.0,6012.0,1.0,5003.666666666667,356.0,15,1
Colombia,2004,3380,1745,1,1.0,4678.0,1.0,5100.333333333333,-519.0,16,1
Colombia,2005,2888,1291,1,1.0,3380.0,1.0,4690.0,-454.0,17,1
Colombia,2006,945,364,1,1.0,2888.0,1.0,3648.6666666666665,-927.0,18,1
Colombia,2007,683,319,1,1.0,945.0,1.0,2404.3333333333335,-45.0,19,1
Colombia,2008,643,336,1,1.0,683.0,1.0,1505.3333333333333,17.0,20,1
Colombia,2009,501,137,1,1.0,643.0,1.0,757.0,-199.0,21,1
Colombia,2010,442,88,1,1.0,501.0,1.0,609.0,-49.0,22,1
Colombia,2011,227,60,1,1.0,442.0,1.0,528.6666666666666,-28.0,23,1
Colombia,2012,227,37,1,1.0,227.0,1.0,390.0,-23.0,24,1
Colombia,2013,140,22,1,1.0,227.0,1.0,298.6666666666667,-15.0,25,1
Colombia,2014,157,48,1,1.0,140.0,1.0,198.0,26.0,26,1
Colombia,2015,144,33,1,1.0,157.0,1.0,174.66666666666666,-15.0,27,1
Colombia,2016,85,101,1,1.0,144.0,1.0,147.0,68.0,28,1
Colombia,2017,107,155,1,1.0,85.0,1.0,128.66666666666666,54.0,29,1
Colombia,2018,253,170,1,1.0,107.0,1.0,112.0,15.0,30,1
Colombia,2019,219,109,1,1.0,253.0,1.0,148.33333333333334,-61.0,31,1
Colombia,2020,196,144,1,1.0,219.0,1.0,193.0,35.0,32,1
Colombia,2021,291,160,1,1.0,196.0,1.0,222.66666666666666,16.0,33,1
Colombia,2022,360,172,1,1.0,291.0,1.0,235.33333333333334,12.0,34,1
Colombia,2023,534,413,1,1.0,360.0,1.0,282.3333333333333,241.0,35,1
Comoros,1989,29,2,1,0.0,0.0,0.0,0.0,0.0,1,0
Comoros,1990,0,0,0,1.0,29.0,1.0,29.0,-2.0,0,0
Comoros,1991,0,0,0,0.0,0.0,0.5,14.5,0.0,0,0
Comoros,1992,0,0,0,0.0,0.0,0.3333333333333333,9.666666666666666,0.0,0,0
Comoros,1993,0,0,0,0.0,0.0,0.0,0.0,0.0,0,0
Comoros,1994,0,0,0,0.0,0.0,0.0,0.0,0.0,0,0
Comoros,1995,0,0,0,0.0,0.0,0.0,0.0,0.0,0,0
Comoros,1996,0,0,0,0.0,0.0,0.0,0.0,0.0,0,1
Comoros,1997,56,2,1,0.0,0.0,0.0,0.0,2.0,1,1
Comoros,1998,40,3,1,1.0,56.0,0.3333333333333333,18.666666666666668,1.0,2,0
Comoros,1999,0,0,0,1.0,40.0,0.6666666666666666,32.0,-3.0,0,0
Comoros,2000,0,0,0,0.0,0.0,0.6666666666666666,32.0,0.0,0,0
Comoros,2001,0,0,0,0.0,0.0,0.3333333333333333,13.333333333333334,0.0,0,0
Comoros,2002,0,0,0,0.0,0.0,0.0,0.0,0.0,0,0
Comoros,2003,0,0,0,0.0,0.0,0.0,0.0,0.0,0,0
Comoros,2004,0,0,0,0.0,0.0,0.0,0.0,0.0,0,0
Comoros,2005,0,0,0,0.0,0.0,0.0,0.0,0.0,0,0
Comoros,2006,0,0,0,0.0,0.0,0.0,0.0,0.0,0,0
Comoros,2007,0,0,0,0.0,0.0,0.0,0.0,0.0,0,0
Comoros,2008,0,0,0,0.0,0.0,0.0,0.0,0.0,0,0
Comoros,2009,0,0,0,0.0,0.0,0.0,0.0,0.0,0,0
Comoros,2010,0,0,0,0.0,0.0,0.0,0.0,0.0,0,0
Comoros,2011,0,0,0,0.0,0.0,0.0,0.0,0.0,0,0
Comoros,2012,0,0,0,0.0,0.0,0.0,0.0,0.0,0,0
Comoros,2013,0,0,0,0.0,0.0,0.0,0.0,0.0,0,0
Comoros,2014,0,0,0,0.0,0.0,0.0,0.0,0.0,0,0
Comoros,2015,0,0,0,0.0,0.0,0.0,0.0,0.0,0,0
Comoros,2016,0,0,0,0.0,0.0,0.0,0.0,0.0,0,0
Comoros,2017,0,0,0,0.0,0.0,0.0,0.0,0.0,0,0
Comoros,2018,0,0,0,0.0,0.0,0.0,0.0,0.0,0,0
Comoros,2019,0,0,0,0.0,0.0,0.0,0.0,0.0,0,0
Comoros,2020,0,0,0,0.0,0.0,0.0,0.0,0.0,0,0
Comoros,2021,0,0,0,0.0,0.0,0.0,0.0,0.0,0,0
Comoros,2022,0,0,0,0.0,0.0,0.0,0.0,0.0,0,0
Comoros,2023,0,0,0,0.0,0.0,0.0,0.0,0.0,0,0
Congo,1989,0,0,0,0.0,0.0,0.0,0.0,0.0,0,0
Congo,1990,0,0,0,0.0,0.0,0.0,0.0,0.0,0,0
Congo,1991,0,0,0,0.0,0.0,0.0,0.0,0.0,0,0
Congo,1992,2,1,0,0.0,0.0,0.0,0.0,1.0,0,1
Congo,1993,135,10,1,0.0,2.0,0.0,0.6666666666666666,9.0,1,0
Congo,1994,18,8,0,1.0,135.0,0.3333333333333333,45.666666666666664,-2.0,0,0
Congo,1995,2,1,0,0.0,18.0,0.3333333333333333,51.666666666666664,-7.0,0,0
Congo,1996,1,2,0,0.0,2.0,0.3333333333333333,51.666666666666664,1.0,0,1
Congo,1997,10412,57,1,0.0,1.0,0.0,7.0,55.0,1,1
Congo,1998,3763,54,1,1.0,10412.0,0.3333333333333333,3471.6666666666665,-3.0,2,1
Congo,1999,948,48,1,1.0,3763.0,0.6666666666666666,4725.333333333333,-6.0,3,0
Congo,2000,0,0,0,1.0,948.0,1.0,5041.0,-48.0,0,0
Congo,2001,3,1,0,0.0,0.0,0.6666666666666666,1570.3333333333333,1.0,0,1
Congo,2002,234,24,1,0.0,3.0,0.3333333333333333,317.0,23.0,1,1
Congo,2003,33,6,1,1.0,234.0,0.3333333333333333,79.0,-18.0,2,0
Congo,2004,0,0,0,1.0,33.0,0.6666666666666666,90.0,-6.0,0,0
Congo,2005,15,5,0,0.0,0.0,0.6666666666666666,89.0,5.0,0,0
Congo,2006,0,0,0,0.0,15.0,0.3333333333333333,16.0,-5.0,0,0
Congo,2007,2,1,0,0.0,0.0,0.0,5.0,1.0,0,0
Congo,2008,1,1,0,0.0,2.0,0.0,5.666666666666667,0.0,0,0
Congo,2009,0,0,0,0.0,1.0,0.0,1.0,-1.0,0,0
Congo,2010,0,0,0,0.0,0.0,0.0,1.0,0.0,0,0
Congo,2011,1,1,0,0.0,0.0,0.0,0.3333333333333333,1.0,0,0
Congo,2012,2,2,0,0.0,1.0,0.0,0.3333333333333333,1.0,0,0
Congo,2013,0,0,0,0.0,2.0,0.0,1.0,-2.0,0,0
Congo,2014,0,0,0,0.0,0.0,0.0,1.0,0.0,0,0
Congo,2015,0,1,0,0.0,0.0,0.0,0.6666666666666666,1.0,0,1
Congo,2016,73,8,1,0.0,0.0,0.0,0.0,7.0,1,0
Congo,2017,20,3,0,1.0,73.0,0.3333333333333333,24.333333333333332,-5.0,0,0
Congo,2018,0,0,0,0.0,20.0,0.3333333333333333,31.0,-3.0,0,0
Congo,2019,0,2,0,0.0,0.0,0.3333333333333333,31.0,2.0,0,0
Congo,2020,0,1,0,0.0,0.0,0.0,6.666666666666667,-1.0,0,0
Congo,2021,0,0,0,0.0,0.0,0.0,0.0,-1.0,0,0
Congo,2022,3,2,0,0.0,0.0,0.0,0.0,2.0,0,0
Congo,2023,0,0,0,0.0,3.0,0.0,1.0,-2.0,0,0
Croatia,1989,0,0,0,0.0,0.0,0.0,0.0,0.0,0,0
Croatia,1990,0,0,0,0.0,0.0,0.0,0.0,0.0,0,0
Croatia,1991,0,0,0,0.0,0.0,0.0,0.0,0.0,0,1
Croatia,1992,142,33,1,0.0,0.0,0.0,0.0,33.0,1,1
Croatia,1993,373,55,1,1.0,142.0,0.3333333333333333,47.333333333333336,22.0,2,0
Croatia,1994,0,0,0,1.0,373.0,0.6666666666666666,171.66666666666666,-55.0,0,1
Croatia,1995,963,69,1,0.0,0.0,0.6666666666666666,171.66666666666666,69.0,1,0
Croatia,1996,0,0,0,1.0,963.0,0.6666666666666666,445.3333333333333,-69.0,0,0
Croatia,1997,0,0,0,0.0,0.0,0.3333333333333333,321.0,0.0,0,0
Croatia,1998,0,0,0,0.0,0.0,0.3333333333333333,321.0,0.0,0,0
Croatia,1999,0,0,0,0.0,0.0,0.0,0.0,0.0,0,0
Croatia,2000,0,0,0,0.0,0.0,0.0,0.0,0.0,0,0
Croatia,2001,0,0,0,0.0,0.0,0.0,0.0,0.0,0,0
Croatia,2002,0,0,0,0.0,0.0,0.0,0.0,0.0,0,0
Croatia,2003,0,0,0,0.0,0.0,0.0,0.0,0.0,0,0
Croatia,2004,0,0,0,0.0,0.0,0.0,0.0,0.0,0,0
Croatia,2005,0,0,0,0.0,0.0,0.0,0.0,0.0,0,0
Croatia,2006,0,0,0,0.0,0.0,0.0,0.0,0.0,0,0
Croatia,2007,0,0,0,0.0,0.0,0.0,0.0,0.0,0,0
Croatia,2008,0,0,0,0.0,0.0,0.0,0.0,0.0,0,0
Croatia,2009,0,0,0,0.0,0.0,0.0,0.0,0.0,0,0
Croatia,2010,0,0,0,0.0,0.0,0.0,0.0,0.0,0,0
Croatia,2011,0,0,0,0.0,0.0,0.0,0.0,0.0,0,0
Croatia,2012,0,0,0,0.0,0.0,0.0,0.0,0.0,0,0
Croatia,2013,0,0,0,0.0,0.0,0.0,0.0,0.0,0,0
Croatia,2014,0,0,0,0.0,0.0,0.0,0.0,0.0,0,0
Croatia,2015,0,0,0,0.0,0.0,0.0,0.0,0.0,0,0
Croatia,2016,0,0,0,0.0,0.0,0.0,0.0,0.0,0,0
Croatia,2017,0,0,0,0.0,0.0,0.0,0.0,0.0,0,0
Croatia,2018,0,0,0,0.0,0.0,0.0,0.0,0.0,0,0
Croatia,2019,0,0,0,0.0,0.0,0.0,0.0,0.0,0,0
Croatia,2020,0,0,0,0.0,0.0,0.0,0.0,0.0,0,0
Croatia,2021,0,0,0,0.0,0.0,0.0,0.0,0.0,0,0
Croatia,2022,0,0,0,0.0,0.0,0.0,0.0,0.0,0,0
Croatia,2023,0,0,0,0.0,0.0,0.0,0.0,0.0,0,0
DR Congo (Zaire),1989,28,3,1,0.0,0.0,0.0,0.0,0.0,1,1
DR Congo (Zaire),1990,147,4,1,1.0,28.0,1.0,28.0,1.0,2,1
DR Congo (Zaire),1991,32,7,1,1.0,147.0,1.0,87.5,3.0,3,1
DR Congo (Zaire),1992,67,11,1,1.0,32.0,1.0,69.0,4.0,4,1
DR Congo (Zaire),1993,3337,20,1,1.0,67.0,1.0,82.0,9.0,5,1
DR Congo (Zaire),1994,332,16,1,1.0,3337.0,1.0,1145.3333333333333,-4.0,6,1
DR Congo (Zaire),1995,526,16,1,1.0,332.0,1.0,1245.3333333333333,0.0,7,1
DR Congo (Zaire),1996,34307,209,1,1.0,526.0,1.0,1398.3333333333333,193.0,8,1
DR Congo (Zaire),1997,13897,137,1,1.0,34307.0,1.0,11721.666666666666,-72.0,9,1
DR Congo (Zaire),1998,7717,118,1,1.0,13897.0,1.0,16243.333333333334,-19.0,10,1
DR Congo (Zaire),1999,7849,168,1,1.0,7717.0,1.0,18640.333333333332,50.0,11,1
DR Congo (Zaire),2000,3055,115,1,1.0,7849.0,1.0,9821.0,-53.0,12,1
DR Congo (Zaire),2001,1490,66,1,1.0,3055.0,1.0,6207.0,-49.0,13,1
DR Congo (Zaire),2002,7945,136,1,1.0,1490.0,1.0,4131.333333333333,70.0,14,1
DR Congo (Zaire),2003,4324,82,1,1.0,7945.0,1.0,4163.333333333333,-54.0,15,1
DR Congo (Zaire),2004,782,31,1,1.0,4324.0,1.0,4586.333333333333,-51.0,16,1
DR Congo (Zaire),2005,305,25,1,1.0,782.0,1.0,4350.333333333333,-6.0,17,1
DR Congo (Zaire),2006,390,80,1,1.0,305.0,1.0,1803.6666666666667,55.0,18,1
DR Congo (Zaire),2007,879,112,1,1.0,390.0,1.0,492.3333333333333,32.0,19,1
DR Congo (Zaire),2008,1740,105,1,1.0,879.0,1.0,524.6666666666666,-7.0,20,1
DR Congo (Zaire),2009,5308,551,1,1.0,1740.0,1.0,1003.0,446.0,21,1
DR Congo (Zaire),2010,1088,87,1,1.0,5308.0,1.0,2642.3333333333335,-464.0,22,1
DR Congo (Zaire),2011,552,165,1,1.0,1088.0,1.0,2712.0,78.0,23,1
DR Congo (Zaire),2012,1838,156,1,1.0,552.0,1.0,2316.0,-9.0,24,1
DR Congo (Zaire),2013,2197,161,1,1.0,1838.0,1.0,1159.3333333333333,5.0,25,1
DR Congo (Zaire),2014,1624,128,1,1.0,2197.0,1.0,1529.0,-33.0,26,1
DR Congo (Zaire),2015,737,124,1,1.0,1624.0,1.0,1886.3333333333333,-4.0,27,1
DR Congo (Zaire),2016,2194,211,1,1.0,737.0,1.0,1519.3333333333333,87.0,28,1
DR Congo (Zaire),2017,5975,503,1,1.0,2194.0,1.0,1518.3333333333333,292.0,29,1
DR Congo (Zaire),2018,3147,462,1,1.0,5975.0,1.0,2968.6666666666665,-41.0,30,1
DR Congo (Zaire),2019,2529,441,1,1.0,3147.0,1.0,3772.0,-21.0,31,1
DR Congo (Zaire),2020,4008,832,1,1.0,2529.0,1.0,3883.6666666666665,391.0,32,1
DR Congo (Zaire),2021,3723,809,1,1.0,4008.0,1.0,3228.0,-23.0,33,1
DR Congo (Zaire),2022,5967,1199,1,1.0,3723.0,1.0,3420.0,390.0,34,1
DR Congo (Zaire),2023,3936,828,1,1.0,5967.0,1.0,4566.0,-371.0,35,1
Djibouti,1989,6,1,0,0.0,0.0,0.0,0.0,0.0,0,1
Djibouti,1990,60,1,1,0.0,6.0,0.0,6.0,0.0,1,1
Djibouti,1991,134,9,1,1.0,60.0,0.5,33.0,8.0,2,1
Djibouti,1992,129,11,1,1.0,134.0,0.6666666666666666,66.66666666666667,2.0,3,1
Djibouti,1993,33,12,1,1.0,129.0,1.0,107.66666666666667,1.0,4,1
Djibouti,1994,39,5,1,1.0,33.0,1.0,98.66666666666667,-7.0,5,0
Djibouti,1995,18,4,0,1.0,39.0,1.0,67.0,-1.0,0,0
Djibouti,1996,0,2,0,0.0,18.0,0.6666666666666666,30.0,-2.0,0,0
Djibouti,1997,11,1,0,0.0,0.0,0.3333333333333333,19.0,-1.0,0,0
Djibouti,1998,16,2,0,0.0,11.0,0.0,9.666666666666666,1.0,0,1
Djibouti,1999,25,8,1,0.0,16.0,0.0,9.0,6.0,1,0
Djibouti,2000,0,0,0,1.0,25.0,0.3333333333333333,17.333333333333332,-8.0,0,0
Djibouti,2001,0,0,0,0.0,0.0,0.3333333333333333,13.666666666666666,0.0,0,0
Djibouti,2002,0,0,0,0.0,0.0,0.3333333333333333,8.333333333333334,0.0,0,0
Djibouti,2003,0,0,0,0.0,0.0,0.0,0.0,0.0,0,0
Djibouti,2004,0,0,0,0.0,0.0,0.0,0.0,0.0,0,0
Djibouti,2005,0,0,0,0.0,0.0,0.0,0.0,0.0,0,0
Djibouti,2006,0,0,0,0.0,0.0,0.0,0.0,0.0,0,0
Djibouti,2007,0,0,0,0.0,0.0,0.0,0.0,0.0,0,1
Djibouti,2008,35,2,1,0.0,0.0,0.0,0.0,2.0,1,0
Djibouti,2009,0,0,0,1.0,35.0,0.3333333333333333,11.666666666666666,-2.0,0,0
Djibouti,2010,0,0,0,0.0,0.0,0.3333333333333333,11.666666666666666,0.0,0,0
Djibouti,2011,0,0,0,0.0,0.0,0.3333333333333333,11.666666666666666,0.0,0,0
Djibouti,2012,0,0,0,0.0,0.0,0.0,0.0,0.0,0,0
Djibouti,2013,0,0,0,0.0,0.0,0.0,0.0,0.0,0,0
Djibouti,2014,1,1,0,0.0,0.0,0.0,0.0,1.0,0,0
Djibouti,2015,0,0,0,0.0,1.0,0.0,0.3333333333333333,-1.0,0,0
Djibouti,2016,0,0,0,0.0,0.0,0.0,0.3333333333333333,0.0,0,0
Djibouti,2017,0,0,0,0.0,0.0,0.0,0.3333333333333333,0.0,0,0
Djibouti,2018,6,1,0,0.0,0.0,0.0,0.0,1.0,0,0
Djibouti,2019,0,0,0,0.0,6.0,0.0,2.0,-1.0,0,0
Djibouti,2020,0,0,0,0.0,0.0,0.0,2.0,0.0,0,0
Djibouti,2021,3,1,0,0.0,0.0,0.0,2.0,1.0,0,0
Djibouti,2022,0,0,0,0.0,3.0,0.0,1.0,-1.0,0,0
Djibouti,2023,0,0,0,0.0,0.0,0.0,1.0,0.0,0,0
Ecuador,1989,0,0,0,0.0,0.0,0.0,0.0,0.0,0,0
Ecuador,1990,0,0,0,0.0,0.0,0.0,0.0,0.0,0,0
Ecuador,1991,0,0,0,0.0,0.0,0.0,0.0,0.0,0,0
Ecuador,1992,0,0,0,0.0,0.0,0.0,0.0,0.0,0,0
Ecuador,1993,0,0,0,0.0,0.0,0.0,0.0,0.0,0,0
Ecuador,1994,0,0,0,0.0,0.0,0.0,0.0,0.0,0,0
Ecuador,1995,11,4,0,0.0,0.0,0.0,0.0,4.0,0,0
Ecuador,1996,0,0,0,0.0,11.0,0.0,3.6666666666666665,-4.0,0,0
Ecuador,1997,0,0,0,0.0,0.0,0.0,3.6666666666666665,0.0,0,0
Ecuador,1998,0,0,0,0.0,0.0,0.0,3.6666666666666665,0.0,0,0
Ecuador,1999,0,0,0,0.0,0.0,0.0,0.0,0.0,0,0
Ecuador,2000,0,0,0,0.0,0.0,0.0,0.0,0.0,0,0
Ecuador,2001,2,1,0,0.0,0.0,0.0,0.0,1.0,0,0
Ecuador,2002,0,0,0,0.0,2.0,0.0,0.6666666666666666,-1.0,0,1
Ecuador,2003,26,1,1,0.0,0.0,0.0,0.6666666666666666,1.0,1,0
Ecuador,2004,0,0,0,1.0,26.0,0.3333333333333333,9.333333333333334,-1.0,0,0
Ecuador,2005,3,1,0,0.0,0.0,0.3333333333333333,8.666666666666666,1.0,0,0
Ecuador,2006,2,1,0,0.0,3.0,0.3333333333333333,9.666666666666666,0.0,0,0
Ecuador,2007,2,1,0,0.0,2.0,0.0,1.6666666666666667,0.0,0,1
Ecuador,2008,53,3,1,0.0,2.0,0.0,2.3333333333333335,2.0,1,0
Ecuador,2009,0,0,0,1.0,53.0,0.3333333333333333,19.0,-3.0,0,0
Ecuador,2010,0,0,0,0.0,0.0,0.3333333333333333,18.333333333333332,0.0,0,0
Ecuador,2011,0,0,0,0.0,0.0,0.3333333333333333,17.666666666666668,0.0,0,0
Ecuador,2012,0,0,0,0.0,0.0,0.0,0.0,0.0,0,0
Ecuador,2013,0,0,0,0.0,0.0,0.0,0.0,0.0,0,0
Ecuador,2014,0,0,0,0.0,0.0,0.0,0.0,0.0,0,0
Ecuador,2015,0,0,0,0.0,0.0,0.0,0.0,0.0,0,0
Ecuador,2016,0,0,0,0.0,0.0,0.0,0.0,0.0,0,0
Ecuador,2017,0,0,0,0.0,0.0,0.0,0.0,0.0,0,0
Ecuador,2018,0,0,0,0.0,0.0,0.0,0.0,0.0,0,0
Ecuador,2019,2,1,0,0.0,0.0,0.0,0.0,1.0,0,0
Ecuador,2020,11,1,0,0.0,2.0,0.0,0.6666666666666666,0.0,0,1
Ecuador,2021,291,8,1,0.0,11.0,0.0,4.333333333333333,7.0,1,1
Ecuador,2022,118,11,1,1.0,291.0,0.3333333333333333,101.33333333333333,3.0,2,1
Ecuador,2023,540,454,1,1.0,118.0,0.6666666666666666,140.0,443.0,3,1
Egypt,1989,0,0,0,0.0,0.0,0.0,0.0,0.0,0,0
Egypt,1990,4,2,0,0.0,0.0,0.0,0.0,2.0,0,0
Egypt,1991,0,0,0,0.0,4.0,0.0,2.0,-2.0,0,0
Egypt,1992,13,5,0,0.0,0.0,0.0,1.3333333333333333,5.0,0,1
Egypt,1993,108,43,1,0.0,13.0,0.0,5.666666666666667,38.0,1,1
Egypt,1994,162,76,1,1.0,108.0,0.3333333333333333,40.333333333333336,33.0,2,1
Egypt,1995,233,118,1,1.0,162.0,0.6666666666666666,94.33333333333333,42.0,3,1
Egypt,1996,149,75,1,1.0,233.0,1.0,167.66666666666666,-43.0,4,1
Egypt,1997,143,34,1,1.0,149.0,1.0,181.33333333333334,-41.0,5,1
Egypt,1998,29,10,1,1.0,143.0,1.0,175.0,-24.0,6,0
Egypt,1999,4,2,0,1.0,29.0,1.0,107.0,-8.0,0,0
Egypt,2000,5,4,0,0.0,4.0,0.6666666666666666,58.666666666666664,2.0,0,0
Egypt,2001,0,0,0,0.0,5.0,0.3333333333333333,12.666666666666666,-4.0,0,0
Egypt,2002,0,0,0,0.0,0.0,0.0,3.0,0.0,0,0
Egypt,2003,0,0,0,0.0,0.0,0.0,1.6666666666666667,0.0,0,1
Egypt,2004,35,3,1,0.0,0.0,0.0,0.0,3.0,1,1
Egypt,2005,124,4,1,1.0,35.0,0.3333333333333333,11.666666666666666,1.0,2,0
Egypt,2006,2,2,0,1.0,124.0,0.6666666666666666,53.0,-2.0,0,0
Egypt,2007,0,0,0,0.0,2.0,0.6666666666666666,53.666666666666664,-2.0,0,0
Egypt,2008,2,2,0,0.0,0.0,0.3333333333333333,42.0,2.0,0,0
Egypt,2009,1,2,0,0.0,2.0,0.0,1.3333333333333333,0.0,0,0
Egypt,2010,1,1,0,0.0,1.0,0.0,1.0,-1.0,0,1
Egypt,2011,31,4,1,0.0,1.0,0.0,1.3333333333333333,3.0,1,1
Egypt,2012,75,2,1,1.0,31.0,0.3333333333333333,11.0,-2.0,2,1
Egypt,2013,135,46,1,1.0,75.0,0.6666666666666666,35.666666666666664,44.0,3,1
Egypt,2014,249,45,1,1.0,135.0,1.0,80.33333333333333,-1.0,4,1
Egypt,2015,991,60,1,1.0,249.0,1.0,153.0,15.0,5,1
Egypt,2016,404,40,1,1.0,991.0,1.0,458.3333333333333,-20.0,6,1
Egypt,2017,902,111,1,1.0,404.0,1.0,548.0,71.0,7,1
Egypt,2018,692,86,1,1.0,902.0,1.0,765.6666666666666,-25.0,8,1
Egypt,2019,664,120,1,1.0,692.0,1.0,666.0,34.0,9,1
Egypt,2020,547,124,1,1.0,664.0,1.0,752.6666666666666,4.0,10,1
Egypt,2021,124,64,1,1.0,547.0,1.0,634.3333333333334,-60.0,11,1
Egypt,2022,236,68,1,1.0,124.0,1.0,445.0,4.0,12,0
Egypt,2023,6,4,0,1.0,236.0,1.0,302.3333333333333,-64.0,0,0
El Salvador,1989,4924,58,1,0.0,0.0,0.0,0.0,0.0,1,1
El Salvador,1990,849,46,1,1.0,4924.0,1.0,4924.0,-12.0,2,1
El Salvador,1991,88,10,1,1.0,849.0,1.0,2886.5,-36.0,3,0
El Salvador,1992,4,1,0,1.0,88.0,1.0,1953.6666666666667,-9.0,0,0
El Salvador,1993,0,0,0,0.0,4.0,0.6666666666666666,313.6666666666667,-1.0,0,0
El Salvador,1994,0,0,0,0.0,0.0,0.3333333333333333,30.666666666666668,0.0,0,0
El Salvador,1995,0,0,0,0.0,0.0,0.0,1.3333333333333333,0.0,0,0
El Salvador,1996,0,0,0,0.0,0.0,0.0,0.0,0.0,0,0
El Salvador,1997,0,0,0,0.0,0.0,0.0,0.0,0.0,0,0
El Salvador,1998,0,0,0,0.0,0.0,0.0,0.0,0.0,0,0
El Salvador,1999,0,0,0,0.0,0.0,0.0,0.0,0.0,0,0
El Salvador,2000,0,0,0,0.0,0.0,0.0,0.0,0.0,0,0
El Salvador,2001,0,0,0,0.0,0.0,0.0,0.0,0.0,0,0
El Salvador,2002,0,0,0,0.0,0.0,0.0,0.0,0.0,0,0
El Salvador,2003,0,0,0,0.0,0.0,0.0,0.0,0.0,0,1
El Salvador,2004,34,1,1,0.0,0.0,0.0,0.0,1.0,1,0
El Salvador,2005,0,0,0,1.0,34.0,0.3333333333333333,11.333333333333334,-1.0,0,0
El Salvador,2006,0,0,0,0.0,0.0,0.3333333333333333,11.333333333333334,0.0,0,0
El Salvador,2007,0,0,0,0.0,0.0,0.3333333333333333,11.333333333333334,0.0,0,0
El Salvador,2008,0,0,0,0.0,0.0,0.0,0.0,0.0,0,0
El Salvador,2009,5,2,0,0.0,0.0,0.0,0.0,2.0,0,0
El Salvador,2010,2,2,0,0.0,5.0,0.0,1.6666666666666667,0.0,0,0
El Salvador,2011,0,0,0,0.0,2.0,0.0,2.3333333333333335,-2.0,0,0
El Salvador,2012,0,0,0,0.0,0.0,0.0,2.3333333333333335,0.0,0,0
El Salvador,2013,0,0,0,0.0,0.0,0.0,0.6666666666666666,0.0,0,0
El Salvador,2014,0,0,0,0.0,0.0,0.0,0.0,0.0,0,0
El Salvador,2015,1,1,0,0.0,0.0,0.0,0.0,1.0,0,0
El Salvador,2016,0,0,0,0.0,1.0,0.0,0.3333333333333333,-1.0,0,0
El Salvador,2017,1,1,0,0.0,0.0,0.0,0.3333333333333333,1.0,0,0
El Salvador,2018,0,0,0,0.0,1.0,0.0,0.6666666666666666,-1.0,0,0
El Salvador,2019,1,1,0,0.0,0.0,0.0,0.3333333333333333,1.0,0,0
El Salvador,2020,0,0,0,0.0,1.0,0.0,0.6666666666666666,-1.0,0,0
El Salvador,2021,9,2,0,0.0,0.0,0.0,0.3333333333333333,2.0,0,1
El Salvador,2022,88,68,1,0.0,9.0,0.0,3.3333333333333335,66.0,1,0
El Salvador,2023,0,0,0,1.0,88.0,0.3333333333333333,32.333333333333336,-68.0,0,0
Eritrea,1989,0,0,0,0.0,0.0,0.0,0.0,0.0,0,0
Eritrea,1990,0,0,0,0.0,0.0,0.0,0.0,0.0,0,0
Eritrea,1991,0,0,0,0.0,0.0,0.0,0.0,0.0,0,0
Eritrea,1992,0,0,0,0.0,0.0,0.0,0.0,0.0,0,0
Eritrea,1993,21,1,0,0.0,0.0,0.0,0.0,1.0,0,0
Eritrea,1994,0,0,0,0.0,21.0,0.0,7.0,-1.0,0,0
Eritrea,1995,0,0,0,0.0,0.0,0.0,7.0,0.0,0,0
Eritrea,1996,14,2,0,0.0,0.0,0.0,7.0,2.0,0,1
Eritrea,1997,31,9,1,0.0,14.0,0.0,4.666666666666667,7.0,1,1
Eritrea,1998,792,3,1,1.0,31.0,0.3333333333333333,15.0,-6.0,2,1
Eritrea,1999,17203,13,1,1.0,792.0,0.6666666666666666,279.0,10.0,3,1
Eritrea,2000,1793,10,1,1.0,17203.0,1.0,6008.666666666667,-3.0,4,0
Eritrea,2001,0,0,0,1.0,1793.0,1.0,6596.0,-10.0,0,0
Eritrea,2002,0,0,0,0.0,0.0,0.6666666666666666,6332.0,0.0,0,1
Eritrea,2003,57,9,1,0.0,0.0,0.3333333333333333,597.6666666666666,9.0,1,0
Eritrea,2004,0,0,0,1.0,57.0,0.3333333333333333,19.0,-9.0,0,0
Eritrea,2005,0,0,0,0.0,0.0,0.3333333333333333,19.0,0.0,0,0
Eritrea,2006,0,0,0,0.0,0.0,0.3333333333333333,19.0,0.0,0,0
Eritrea,2007,0,0,0,0.0,0.0,0.0,0.0,0.0,0,0
Eritrea,2008,0,1,0,0.0,0.0,0.0,0.0,1.0,0,0
Eritrea,2009,0,0,0,0.0,0.0,0.0,0.0,-1.0,0,0
Eritrea,2010,0,0,0,0.0,0.0,0.0,0.0,0.0,0,0
Eritrea,2011,0,0,0,0.0,0.0,0.0,0.0,0.0,0,0
Eritrea,2012,0,0,0,0.0,0.0,0.0,0.0,0.0,0,0
Eritrea,2013,0,0,0,0.0,0.0,0.0,0.0,0.0,0,0
Eritrea,2014,0,0,0,0.0,0.0,0.0,0.0,0.0,0,0
Eritrea,2015,0,0,0,0.0,0.0,0.0,0.0,0.0,0,1
Eritrea,2016,25,1,1,0.0,0.0,0.0,0.0,1.0,1,0
Eritrea,2017,0,0,0,1.0,25.0,0.3333333333333333,8.333333333333334,-1.0,0,0
Eritrea,2018,0,0,0,0.0,0.0,0.3333333333333333,8.333333333333334,0.0,0,0
Eritrea,2019,0,0,0,0.0,0.0,0.3333333333333333,8.333333333333334,0.0,0,0
Eritrea,2020,0,0,0,0.0,0.0,0.0,0.0,0.0,0,0
Eritrea,2021,0,0,0,0.0,0.0,0.0,0.0,0.0,0,0
Eritrea,2022,4,4,0,0.0,0.0,0.0,0.0,4.0,0,0
Eritrea,2023,0,0,0,0.0,4.0,0.0,1.3333333333333333,-4.0,0,0
Ethiopia,1989,25385,72,1,0.0,0.0,0.0,0.0,0.0,1,1
Ethiopia,1990,49856,110,1,1.0,25385.0,1.0,25385.0,38.0,2,1
Ethiopia,1991,12440,44,1,1.0,49856.0,1.0,37620.5,-66.0,3,1
Ethiopia,1992,1026,16,1,1.0,12440.0,1.0,29227.0,-28.0,4,1
Ethiopia,1993,133,13,1,1.0,1026.0,1.0,21107.333333333332,-3.0,5,1
Ethiopia,1994,76,5,1,1.0,133.0,1.0,4533.0,-8.0,6,1
Ethiopia,1995,1043,9,1,1.0,76.0,1.0,411.6666666666667,4.0,7,1
Ethiopia,1996,65,5,1,1.0,1043.0,1.0,417.3333333333333,-4.0,8,0
Ethiopia,1997,12,4,0,1.0,65.0,1.0,394.6666666666667,-1.0,0,1
Ethiopia,1998,1027,21,1,0.0,12.0,0.6666666666666666,373.3333333333333,17.0,1,1
Ethiopia,1999,30786,42,1,1.0,1027.0,0.6666666666666666,368.0,21.0,2,1
Ethiopia,2000,48666,77,1,1.0,30786.0,0.6666666666666666,10608.333333333334,35.0,3,1
Ethiopia,2001,388,52,1,1.0,48666.0,1.0,26826.333333333332,-25.0,4,1
Ethiopia,2002,809,124,1,1.0,388.0,1.0,26613.333333333332,72.0,5,1
Ethiopia,2003,1093,69,1,1.0,809.0,1.0,16621.0,-55.0,6,1
Ethiopia,2004,475,126,1,1.0,1093.0,1.0,763.3333333333334,57.0,7,1
Ethiopia,2005,290,90,1,1.0,475.0,1.0,792.3333333333334,-36.0,8,1
Ethiopia,2006,430,102,1,1.0,290.0,1.0,619.3333333333334,12.0,9,1
Ethiopia,2007,500,145,1,1.0,430.0,1.0,398.3333333333333,43.0,10,1
Ethiopia,2008,311,83,1,1.0,500.0,1.0,406.6666666666667,-62.0,11,1
Ethiopia,2009,590,87,1,1.0,311.0,1.0,413.6666666666667,4.0,12,1
Ethiopia,2010,152,98,1,1.0,590.0,1.0,467.0,11.0,13,1
Ethiopia,2011,66,92,1,1.0,152.0,1.0,351.0,-6.0,14,1
Ethiopia,2012,391,90,1,1.0,66.0,1.0,269.3333333333333,-2.0,15,1
Ethiopia,2013,88,54,1,1.0,391.0,1.0,203.0,-36.0,16,1
Ethiopia,2014,139,27,1,1.0,88.0,1.0,181.66666666666666,-27.0,17,1
Ethiopia,2015,307,97,1,1.0,139.0,1.0,206.0,70.0,18,1
Ethiopia,2016,529,148,1,1.0,307.0,1.0,178.0,51.0,19,1
Ethiopia,2017,488,41,1,1.0,529.0,1.0,325.0,-107.0,20,1
Ethiopia,2018,713,63,1,1.0,488.0,1.0,441.3333333333333,22.0,21,1
Ethiopia,2019,425,63,1,1.0,713.0,1.0,576.6666666666666,0.0,22,1
Ethiopia,2020,24429,263,1,1.0,425.0,1.0,542.0,200.0,23,1
Ethiopia,2021,129516,730,1,1.0,24429.0,1.0,8522.333333333334,467.0,24,1
Ethiopia,2022,165025,879,1,1.0,129516.0,1.0,51456.666666666664,149.0,25,1
Ethiopia,2023,2346,579,1,1.0,165025.0,1.0,106323.33333333333,-300.0,26,1
France,1989,0,0,0,0.0,0.0,0.0,0.0,0.0,0,0
France,1990,0,0,0,0.0,0.0,0.0,0.0,0.0,0,0
France,1991,0,0,0,0.0,0.0,0.0,0.0,0.0,0,0
France,1992,0,1,0,0.0,0.0,0.0,0.0,1.0,0,0
France,1993,0,0,0,0.0,0.0,0.0,0.0,-1.0,0,0
France,1994,0,0,0,0.0,0.0,0.0,0.0,0.0,0,0
France,1995,8,1,0,0.0,0.0,0.0,0.0,1.0,0,0
France,1996,0,1,0,0.0,8.0,0.0,2.6666666666666665,0.0,0,0
France,1997,0,0,0,0.0,0.0,0.0,2.6666666666666665,-1.0,0,0
France,1998,0,0,0,0.0,0.0,0.0,2.6666666666666665,0.0,0,0
France,1999,0,0,0,0.0,0.0,0.0,0.0,0.0,0,0
France,2000,0,0,0,0.0,0.0,0.0,0.0,0.0,0,0
France,2001,0,0,0,0.0,0.0,0.0,0.0,0.0,0,0
France,2002,0,0,0,0.0,0.0,0.0,0.0,0.0,0,0
France,2003,0,0,0,0.0,0.0,0.0,0.0,0.0,0,0
France,2004,0,0,0,0.0,0.0,0.0,0.0,0.0,0,0
France,2005,0,0,0,0.0,0.0,0.0,0.0,0.0,0,0
France,2006,0,0,0,0.0,0.0,0.0,0.0,0.0,0,0
France,2007,2,1,0,0.0,0.0,0.0,0.0,1.0,0,0
France,2008,0,0,0,0.0,2.0,0.0,0.6666666666666666,-1.0,0,0
France,2009,0,0,0,0.0,0.0,0.0,0.6666666666666666,0.0,0,0
France,2010,0,0,0,0.0,0.0,0.0,0.6666666666666666,0.0,0,0
France,2011,0,0,0,0.0,0.0,0.0,0.0,0.0,0,0
France,2012,4,1,0,0.0,0.0,0.0,0.0,1.0,0,0
France,2013,0,0,0,0.0,4.0,0.0,1.3333333333333333,-1.0,0,0
France,2014,0,0,0,0.0,0.0,0.0,1.3333333333333333,0.0,0,1
France,2015,133,2,1,0.0,0.0,0.0,1.3333333333333333,2.0,1,1
France,2016,87,2,1,1.0,133.0,0.3333333333333333,44.333333333333336,0.0,2,0
France,2017,2,1,0,1.0,87.0,0.6666666666666666,73.33333333333333,-1.0,0,0
France,2018,13,8,0,0.0,2.0,0.6666666666666666,74.0,7.0,0,0
France,2019,0,0,0,0.0,13.0,0.3333333333333333,34.0,-8.0,0,0
France,2020,0,0,0,0.0,0.0,0.0,5.0,0.0,0,0
France,2021,0,0,0,0.0,0.0,0.0,4.333333333333333,0.0,0,0
France,2022,0,0,0,0.0,0.0,0.0,0.0,0.0,0,1
France,2023,48,42,1,0.0,0.0,0.0,0.0,42.0,1,0
Gambia,1989,0,0,0,0.0,0.0,0.0,0.0,0.0,0,0
Gambia,1990,0,0,0,0.0,0.0,0.0,0.0,0.0,0,0
Gambia,1991,0,0,0,0.0,0.0,0.0,0.0,0.0,0,0
Gambia,1992,0,0,0,0.0,0.0,0.0,0.0,0.0,0,0
Gambia,1993,0,0,0,0.0,0.0,0.0,0.0,0.0,0,0
Gambia,1994,0,0,0,0.0,0.0,0.0,0.0,0.0,0,0
Gambia,1995,0,0,0,0.0,0.0,0.0,0.0,0.0,0,0
Gambia,1996,0,1,0,0.0,0.0,0.0,0.0,1.0,0,0
Gambia,1997,0,0,0,0.0,0.0,0.0,0.0,-1.0,0,0
Gambia,1998,0,0,0,0.0,0.0,0.0,0.0,0.0,0,0
Gambia,1999,0,0,0,0.0,0.0,0.0,0.0,0.0,0,0
Gambia,2000,0,0,0,0.0,0.0,0.0,0.0,0.0,0,0
Gambia,2001,0,0,0,0.0,0.0,0.0,0.0,0.0,0,0
Gambia,2002,0,0,0,0.0,0.0,0.0,0.0,0.0,0,0
Gambia,2003,0,0,0,0.0,0.0,0.0,0.0,0.0,0,0
Gambia,2004,1,1,0,0.0,0.0,0.0,0.0,1.0,0,0
Gambia,2005,8,2,0,0.0,1.0,0.0,0.3333333333333333,1.0,0,0
Gambia,2006,0,0,0,0.0,8.0,0.0,3.0,-2.0,0,0
Gambia,2007,0,0,0,0.0,0.0,0.0,3.0,0.0,0,0
Gambia,2008,0,0,0,0.0,0.0,0.0,2.6666666666666665,0.0,0,0
Gambia,2009,0,0,0,0.0,0.0,0.0,0.0,0.0,0,0
Gambia,2010,0,0,0,0.0,0.0,0.0,0.0,0.0,0,0
Gambia,2011,0,0,0,0.0,0.0,0.0,0.0,0.0,0,0
Gambia,2012,1,1,0,0.0,0.0,0.0,0.0,1.0,0,0
Gambia,2013,0,0,0,0.0,1.0,0.0,0.3333333333333333,-1.0,0,0
Gambia,2014,0,0,0,0.0,0.0,0.0,0.3333333333333333,0.0,0,0
Gambia,2015,0,0,0,0.0,0.0,0.0,0.3333333333333333,0.0,0,0
Gambia,2016,0,0,0,0.0,0.0,0.0,0.0,0.0,0,0
Gambia,2017,0,0,0,0.0,0.0,0.0,0.0,0.0,0,0
Gambia,2018,0,0,0,0.0,0.0,0.0,0.0,0.0,0,0
Gambia,2019,0,0,0,0.0,0.0,0.0,0.0,0.0,0,0
Gambia,2020,0,0,0,0.0,0.0,0.0,0.0,0.0,0,0
Gambia,2021,0,0,0,0.0,0.0,0.0,0.0,0.0,0,0
Gambia,2022,0,0,0,0.0,0.0,0.0,0.0,0.0,0,0
Gambia,2023,0,0,0,0.0,0.0,0.0,0.0,0.0,0,0
Georgia,1989,0,0,0,0.0,0.0,0.0,0.0,0.0,0,0
Georgia,1990,0,0,0,0.0,0.0,0.0,0.0,0.0,0,1
Georgia,1991,52,6,1,0.0,0.0,0.0,0.0,6.0,1,1
Georgia,1992,775,96,1,1.0,52.0,0.3333333333333333,17.333333333333332,90.0,2,1
Georgia,1993,1837,113,1,1.0,775.0,0.6666666666666666,275.6666666666667,17.0,3,0
Georgia,1994,0,0,0,1.0,1837.0,1.0,888.0,-113.0,0,1
Georgia,1995,52,3,1,0.0,0.0,0.6666666666666666,870.6666666666666,3.0,1,0
Georgia,1996,0,0,0,1.0,52.0,0.6666666666666666,629.6666666666666,-3.0,0,1
Georgia,1997,26,5,1,0.0,0.0,0.3333333333333333,17.333333333333332,5.0,1,1
Georgia,1998,38,3,1,1.0,26.0,0.6666666666666666,26.0,-2.0,2,0
Georgia,1999,0,0,0,1.0,38.0,0.6666666666666666,21.333333333333332,-3.0,0,0
Georgia,2000,0,0,0,0.0,0.0,0.6666666666666666,21.333333333333332,0.0,0,0
Georgia,2001,0,0,0,0.0,0.0,0.3333333333333333,12.666666666666666,0.0,0,0
Georgia,2002,0,2,0,0.0,0.0,0.0,0.0,2.0,0,0
Georgia,2003,0,0,0,0.0,0.0,0.0,0.0,-2.0,0,1
Georgia,2004,27,13,1,0.0,0.0,0.0,0.0,13.0,1,0
Georgia,2005,0,0,0,1.0,27.0,0.3333333333333333,9.0,-13.0,0,0
Georgia,2006,0,0,0,0.0,0.0,0.3333333333333333,9.0,0.0,0,0
Georgia,2007,0,0,0,0.0,0.0,0.3333333333333333,9.0,0.0,0,1
Georgia,2008,621,12,1,0.0,0.0,0.0,0.0,12.0,1,0
Georgia,2009,0,0,0,1.0,621.0,0.3333333333333333,207.0,-12.0,0,0
Georgia,2010,3,4,0,0.0,0.0,0.3333333333333333,207.0,4.0,0,0
Georgia,2011,0,1,0,0.0,3.0,0.3333333333333333,208.0,-3.0,0,0
Georgia,2012,0,0,0,0.0,0.0,0.0,1.0,-1.0,0,0
Georgia,2013,0,0,0,0.0,0.0,0.0,1.0,0.0,0,0
Georgia,2014,0,0,0,0.0,0.0,0.0,0.0,0.0,0,0
Georgia,2015,0,0,0,0.0,0.0,0.0,0.0,0.0,0,0
Georgia,2016,0,0,0,0.0,0.0,0.0,0.0,0.0,0,0
Georgia,2017,0,0,0,0.0,0.0,0.0,0.0,0.0,0,0
Georgia,2018,0,0,0,0.0,0.0,0.0,0.0,0.0,0,0
Georgia,2019,0,0,0,0.0,0.0,0.0,0.0,0.0,0,0
Georgia,2020,0,0,0,0.0,0.0,0.0,0.0,0.0,0,0
Georgia,2021,0,0,0,0.0,0.0,0.0,0.0,0.0,0,0
Georgia,2022,0,0,0,0.0,0.0,0.0,0.0,0.0,0,0
Georgia,2023,1,1,0,0.0,0.0,0.0,0.0,1.0,0,0
Germany,1989,3,2,0,0.0,0.0,0.0,0.0,0.0,0,0
Germany,1990,1,1,0,0.0,3.0,0.0,3.0,-1.0,0,0
Germany,1991,0,0,0,0.0,1.0,0.0,2.0,-1.0,0,0
Germany,1992,4,1,0,0.0,0.0,0.0,1.3333333333333333,1.0,0,0
Germany,1993,0,0,0,0.0,4.0,0.0,1.6666666666666667,-1.0,0,0
Germany,1994,0,0,0,0.0,0.0,0.0,1.3333333333333333,0.0,0,0
Germany,1995,0,0,0,0.0,0.0,0.0,1.3333333333333333,0.0,0,0
Germany,1996,0,0,0,0.0,0.0,0.0,0.0,0.0,0,0
Germany,1997,0,0,0,0.0,0.0,0.0,0.0,0.0,0,0
Germany,1998,0,0,0,0.0,0.0,0.0,0.0,0.0,0,0
Germany,1999,0,0,0,0.0,0.0,0.0,0.0,0.0,0,0
Germany,2000,0,0,0,0.0,0.0,0.0,0.0,0.0,0,0
Germany,2001,0,0,0,0.0,0.0,0.0,0.0,0.0,0,0
Germany,2002,0,0,0,0.0,0.0,0.0,0.0,0.0,0,0
Germany,2003,0,0,0,0.0,0.0,0.0,0.0,0.0,0,0
Germany,2004,0,0,0,0.0,0.0,0.0,0.0,0.0,0,0
Germany,2005,0,0,0,0.0,0.0,0.0,0.0,0.0,0,0
Germany,2006,0,0,0,0.0,0.0,0.0,0.0,0.0,0,0
Germany,2007,0,0,0,0.0,0.0,0.0,0.0,0.0,0,0
Germany,2008,0,0,0,0.0,0.0,0.0,0.0,0.0,0,0
Germany,2009,0,0,0,0.0,0.0,0.0,0.0,0.0,0,0
Germany,2010,0,0,0,0.0,0.0,0.0,0.0,0.0,0,0
Germany,2011,0,0,0,0.0,0.0,0.0,0.0,0.0,0,0
Germany,2012,0,0,0,0.0,0.0,0.0,0.0,0.0,0,0
Germany,2013,0,0,0,0.0,0.0,0.0,0.0,0.0,0,0
Germany,2014,0,0,0,0.0,0.0,0.0,0.0,0.0,0,0
Germany,2015,0,0,0,0.0,0.0,0.0,0.0,0.0,0,0
Germany,2016,12,1,0,0.0,0.0,0.0,0.0,1.0,0,0
Germany,2017,0,0,0,0.0,12.0,0.0,4.0,-1.0,0,0
Germany,2018,0,0,0,0.0,0.0,0.0,4.0,0.0,0,0
Germany,2019,0,0,0,0.0,0.0,0.0,4.0,0.0,0,0
Germany,2020,0,0,0,0.0,0.0,0.0,0.0,0.0,0,0
Germany,2021,0,0,0,0.0,0.0,0.0,0.0,0.0,0,0
Germany,2022,0,0,0,0.0,0.0,0.0,0.0,0.0,0,0
Germany,2023,0,0,0,0.0,0.0,0.0,0.0,0.0,0,0
Ghana,1989,0,0,0,0.0,0.0,0.0,0.0,0.0,0,0
Ghana,1990,0,0,0,0.0,0.0,0.0,0.0,0.0,0,1
Ghana,1991,30,2,1,0.0,0.0,0.0,0.0,2.0,1,1
Ghana,1992,63,2,1,1.0,30.0,0.3333333333333333,10.0,0.0,2,0
Ghana,1993,2,1,0,1.0,63.0,0.6666666666666666,31.0,-1.0,0,1
Ghana,1994,2004,9,1,0.0,2.0,0.6666666666666666,31.666666666666668,8.0,1,1
Ghana,1995,155,8,1,1.0,2004.0,0.6666666666666666,689.6666666666666,-1.0,2,0
Ghana,1996,0,0,0,1.0,155.0,0.6666666666666666,720.3333333333334,-8.0,0,0
Ghana,1997,0,0,0,0.0,0.0,0.6666666666666666,719.6666666666666,0.0,0,0
Ghana,1998,0,0,0,0.0,0.0,0.3333333333333333,51.666666666666664,0.0,0,0
Ghana,1999,0,0,0,0.0,0.0,0.0,0.0,0.0,0,1
Ghana,2000,30,1,1,0.0,0.0,0.0,0.0,1.0,1,1
Ghana,2001,50,1,1,1.0,30.0,0.3333333333333333,10.0,0.0,2,1
Ghana,2002,36,1,1,1.0,50.0,0.6666666666666666,26.666666666666668,0.0,3,0
Ghana,2003,0,0,0,1.0,36.0,1.0,38.666666666666664,-1.0,0,0
Ghana,2004,0,0,0,0.0,0.0,0.6666666666666666,28.666666666666668,0.0,0,0
Ghana,2005,0,0,0,0.0,0.0,0.3333333333333333,12.0,0.0,0,0
Ghana,2006,0,0,0,0.0,0.0,0.0,0.0,0.0,0,0
Ghana,2007,0,0,0,0.0,0.0,0.0,0.0,0.0,0,1
Ghana,2008,55,10,1,0.0,0.0,0.0,0.0,10.0,1,0
Ghana,2009,8,2,0,1.0,55.0,0.3333333333333333,18.333333333333332,-8.0,0,0
Ghana,2010,1,1,0,0.0,8.0,0.3333333333333333,21.0,-1.0,0,0
Ghana,2011,0,0,0,0.0,1.0,0.3333333333333333,21.333333333333332,-1.0,0,0
Ghana,2012,0,0,0,0.0,0.0,0.0,3.0,0.0,0,0
Ghana,2013,0,0,0,0.0,0.0,0.0,0.3333333333333333,0.0,0,0
Ghana,2014,0,0,0,0.0,0.0,0.0,0.0,0.0,0,0
Ghana,2015,0,0,0,0.0,0.0,0.0,0.0,0.0,0,0
Ghana,2016,0,0,0,0.0,0.0,0.0,0.0,0.0,0,0
Ghana,2017,0,0,0,0.0,0.0,0.0,0.0,0.0,0,0
Ghana,2018,0,0,0,0.0,0.0,0.0,0.0,0.0,0,0
Ghana,2019,0,0,0,0.0,0.0,0.0,0.0,0.0,0,0
Ghana,2020,0,0,0,0.0,0.0,0.0,0.0,0.0,0,0
Ghana,2021,0,0,0,0.0,0.0,0.0,0.0,0.0,0,0
Ghana,2022,16,5,0,0.0,0.0,0.0,0.0,5.0,0,0
Ghana,2023,15,9,0,0.0,16.0,0.0,5.333333333333333,4.0,0,0
Guatemala,1989,491,78,1,0.0,0.0,0.0,0.0,0.0,1,1
Guatemala,1990,681,110,1,1.0,491.0,1.0,491.0,32.0,2,1
Guatemala,1991,426,74,1,1.0,681.0,1.0,586.0,-36.0,3,1
Guatemala,1992,393,64,1,1.0,426.0,1.0,532.6666666666666,-10.0,4,1
Guatemala,1993,218,51,1,1.0,393.0,1.0,500.0,-13.0,5,1
Guatemala,1994,287,38,1,1.0,218.0,1.0,345.6666666666667,-13.0,6,1
Guatemala,1995,122,27,1,1.0,287.0,1.0,299.3333333333333,-11.0,7,0
Guatemala,1996,20,11,0,1.0,122.0,1.0,209.0,-16.0,0,0
Guatemala,1997,2,1,0,0.0,20.0,0.6666666666666666,143.0,-10.0,0,0
Guatemala,1998,1,1,0,0.0,2.0,0.3333333333333333,48.0,0.0,0,0
Guatemala,1999,0,0,0,0.0,1.0,0.0,7.666666666666667,-1.0,0,0
Guatemala,2000,0,1,0,0.0,0.0,0.0,1.0,1.0,0,0
Guatemala,2001,5,1,0,0.0,0.0,0.0,0.3333333333333333,0.0,0,0
Guatemala,2002,2,2,0,0.0,5.0,0.0,1.6666666666666667,1.0,0,0
Guatemala,2003,0,0,0,0.0,2.0,0.0,2.3333333333333335,-2.0,0,0
Guatemala,2004,1,2,0,0.0,0.0,0.0,2.3333333333333335,2.0,0,1
Guatemala,2005,58,5,1,0.0,1.0,0.0,1.0,3.0,1,0
Guatemala,2006,0,0,0,1.0,58.0,0.3333333333333333,19.666666666666668,-5.0,0,0
Guatemala,2007,6,2,0,0.0,0.0,0.3333333333333333,19.666666666666668,2.0,0,1
Guatemala,2008,41,5,1,0.0,6.0,0.3333333333333333,21.333333333333332,3.0,1,0
Guatemala,2009,1,1,0,1.0,41.0,0.3333333333333333,15.666666666666666,-4.0,0,0
Guatemala,2010,0,0,0,0.0,1.0,0.3333333333333333,16.0,-1.0,0,1
Guatemala,2011,36,4,1,0.0,0.0,0.3333333333333333,14.0,4.0,1,0
Guatemala,2012,0,0,0,1.0,36.0,0.3333333333333333,12.333333333333334,-4.0,0,0
Guatemala,2013,0,0,0,0.0,0.0,0.3333333333333333,12.0,0.0,0,0
Guatemala,2014,0,0,0,0.0,0.0,0.3333333333333333,12.0,0.0,0,0
Guatemala,2015,24,4,0,0.0,0.0,0.0,0.0,4.0,0,0
Guatemala,2016,2,1,0,0.0,24.0,0.0,8.0,-3.0,0,0
Guatemala,2017,0,0,0,0.0,2.0,0.0,8.666666666666666,-1.0,0,0
Guatemala,2018,0,0,0,0.0,0.0,0.0,8.666666666666666,0.0,0,0
Guatemala,2019,0,0,0,0.0,0.0,0.0,0.6666666666666666,0.0,0,0
Guatemala,2020,0,0,0,0.0,0.0,0.0,0.0,0.0,0,0
Guatemala,2021,1,1,0,0.0,0.0,0.0,0.0,1.0,0,0
Guatemala,2022,13,3,0,0.0,1.0,0.0,0.3333333333333333,2.0,0,0
Guatemala,2023,10,2,0,0.0,13.0,0.0,4.666666666666667,-1.0,0,1
Guinea,1989,0,0,0,0.0,0.0,0.0,0.0,0.0,0,0
Guinea,1990,0,0,0,0.0,0.0,0.0,0.0,0.0,0,0
Guinea,1991,0,0,0,0.0,0.0,0.0,0.0,0.0,0,0
Guinea,1992,0,0,0,0.0,0.0,0.0,0.0,0.0,0,0
Guinea,1993,0,0,0,0.0,0.0,0.0,0.0,0.0,0,0
Guinea,1994,0,1,0,0.0,0.0,0.0,0.0,1.0,0,0
Guinea,1995,0,0,0,0.0,0.0,0.0,0.0,-1.0,0,1
Guinea,1996,27,1,1,0.0,0.0,0.0,0.0,1.0,1,0
Guinea,1997,0,0,0,1.0,27.0,0.3333333333333333,9.0,-1.0,0,0
Guinea,1998,12,3,0,0.0,0.0,0.3333333333333333,9.0,3.0,0,0
Guinea,1999,13,2,0,0.0,12.0,0.3333333333333333,13.0,-1.0,0,1
Guinea,2000,256,26,1,0.0,13.0,0.0,8.333333333333334,24.0,1,1
Guinea,2001,430,4,1,1.0,256.0,0.3333333333333333,93.66666666666667,-22.0,2,0
Guinea,2002,0,0,0,1.0,430.0,0.6666666666666666,233.0,-4.0,0,0
Guinea,2003,0,0,0,0.0,0.0,0.6666666666666666,228.66666666666666,0.0,0,0
Guinea,2004,0,0,0,0.0,0.0,0.3333333333333333,143.33333333333334,0.0,0,0
Guinea,2005,3,1,0,0.0,0.0,0.0,0.0,1.0,0,0
Guinea,2006,15,6,0,0.0,3.0,0.0,1.0,5.0,0,1
Guinea,2007,45,21,1,0.0,15.0,0.0,6.0,15.0,1,0
Guinea,2008,0,0,0,1.0,45.0,0.3333333333333333,21.0,-21.0,0,1
Guinea,2009,160,3,1,0.0,0.0,0.3333333333333333,20.0,3.0,1,0
Guinea,2010,1,1,0,1.0,160.0,0.6666666666666666,68.33333333333333,-2.0,0,1
Guinea,2011,25,1,1,0.0,1.0,0.3333333333333333,53.666666666666664,0.0,1,0
Guinea,2012,9,4,0,1.0,25.0,0.6666666666666666,62.0,3.0,0,1
Guinea,2013,98,3,1,0.0,9.0,0.3333333333333333,11.666666666666666,-1.0,1,0
Guinea,2014,0,0,0,1.0,98.0,0.6666666666666666,44.0,-3.0,0,0
Guinea,2015,3,1,0,0.0,0.0,0.3333333333333333,35.666666666666664,1.0,0,0
Guinea,2016,0,0,0,0.0,3.0,0.3333333333333333,33.666666666666664,-1.0,0,0
Guinea,2017,0,0,0,0.0,0.0,0.0,1.0,0.0,0,0
Guinea,2018,0,0,0,0.0,0.0,0.0,1.0,0.0,0,0
Guinea,2019,1,1,0,0.0,0.0,0.0,0.0,1.0,0,1
Guinea,2020,49,3,1,0.0,1.0,0.0,0.3333333333333333,2.0,1,0
Guinea,2021,1,1,0,1.0,49.0,0.3333333333333333,16.666666666666668,-2.0,0,0
Guinea,2022,0,0,0,0.0,1.0,0.3333333333333333,17.0,-1.0,0,0
Guinea,2023,0,0,0,0.0,0.0,0.3333333333333333,16.666666666666668,0.0,0,0
Guinea-Bissau,1989,0,0,0,0.0,0.0,0.0,0.0,0.0,0,0
Guinea-Bissau,1990,0,0,0,0.0,0.0,0.0,0.0,0.0,0,0
Guinea-Bissau,1991,0,0,0,0.0,0.0,0.0,0.0,0.0,0,0
Guinea-Bissau,1992,2,1,0,0.0,0.0,0.0,0.0,1.0,0,0
Guinea-Bissau,1993,0,0,0,0.0,2.0,0.0,0.6666666666666666,-1.0,0,0
Guinea-Bissau,1994,0,0,0,0.0,0.0,0.0,0.6666666666666666,0.0,0,0
Guinea-Bissau,1995,0,0,0,0.0,0.0,0.0,0.6666666666666666,0.0,0,0
Guinea-Bissau,1996,0,0,0,0.0,0.0,0.0,0.0,0.0,0,0
Guinea-Bissau,1997,0,0,0,0.0,0.0,0.0,0.0,0.0,0,1
Guinea-Bissau,1998,505,16,1,0.0,0.0,0.0,0.0,16.0,1,1
Guinea-Bissau,1999,199,3,1,1.0,505.0,0.3333333333333333,168.33333333333334,-13.0,2,0
Guinea-Bissau,2000,0,2,0,1.0,199.0,0.6666666666666666,234.66666666666666,-1.0,0,0
Guinea-Bissau,2001,0,0,0,0.0,0.0,0.6666666666666666,234.66666666666666,-2.0,0,0
Guinea-Bissau,2002,0,0,0,0.0,0.0,0.3333333333333333,66.33333333333333,0.0,0,0
Guinea-Bissau,2003,0,0,0,0.0,0.0,0.0,0.0,0.0,0,0
Guinea-Bissau,2004,0,0,0,0.0,0.0,0.0,0.0,0.0,0,0
Guinea-Bissau,2005,0,0,0,0.0,0.0,0.0,0.0,0.0,0,0
Guinea-Bissau,2006,0,0,0,0.0,0.0,0.0,0.0,0.0,0,0
Guinea-Bissau,2007,0,0,0,0.0,0.0,0.0,0.0,0.0,0,0
Guinea-Bissau,2008,0,0,0,0.0,0.0,0.0,0.0,0.0,0,0
Guinea-Bissau,2009,0,0,0,0.0,0.0,0.0,0.0,0.0,0,0
Guinea-Bissau,2010,0,0,0,0.0,0.0,0.0,0.0,0.0,0,0
Guinea-Bissau,2011,0,0,0,0.0,0.0,0.0,0.0,0.0,0,0
Guinea-Bissau,2012,0,0,0,0.0,0.0,0.0,0.0,0.0,0,0
Guinea-Bissau,2013,0,0,0,0.0,0.0,0.0,0.0,0.0,0,0
Guinea-Bissau,2014,0,0,0,0.0,0.0,0.0,0.0,0.0,0,0
Guinea-Bissau,2015,0,0,0,0.0,0.0,0.0,0.0,0.0,0,0
Guinea-Bissau,2016,0,0,0,0.0,0.0,0.0,0.0,0.0,0,0
Guinea-Bissau,2017,0,0,0,0.0,0.0,0.0,0.0,0.0,0,0
Guinea-Bissau,2018,0,0,0,0.0,0.0,0.0,0.0,0.0,0,0
Guinea-Bissau,2019,0,0,0,0.0,0.0,0.0,0.0,0.0,0,0
Guinea-Bissau,2020,0,0,0,0.0,0.0,0.0,0.0,0.0,0,0
Guinea-Bissau,2021,0,0,0,0.0,0.0,0.0,0.0,0.0,0,0
Guinea-Bissau,2022,0,0,0,0.0,0.0,0.0,0.0,0.0,0,0
Guinea-Bissau,2023,0,0,0,0.0,0.0,0.0,0.0,0.0,0,0
Guyana,1989,0,0,0,0.0,0.0,0.0,0.0,0.0,0,0
Guyana,1990,0,0,0,0.0,0.0,0.0,0.0,0.0,0,0
Guyana,1991,0,0,0,0.0,0.0,0.0,0.0,0.0,0,0
Guyana,1992,0,0,0,0.0,0.0,0.0,0.0,0.0,0,0
Guyana,1993,0,0,0,0.0,0.0,0.0,0.0,0.0,0,0
Guyana,1994,0,0,0,0.0,0.0,0.0,0.0,0.0,0,0
Guyana,1995,0,0,0,0.0,0.0,0.0,0.0,0.0,0,0
Guyana,1996,0,0,0,0.0,0.0,0.0,0.0,0.0,0,0
Guyana,1997,0,0,0,0.0,0.0,0.0,0.0,0.0,0,0
Guyana,1998,0,0,0,0.0,0.0,0.0,0.0,0.0,0,0
Guyana,1999,0,0,0,0.0,0.0,0.0,0.0,0.0,0,0
Guyana,2000,0,0,0,0.0,0.0,0.0,0.0,0.0,0,0
Guyana,2001,0,0,0,0.0,0.0,0.0,0.0,0.0,0,0
Guyana,2002,0,0,0,0.0,0.0,0.0,0.0,0.0,0,0
Guyana,2003,0,0,0,0.0,0.0,0.0,0.0,0.0,0,0
Guyana,2004,0,0,0,0.0,0.0,0.0,0.0,0.0,0,0
Guyana,2005,0,0,0,0.0,0.0,0.0,0.0,0.0,0,0
Guyana,2006,0,0,0,0.0,0.0,0.0,0.0,0.0,0,0
Guyana,2007,0,0,0,0.0,0.0,0.0,0.0,0.0,0,1
Guyana,2008,29,3,1,0.0,0.0,0.0,0.0,3.0,1,0
Guyana,2009,0,0,0,1.0,29.0,0.3333333333333333,9.666666666666666,-3.0,0,0
Guyana,2010,0,0,0,0.0,0.0,0.3333333333333333,9.666666666666666,0.0,0,0
Guyana,2011,0,0,0,0.0,0.0,0.3333333333333333,9.666666666666666,0.0,0,0
Guyana,2012,0,0,0,0.0,0.0,0.0,0.0,0.0,0,0
Guyana,2013,0,0,0,0.0,0.0,0.0,0.0,0.0,0,0
Guyana,2014,0,0,0,0.0,0.0,0.0,0.0,0.0,0,0
Guyana,2015,0,0,0,0.0,0.0,0.0,0.0,0.0,0,0
Guyana,2016,0,0,0,0.0,0.0,0.0,0.0,0.0,0,0
Guyana,2017,0,0,0,0.0,0.0,0.0,0.0,0.0,0,0
Guyana,2018,0,0,0,0.0,0.0,0.0,0.0,0.0,0,0
Guyana,2019,0,0,0,0.0,0.0,0.0,0.0,0.0,0,0
Guyana,2020,0,0,0,0.0,0.0,0.0,0.0,0.0,0,0
Guyana,2021,0,0,0,0.0,0.0,0.0,0.0,0.0,0,0
Guyana,2022,0,0,0,0.0,0.0,0.0,0.0,0.0,0,0
Guyana,2023,0,0,0,0.0,0.0,0.0,0.0,0.0,0,0
Haiti,1989,48,4,1,0.0,0.0,0.0,0.0,0.0,1,0
Haiti,1990,2,2,0,1.0,48.0,1.0,48.0,-2.0,0,1
Haiti,1991,270,8,1,0.0,2.0,0.5,25.0,6.0,1,0
Haiti,1992,0,0,0,1.0,270.0,0.6666666666666666,106.66666666666667,-8.0,0,1
Haiti,1993,37,3,1,0.0,0.0,0.3333333333333333,90.66666666666667,3.0,1,1
Haiti,1994,44,4,1,1.0,37.0,0.6666666666666666,102.33333333333333,1.0,2,0
Haiti,1995,1,1,0,1.0,44.0,0.6666666666666666,27.0,-3.0,0,0
Haiti,1996,0,0,0,0.0,1.0,0.6666666666666666,27.333333333333332,-1.0,0,0
Haiti,1997,0,0,0,0.0,0.0,0.3333333333333333,15.0,0.0,0,0
Haiti,1998,0,0,0,0.0,0.0,0.0,0.3333333333333333,0.0,0,0
Haiti,1999,11,2,0,0.0,0.0,0.0,0.0,2.0,0,0
Haiti,2000,0,0,0,0.0,11.0,0.0,3.6666666666666665,-2.0,0,0
Haiti,2001,0,0,0,0.0,0.0,0.0,3.6666666666666665,0.0,0,0
Haiti,2002,0,0,0,0.0,0.0,0.0,3.6666666666666665,0.0,0,0
Haiti,2003,0,0,0,0.0,0.0,0.0,0.0,0.0,0,1
Haiti,2004,231,22,1,0.0,0.0,0.0,0.0,22.0,1,1
Haiti,2005,40,7,1,1.0,231.0,0.3333333333333333,77.0,-15.0,2,0
Haiti,2006,0,0,0,1.0,40.0,0.6666666666666666,90.33333333333333,-7.0,0,0
Haiti,2007,0,0,0,0.0,0.0,0.6666666666666666,90.33333333333333,0.0,0,0
Haiti,2008,0,0,0,0.0,0.0,0.3333333333333333,13.333333333333334,0.0,0,0
Haiti,2009,0,0,0,0.0,0.0,0.0,0.0,0.0,0,0
Haiti,2010,0,0,0,0.0,0.0,0.0,0.0,0.0,0,0
Haiti,2011,0,0,0,0.0,0.0,0.0,0.0,0.0,0,0
Haiti,2012,0,0,0,0.0,0.0,0.0,0.0,0.0,0,0
Haiti,2013,0,0,0,0.0,0.0,0.0,0.0,0.0,0,0
Haiti,2014,0,0,0,0.0,0.0,0.0,0.0,0.0,0,0
Haiti,2015,0,0,0,0.0,0.0,0.0,0.0,0.0,0,0
Haiti,2016,0,0,0,0.0,0.0,0.0,0.0,0.0,0,0
Haiti,2017,8,1,0,0.0,0.0,0.0,0.0,1.0,0,1
Haiti,2018,71,1,1,0.0,8.0,0.0,2.6666666666666665,0.0,1,0
Haiti,2019,1,1,0,1.0,71.0,0.3333333333333333,26.333333333333332,0.0,0,1
Haiti,2020,166,48,1,0.0,1.0,0.3333333333333333,26.666666666666668,47.0,1,1
Haiti,2021,140,25,1,1.0,166.0,0.6666666666666666,79.33333333333333,-23.0,2,1
Haiti,2022,236,65,1,1.0,140.0,0.6666666666666666,102.33333333333333,40.0,3,1
Haiti,2023,454,49,1,1.0,236.0,1.0,180.66666666666666,-16.0,4,1
Honduras,1989,0,0,0,0.0,0.0,0.0,0.0,0.0,0,0
Honduras,1990,0,0,0,0.0,0.0,0.0,0.0,0.0,0,0
Honduras,1991,0,0,0,0.0,0.0,0.0,0.0,0.0,0,0
Honduras,1992,0,0,0,0.0,0.0,0.0,0.0,0.0,0,0
Honduras,1993,0,0,0,0.0,0.0,0.0,0.0,0.0,0,0
Honduras,1994,0,0,0,0.0,0.0,0.0,0.0,0.0,0,0
Honduras,1995,0,0,0,0.0,0.0,0.0,0.0,0.0,0,0
Honduras,1996,0,0,0,0.0,0.0,0.0,0.0,0.0,0,0
Honduras,1997,0,0,0,0.0,0.0,0.0,0.0,0.0,0,0
Honduras,1998,0,0,0,0.0,0.0,0.0,0.0,0.0,0,0
Honduras,1999,9,1,0,0.0,0.0,0.0,0.0,1.0,0,0
Honduras,2000,6,1,0,0.0,9.0,0.0,3.0,0.0,0,0
Honduras,2001,0,0,0,0.0,6.0,0.0,5.0,-1.0,0,0
Honduras,2002,1,1,0,0.0,0.0,0.0,5.0,1.0,0,1
Honduras,2003,40,7,1,0.0,1.0,0.0,2.3333333333333335,6.0,1,1
Honduras,2004,30,4,1,1.0,40.0,0.3333333333333333,13.666666666666666,-3.0,2,0
Honduras,2005,0,0,0,1.0,30.0,0.6666666666666666,23.666666666666668,-4.0,0,0
Honduras,2006,0,0,0,0.0,0.0,0.6666666666666666,23.333333333333332,0.0,0,0
Honduras,2007,0,0,0,0.0,0.0,0.3333333333333333,10.0,0.0,0,0
Honduras,2008,0,0,0,0.0,0.0,0.0,0.0,0.0,0,0
Honduras,2009,0,0,0,0.0,0.0,0.0,0.0,0.0,0,1
Honduras,2010,44,5,1,0.0,0.0,0.0,0.0,5.0,1,0
Honduras,2011,0,0,0,1.0,44.0,0.3333333333333333,14.666666666666666,-5.0,0,0
Honduras,2012,18,4,0,0.0,0.0,0.3333333333333333,14.666666666666666,4.0,0,0
Honduras,2013,6,2,0,0.0,18.0,0.3333333333333333,20.666666666666668,-2.0,0,0
Honduras,2014,21,3,0,0.0,6.0,0.0,8.0,1.0,0,1
Honduras,2015,71,13,1,0.0,21.0,0.0,15.0,10.0,1,0
Honduras,2016,10,2,0,1.0,71.0,0.3333333333333333,32.666666666666664,-11.0,0,0
Honduras,2017,0,0,0,0.0,10.0,0.3333333333333333,34.0,-2.0,0,0
Honduras,2018,2,2,0,0.0,0.0,0.3333333333333333,27.0,2.0,0,1
Honduras,2019,40,3,1,0.0,2.0,0.0,4.0,1.0,1,0
Honduras,2020,1,1,0,1.0,40.0,0.3333333333333333,14.0,-2.0,0,0
Honduras,2021,10,4,0,0.0,1.0,0.3333333333333333,14.333333333333334,3.0,0,0
Honduras,2022,6,3,0,0.0,10.0,0.3333333333333333,17.0,-1.0,0,1
Honduras,2023,105,27,1,0.0,6.0,0.0,5.666666666666667,24.0,1,0
India,1989,1852,119,1,0.0,0.0,0.0,0.0,0.0,1,1
India,1990,4801,333,1,1.0,1852.0,1.0,1852.0,214.0,2,1
India,1991,3724,221,1,1.0,4801.0,1.0,3326.5,-112.0,3,1
India,1992,4163,240,1,1.0,3724.0,1.0,3459.0,19.0,4,1
India,1993,2326,331,1,1.0,4163.0,1.0,4229.333333333333,91.0,5,1
India,1994,1435,244,1,1.0,2326.0,1.0,3404.3333333333335,-87.0,6,1
India,1995,1079,226,1,1.0,1435.0,1.0,2641.3333333333335,-18.0,7,1
India,1996,1333,177,1,1.0,1079.0,1.0,1613.3333333333333,-49.0,8,1
India,1997,1448,277,1,1.0,1333.0,1.0,1282.3333333333333,100.0,9,1
India,1998,1623,386,1,1.0,1448.0,1.0,1286.6666666666667,109.0,10,1
India,1999,2563,544,1,1.0,1623.0,1.0,1468.0,158.0,11,1
India,2000,4103,1534,1,1.0,2563.0,1.0,1878.0,990.0,12,1
India,2001,1931,555,1,1.0,4103.0,1.0,2763.0,-979.0,13,1
India,2002,3031,1083,1,1.0,1931.0,1.0,2865.6666666666665,528.0,14,1
India,2003,2442,919,1,1.0,3031.0,1.0,3021.6666666666665,-164.0,15,1
India,2004,2527,997,1,1.0,2442.0,1.0,2468.0,78.0,16,1
India,2005,2015,910,1,1.0,2527.0,1.0,2666.6666666666665,-87.0,17,1
India,2006,2155,932,1,1.0,2015.0,1.0,2328.0,22.0,18,1
India,2007,1775,727,1,1.0,2155.0,1.0,2232.3333333333335,-205.0,19,1
India,2008,1863,680,1,1.0,1775.0,1.0,1981.6666666666667,-47.0,20,1
India,2009,1621,843,1,1.0,1863.0,1.0,1931.0,163.0,21,1
India,2010,1633,780,1,1.0,1621.0,1.0,1753.0,-63.0,22,1
India,2011,798,408,1,1.0,1633.0,1.0,1705.6666666666667,-372.0,23,1
India,2012,801,428,1,1.0,798.0,1.0,1350.6666666666667,20.0,24,1
India,2013,702,346,1,1.0,801.0,1.0,1077.3333333333333,-82.0,25,1
India,2014,734,400,1,1.0,702.0,1.0,767.0,54.0,26,1
India,2015,622,321,1,1.0,734.0,1.0,745.6666666666666,-79.0,27,1
India,2016,762,419,1,1.0,622.0,1.0,686.0,98.0,28,1
India,2017,847,400,1,1.0,762.0,1.0,706.0,-19.0,29,1
India,2018,952,480,1,1.0,847.0,1.0,743.6666666666666,80.0,30,1
India,2019,734,354,1,1.0,952.0,1.0,853.6666666666666,-126.0,31,1
India,2020,754,389,1,1.0,734.0,1.0,844.3333333333334,35.0,32,1
India,2021,521,277,1,1.0,754.0,1.0,813.3333333333334,-112.0,33,1
India,2022,393,266,1,1.0,521.0,1.0,669.6666666666666,-11.0,34,1
India,2023,406,217,1,1.0,393.0,1.0,556.0,-49.0,35,1
Indonesia,1989,7,5,0,0.0,0.0,0.0,0.0,0.0,0,1
Indonesia,1990,200,46,1,0.0,7.0,0.0,7.0,41.0,1,1
Indonesia,1991,429,38,1,1.0,200.0,0.5,103.5,-8.0,2,1
Indonesia,1992,53,14,1,1.0,429.0,0.6666666666666666,212.0,-24.0,3,1
Indonesia,1993,27,8,1,1.0,53.0,1.0,227.33333333333334,-6.0,4,0
Indonesia,1994,12,9,0,1.0,27.0,1.0,169.66666666666666,1.0,0,1
Indonesia,1995,63,21,1,0.0,12.0,0.6666666666666666,30.666666666666668,12.0,1,1
Indonesia,1996,36,18,1,1.0,63.0,0.6666666666666666,34.0,-3.0,2,1
Indonesia,1997,441,37,1,1.0,36.0,0.6666666666666666,37.0,19.0,3,1
Indonesia,1998,141,30,1,1.0,441.0,1.0,180.0,-7.0,4,1
Indonesia,1999,2421,338,1,1.0,141.0,1.0,206.0,308.0,5,1
Indonesia,2000,917,157,1,1.0,2421.0,1.0,1001.0,-181.0,6,1
Indonesia,2001,884,107,1,1.0,917.0,1.0,1159.6666666666667,-50.0,7,1
Indonesia,2002,762,265,1,1.0,884.0,1.0,1407.3333333333333,158.0,8,1
Indonesia,2003,1069,227,1,1.0,762.0,1.0,854.3333333333334,-38.0,9,1
Indonesia,2004,1082,359,1,1.0,1069.0,1.0,905.0,132.0,10,1
Indonesia,2005,242,33,1,1.0,1082.0,1.0,971.0,-326.0,11,0
Indonesia,2006,13,3,0,1.0,242.0,1.0,797.6666666666666,-30.0,0,0
Indonesia,2007,2,1,0,0.0,13.0,0.6666666666666666,445.6666666666667,-2.0,0,0
Indonesia,2008,6,3,0,0.0,2.0,0.3333333333333333,85.66666666666667,2.0,0,0
Indonesia,2009,0,0,0,0.0,6.0,0.0,7.0,-3.0,0,0
Indonesia,2010,0,0,0,0.0,0.0,0.0,2.6666666666666665,0.0,0,0
Indonesia,2011,9,4,0,0.0,0.0,0.0,2.0,4.0,0,0
Indonesia,2012,1,1,0,0.0,9.0,0.0,3.0,-3.0,0,0
Indonesia,2013,20,6,0,0.0,1.0,0.0,3.3333333333333335,5.0,0,0
Indonesia,2014,12,4,0,0.0,20.0,0.0,10.0,-2.0,0,0
Indonesia,2015,4,3,0,0.0,12.0,0.0,11.0,-1.0,0,0
Indonesia,2016,0,0,0,0.0,4.0,0.0,12.0,-3.0,0,0
Indonesia,2017,2,3,0,0.0,0.0,0.0,5.333333333333333,3.0,0,1
Indonesia,2018,37,11,1,0.0,2.0,0.0,2.0,8.0,1,1
Indonesia,2019,41,22,1,1.0,37.0,0.3333333333333333,13.0,11.0,2,1
Indonesia,2020,35,24,1,1.0,41.0,0.6666666666666666,26.666666666666668,2.0,3,1
Indonesia,2021,68,42,1,1.0,35.0,1.0,37.666666666666664,18.0,4,1
Indonesia,2022,64,33,1,1.0,68.0,1.0,48.0,-9.0,5,1
Indonesia,2023,94,39,1,1.0,64.0,1.0,55.666666666666664,6.0,6,1
Iran,1989,0,0,0,0.0,0.0,0.0,0.0,0.0,0,1
Iran,1990,31,14,1,0.0,0.0,0.0,0.0,14.0,1,1
Iran,1991,44,3,1,1.0,31.0,0.5,15.5,-11.0,2,0
Iran,1992,4,2,0,1.0,44.0,0.6666666666666666,25.0,-1.0,0,1
Iran,1993,153,17,1,0.0,4.0,0.6666666666666666,26.333333333333332,15.0,1,0
Iran,1994,16,2,0,1.0,153.0,0.6666666666666666,67.0,-15.0,0,0
Iran,1995,17,3,0,0.0,16.0,0.3333333333333333,57.666666666666664,1.0,0,1
Iran,1996,34,4,1,0.0,17.0,0.3333333333333333,62.0,1.0,1,1
Iran,1997,37,13,1,1.0,34.0,0.3333333333333333,22.333333333333332,9.0,2,0
Iran,1998,13,5,0,1.0,37.0,0.6666666666666666,29.333333333333332,-8.0,0,0
Iran,1999,19,6,0,0.0,13.0,0.6666666666666666,28.0,1.0,0,1
Iran,2000,41,21,1,0.0,19.0,0.3333333333333333,23.0,15.0,1,1
Iran,2001,112,14,1,1.0,41.0,0.3333333333333333,24.333333333333332,-7.0,2,0
Iran,2002,0,0,0,1.0,112.0,0.6666666666666666,57.333333333333336,-14.0,0,0
Iran,2003,2,1,0,0.0,0.0,0.6666666666666666,51.0,1.0,0,0
Iran,2004,0,0,0,0.0,2.0,0.3333333333333333,38.0,-1.0,0,1
Iran,2005,54,15,1,0.0,0.0,0.0,0.6666666666666666,15.0,1,1
Iran,2006,61,21,1,1.0,54.0,0.3333333333333333,18.666666666666668,6.0,2,1
Iran,2007,86,21,1,1.0,61.0,0.6666666666666666,38.333333333333336,0.0,3,1
Iran,2008,118,20,1,1.0,86.0,1.0,67.0,-1.0,4,1
Iran,2009,208,32,1,1.0,118.0,1.0,88.33333333333333,12.0,5,1
Iran,2010,101,12,1,1.0,208.0,1.0,137.33333333333334,-20.0,6,1
Iran,2011,220,14,1,1.0,101.0,1.0,142.33333333333334,2.0,7,0
Iran,2012,17,5,0,1.0,220.0,1.0,176.33333333333334,-9.0,0,0
Iran,2013,11,4,0,0.0,17.0,0.6666666666666666,112.66666666666667,-1.0,0,0
Iran,2014,5,2,0,0.0,11.0,0.3333333333333333,82.66666666666667,-2.0,0,1
Iran,2015,25,8,1,0.0,5.0,0.0,11.0,6.0,1,1
Iran,2016,69,25,1,1.0,25.0,0.3333333333333333,13.666666666666666,17.0,2,1
Iran,2017,58,12,1,1.0,69.0,0.6666666666666666,33.0,-13.0,3,1
Iran,2018,92,18,1,1.0,58.0,1.0,50.666666666666664,6.0,4,1
Iran,2019,313,89,1,1.0,92.0,1.0,73.0,71.0,5,1
Iran,2020,246,26,1,1.0,313.0,1.0,154.33333333333334,-63.0,6,1
Iran,2021,82,34,1,1.0,246.0,1.0,217.0,8.0,7,1
Iran,2022,251,158,1,1.0,82.0,1.0,213.66666666666666,124.0,8,1
Iran,2023,43,13,1,1.0,251.0,1.0,193.0,-145.0,9,1
Iraq,1989,50,2,1,0.0,0.0,0.0,0.0,0.0,1,1
Iraq,1990,117,6,1,1.0,50.0,1.0,50.0,4.0,2,1
Iraq,1991,24501,101,1,1.0,117.0,1.0,83.5,95.0,3,1
Iraq,1992,846,53,1,1.0,24501.0,1.0,8222.666666666666,-48.0,4,1
Iraq,1993,368,41,1,1.0,846.0,1.0,8488.0,-12.0,5,1
Iraq,1994,995,38,1,1.0,368.0,1.0,8571.666666666666,-3.0,6,1
Iraq,1995,1537,86,1,1.0,995.0,1.0,736.3333333333334,48.0,7,1
Iraq,1996,832,66,1,1.0,1537.0,1.0,966.6666666666666,-20.0,8,1
Iraq,1997,1628,71,1,1.0,832.0,1.0,1121.3333333333333,5.0,9,1
Iraq,1998,96,17,1,1.0,1628.0,1.0,1332.3333333333333,-54.0,10,1
Iraq,1999,308,18,1,1.0,96.0,1.0,852.0,1.0,11,1
Iraq,2000,193,11,1,1.0,308.0,1.0,677.3333333333334,-7.0,12,1
Iraq,2001,56,14,1,1.0,193.0,1.0,199.0,3.0,13,1
Iraq,2002,111,6,1,1.0,56.0,1.0,185.66666666666666,-8.0,14,1
Iraq,2003,8021,106,1,1.0,111.0,1.0,120.0,100.0,15,1
Iraq,2004,4366,344,1,1.0,8021.0,1.0,2729.3333333333335,238.0,16,1
Iraq,2005,3521,505,1,1.0,4366.0,1.0,4166.0,161.0,17,1
Iraq,2006,4598,534,1,1.0,3521.0,1.0,5302.666666666667,29.0,18,1
Iraq,2007,4489,451,1,1.0,4598.0,1.0,4161.666666666667,-83.0,19,1
Iraq,2008,2765,403,1,1.0,4489.0,1.0,4202.666666666667,-48.0,20,1
Iraq,2009,1720,355,1,1.0,2765.0,1.0,3950.6666666666665,-48.0,21,1
Iraq,2010,1857,367,1,1.0,1720.0,1.0,2991.3333333333335,12.0,22,1
Iraq,2011,1365,192,1,1.0,1857.0,1.0,2114.0,-175.0,23,1
Iraq,2012,1407,258,1,1.0,1365.0,1.0,1647.3333333333333,66.0,24,1
Iraq,2013,4010,503,1,1.0,1407.0,1.0,1543.0,245.0,25,1
Iraq,2014,16437,796,1,1.0,4010.0,1.0,2260.6666666666665,293.0,26,1
Iraq,2015,11304,687,1,1.0,16437.0,1.0,7284.666666666667,-109.0,27,1
Iraq,2016,12025,726,1,1.0,11304.0,1.0,10583.666666666666,39.0,28,1
Iraq,2017,11417,609,1,1.0,12025.0,1.0,13255.333333333334,-117.0,29,1
Iraq,2018,1448,268,1,1.0,11417.0,1.0,11582.0,-341.0,30,1
Iraq,2019,960,281,1,1.0,1448.0,1.0,8296.666666666666,13.0,31,1
Iraq,2020,945,276,1,1.0,960.0,1.0,4608.333333333333,-5.0,32,1
Iraq,2021,1014,366,1,1.0,945.0,1.0,1117.6666666666667,90.0,33,1
Iraq,2022,1027,371,1,1.0,1014.0,1.0,973.0,5.0,34,1
Iraq,2023,498,242,1,1.0,1027.0,1.0,995.3333333333334,-129.0,35,1
Israel,1989,93,58,1,0.0,0.0,0.0,0.0,0.0,1,1
Israel,1990,43,37,1,1.0,93.0,1.0,93.0,-21.0,2,1
Israel,1991,47,37,1,1.0,43.0,1.0,68.0,0.0,3,1
Israel,1992,72,55,1,1.0,47.0,1.0,61.0,18.0,4,1
Israel,1993,88,61,1,1.0,72.0,1.0,54.0,6.0,5,1
Israel,1994,116,52,1,1.0,88.0,1.0,69.0,-9.0,6,1
Israel,1995,78,24,1,1.0,116.0,1.0,92.0,-28.0,7,1
Israel,1996,132,25,1,1.0,78.0,1.0,94.0,1.0,8,1
Israel,1997,25,5,1,1.0,132.0,1.0,108.66666666666667,-20.0,9,0
Israel,1998,6,4,0,1.0,25.0,1.0,78.33333333333333,-1.0,0,0
Israel,1999,2,2,0,0.0,6.0,0.6666666666666666,54.333333333333336,-2.0,0,1
Israel,2000,109,60,1,0.0,2.0,0.3333333333333333,11.0,58.0,1,1
Israel,2001,356,179,1,1.0,109.0,0.3333333333333333,39.0,119.0,2,1
Israel,2002,892,377,1,1.0,356.0,0.6666666666666666,155.66666666666666,198.0,3,1
Israel,2003,468,152,1,1.0,892.0,1.0,452.3333333333333,-225.0,4,1
Israel,2004,522,269,1,1.0,468.0,1.0,572.0,117.0,5,1
Israel,2005,214,117,1,1.0,522.0,1.0,627.3333333333334,-152.0,6,1
Israel,2006,557,271,1,1.0,214.0,1.0,401.3333333333333,154.0,7,1
Israel,2007,538,239,1,1.0,557.0,1.0,431.0,-32.0,8,1
Israel,2008,738,156,1,1.0,538.0,1.0,436.3333333333333,-83.0,9,1
Israel,2009,751,153,1,1.0,738.0,1.0,611.0,-3.0,10,1
Israel,2010,75,42,1,1.0,751.0,1.0,675.6666666666666,-111.0,11,1
Israel,2011,102,51,1,1.0,75.0,1.0,521.3333333333334,9.0,12,1
Israel,2012,253,144,1,1.0,102.0,1.0,309.3333333333333,93.0,13,0
Israel,2013,12,10,0,1.0,253.0,1.0,143.33333333333334,-134.0,0,1
Israel,2014,2411,919,1,0.0,12.0,0.6666666666666666,122.33333333333333,909.0,1,0
Israel,2015,16,12,0,1.0,2411.0,0.6666666666666666,892.0,-907.0,0,0
Israel,2016,11,10,0,0.0,16.0,0.3333333333333333,813.0,-2.0,0,1
Israel,2017,25,8,1,0.0,11.0,0.3333333333333333,812.6666666666666,-2.0,1,1
Israel,2018,75,49,1,1.0,25.0,0.3333333333333333,17.333333333333332,41.0,2,1
Israel,2019,83,44,1,1.0,75.0,0.6666666666666666,37.0,-5.0,3,0
Israel,2020,8,5,0,1.0,83.0,1.0,61.0,-39.0,0,1
Israel,2021,280,106,1,0.0,8.0,0.6666666666666666,55.333333333333336,101.0,1,1
Israel,2022,98,45,1,1.0,280.0,0.6666666666666666,123.66666666666667,-61.0,2,1
Israel,2023,27434,1200,1,1.0,98.0,0.6666666666666666,128.66666666666666,1155.0,3,1
Italy,1989,0,0,0,0.0,0.0,0.0,0.0,0.0,0,0
Italy,1990,0,0,0,0.0,0.0,0.0,0.0,0.0,0,0
Italy,1991,0,0,0,0.0,0.0,0.0,0.0,0.0,0,0
Italy,1992,0,0,0,0.0,0.0,0.0,0.0,0.0,0,0
Italy,1993,0,1,0,0.0,0.0,0.0,0.0,1.0,0,0
Italy,1994,0,0,0,0.0,0.0,0.0,0.0,-1.0,0,0
Italy,1995,0,0,0,0.0,0.0,0.0,0.0,0.0,0,0
Italy,1996,0,0,0,0.0,0.0,0.0,0.0,0.0,0,0
Italy,1997,0,0,0,0.0,0.0,0.0,0.0,0.0,0,0
Italy,1998,0,0,0,0.0,0.0,0.0,0.0,0.0,0,0
Italy,1999,0,0,0,0.0,0.0,0.0,0.0,0.0,0,0
Italy,2000,0,0,0,0.0,0.0,0.0,0.0,0.0,0,0
Italy,2001,0,0,0,0.0,0.0,0.0,0.0,0.0,0,0
Italy,2002,0,0,0,0.0,0.0,0.0,0.0,0.0,0,0
Italy,2003,0,0,0,0.0,0.0,0.0,0.0,0.0,0,0
Italy,2004,0,0,0,0.0,0.0,0.0,0.0,0.0,0,0
Italy,2005,0,0,0,0.0,0.0,0.0,0.0,0.0,0,0
Italy,2006,0,0,0,0.0,0.0,0.0,0.0,0.0,0,0
Italy,2007,0,0,0,0.0,0.0,0.0,0.0,0.0,0,0
Italy,2008,0,0,0,0.0,0.0,0.0,0.0,0.0,0,0
Italy,2009,0,0,0,0.0,0.0,0.0,0.0,0.0,0,0
Italy,2010,0,0,0,0.0,0.0,0.0,0.0,0.0,0,0
Italy,2011,0,0,0,0.0,0.0,0.0,0.0,0.0,0,0
Italy,2012,0,0,0,0.0,0.0,0.0,0.0,0.0,0,0
Italy,2013,0,0,0,0.0,0.0,0.0,0.0,0.0,0,0
Italy,2014,0,0,0,0.0,0.0,0.0,0.0,0.0,0,0
Italy,2015,0,0,0,0.0,0.0,0.0,0.0,0.0,0,0
Italy,2016,0,0,0,0.0,0.0,0.0,0.0,0.0,0,0
Italy,2017,0,0,0,0.0,0.0,0.0,0.0,0.0,0,0
Italy,2018,0,0,0,0.0,0.0,0.0,0.0,0.0,0,0
Italy,2019,0,0,0,0.0,0.0,0.0,0.0,0.0,0,0
Italy,2020,0,0,0,0.0,0.0,0.0,0.0,0.0,0,0
Italy,2021,0,0,0,0.0,0.0,0.0,0.0,0.0,0,0
Italy,2022,0,0,0,0.0,0.0,0.0,0.0,0.0,0,0
Italy,2023,0,0,0,0.0,0.0,0.0,0.0,0.0,0,0
Ivory Coast,1989,0,0,0,0.0,0.0,0.0,0.0,0.0,0,0
Ivory Coast,1990,9,2,0,0.0,0.0,0.0,0.0,2.0,0,0
Ivory Coast,1991,0,1,0,0.0,9.0,0.0,4.5,-1.0,0,0
Ivory Coast,1992,0,0,0,0.0,0.0,0.0,3.0,-1.0,0,0
Ivory Coast,1993,1,1,0,0.0,0.0,0.0,3.0,1.0,0,0
Ivory Coast,1994,4,1,0,0.0,1.0,0.0,0.3333333333333333,0.0,0,1
Ivory Coast,1995,37,2,1,0.0,4.0,0.0,1.6666666666666667,1.0,1,1
Ivory Coast,1996,35,4,1,1.0,37.0,0.3333333333333333,14.0,2.0,2,0
Ivory Coast,1997,0,0,0,1.0,35.0,0.6666666666666666,25.333333333333332,-4.0,0,0
Ivory Coast,1998,0,1,0,0.0,0.0,0.6666666666666666,24.0,1.0,0,0
Ivory Coast,1999,0,2,0,0.0,0.0,0.3333333333333333,11.666666666666666,1.0,0,1
Ivory Coast,2000,132,6,1,0.0,0.0,0.0,0.0,4.0,1,0
Ivory Coast,2001,2,2,0,1.0,132.0,0.3333333333333333,44.0,-4.0,0,1
Ivory Coast,2002,1063,48,1,0.0,2.0,0.3333333333333333,44.666666666666664,46.0,1,1
Ivory Coast,2003,493,40,1,1.0,1063.0,0.6666666666666666,399.0,-8.0,2,1
Ivory Coast,2004,304,28,1,1.0,493.0,0.6666666666666666,519.3333333333334,-12.0,3,1
Ivory Coast,2005,153,21,1,1.0,304.0,1.0,620.0,-7.0,4,0
Ivory Coast,2006,11,7,0,1.0,153.0,1.0,316.6666666666667,-14.0,0,0
Ivory Coast,2007,3,3,0,0.0,11.0,0.6666666666666666,156.0,-4.0,0,0
Ivory Coast,2008,4,4,0,0.0,3.0,0.3333333333333333,55.666666666666664,1.0,0,0
Ivory Coast,2009,1,1,0,0.0,4.0,0.0,6.0,-3.0,0,1
Ivory Coast,2010,80,21,1,0.0,1.0,0.0,2.6666666666666665,20.0,1,1
Ivory Coast,2011,1256,158,1,1.0,80.0,0.3333333333333333,28.333333333333332,137.0,2,0
Ivory Coast,2012,21,5,0,1.0,1256.0,0.6666666666666666,445.6666666666667,-153.0,0,0
Ivory Coast,2013,4,2,0,0.0,21.0,0.6666666666666666,452.3333333333333,-3.0,0,0
Ivory Coast,2014,0,0,0,0.0,4.0,0.3333333333333333,427.0,-2.0,0,0
Ivory Coast,2015,0,0,0,0.0,0.0,0.0,8.333333333333334,0.0,0,1
Ivory Coast,2016,49,2,1,0.0,0.0,0.0,1.3333333333333333,2.0,1,0
Ivory Coast,2017,0,0,0,1.0,49.0,0.3333333333333333,16.333333333333332,-2.0,0,0
Ivory Coast,2018,0,0,0,0.0,0.0,0.3333333333333333,16.333333333333332,0.0,0,0
Ivory Coast,2019,0,0,0,0.0,0.0,0.3333333333333333,16.333333333333332,0.0,0,0
Ivory Coast,2020,3,1,0,0.0,0.0,0.0,0.0,1.0,0,0
Ivory Coast,2021,0,0,0,0.0,3.0,0.0,1.0,-1.0,0,0
Ivory Coast,2022,0,0,0,0.0,0.0,0.0,1.0,0.0,0,0
Ivory Coast,2023,0,0,0,0.0,0.0,0.0,1.0,0.0,0,0
Jamaica,1989,1,1,0,0.0,0.0,0.0,0.0,0.0,0,0
Jamaica,1990,0,0,0,0.0,1.0,0.0,1.0,-1.0,0,0
Jamaica,1991,0,0,0,0.0,0.0,0.0,0.5,0.0,0,0
Jamaica,1992,0,0,0,0.0,0.0,0.0,0.3333333333333333,0.0,0,0
Jamaica,1993,0,0,0,0.0,0.0,0.0,0.0,0.0,0,0
Jamaica,1994,5,1,0,0.0,0.0,0.0,0.0,1.0,0,0
Jamaica,1995,0,0,0,0.0,5.0,0.0,1.6666666666666667,-1.0,0,0
Jamaica,1996,0,0,0,0.0,0.0,0.0,1.6666666666666667,0.0,0,0
Jamaica,1997,0,0,0,0.0,0.0,0.0,1.6666666666666667,0.0,0,0
Jamaica,1998,0,0,0,0.0,0.0,0.0,0.0,0.0,0,0
Jamaica,1999,0,0,0,0.0,0.0,0.0,0.0,0.0,0,0
Jamaica,2000,0,0,0,0.0,0.0,0.0,0.0,0.0,0,1
Jamaica,2001,116,20,1,0.0,0.0,0.0,0.0,20.0,1,0
Jamaica,2002,22,7,0,1.0,116.0,0.3333333333333333,38.666666666666664,-13.0,0,0
Jamaica,2003,0,0,0,0.0,22.0,0.3333333333333333,46.0,-7.0,0,0
Jamaica,2004,0,0,0,0.0,0.0,0.3333333333333333,46.0,0.0,0,0
Jamaica,2005,0,0,0,0.0,0.0,0.0,7.333333333333333,0.0,0,0
Jamaica,2006,0,0,0,0.0,0.0,0.0,0.0,0.0,0,0
Jamaica,2007,0,0,0,0.0,0.0,0.0,0.0,0.0,0,0
Jamaica,2008,0,0,0,0.0,0.0,0.0,0.0,0.0,0,0
Jamaica,2009,0,0,0,0.0,0.0,0.0,0.0,0.0,0,0
Jamaica,2010,0,0,0,0.0,0.0,0.0,0.0,0.0,0,0
Jamaica,2011,0,0,0,0.0,0.0,0.0,0.0,0.0,0,0
Jamaica,2012,0,0,0,0.0,0.0,0.0,0.0,0.0,0,0
Jamaica,2013,0,0,0,0.0,0.0,0.0,0.0,0.0,0,0
Jamaica,2014,0,0,0,0.0,0.0,0.0,0.0,0.0,0,0
Jamaica,2015,0,0,0,0.0,0.0,0.0,0.0,0.0,0,0
Jamaica,2016,0,0,0,0.0,0.0,0.0,0.0,0.0,0,0
Jamaica,2017,0,0,0,0.0,0.0,0.0,0.0,0.0,0,0
Jamaica,2018,0,0,0,0.0,0.0,0.0,0.0,0.0,0,0
Jamaica,2019,0,0,0,0.0,0.0,0.0,0.0,0.0,0,0
Jamaica,2020,0,0,0,0.0,0.0,0.0,0.0,0.0,0,0
Jamaica,2021,0,0,0,0.0,0.0,0.0,0.0,0.0,0,0
Jamaica,2022,0,0,0,0.0,0.0,0.0,0.0,0.0,0,0
Jamaica,2023,0,0,0,0.0,0.0,0.0,0.0,0.0,0,0
Jordan,1989,0,0,0,0.0,0.0,0.0,0.0,0.0,0,0
Jordan,1990,0,0,0,0.0,0.0,0.0,0.0,0.0,0,0
Jordan,1991,0,0,0,0.0,0.0,0.0,0.0,0.0,0,0
Jordan,1992,1,1,0,0.0,0.0,0.0,0.0,1.0,0,0
Jordan,1993,0,0,0,0.0,1.0,0.0,0.3333333333333333,-1.0,0,0
Jordan,1994,0,0,0,0.0,0.0,0.0,0.3333333333333333,0.0,0,0
Jordan,1995,0,0,0,0.0,0.0,0.0,0.3333333333333333,0.0,0,0
Jordan,1996,0,0,0,0.0,0.0,0.0,0.0,0.0,0,0
Jordan,1997,0,0,0,0.0,0.0,0.0,0.0,0.0,0,0
Jordan,1998,0,0,0,0.0,0.0,0.0,0.0,0.0,0,0
Jordan,1999,0,0,0,0.0,0.0,0.0,0.0,0.0,0,0
Jordan,2000,0,0,0,0.0,0.0,0.0,0.0,0.0,0,0
Jordan,2001,0,0,0,0.0,0.0,0.0,0.0,0.0,0,0
Jordan,2002,0,0,0,0.0,0.0,0.0,0.0,0.0,0,0
Jordan,2003,0,0,0,0.0,0.0,0.0,0.0,0.0,0,0
Jordan,2004,0,0,0,0.0,0.0,0.0,0.0,0.0,0,1
Jordan,2005,59,1,1,0.0,0.0,0.0,0.0,1.0,1,0
Jordan,2006,0,0,0,1.0,59.0,0.3333333333333333,19.666666666666668,-1.0,0,0
Jordan,2007,0,0,0,0.0,0.0,0.3333333333333333,19.666666666666668,0.0,0,0
Jordan,2008,0,0,0,0.0,0.0,0.3333333333333333,19.666666666666668,0.0,0,0
Jordan,2009,0,0,0,0.0,0.0,0.0,0.0,0.0,0,0
Jordan,2010,0,0,0,0.0,0.0,0.0,0.0,0.0,0,0
Jordan,2011,0,0,0,0.0,0.0,0.0,0.0,0.0,0,0
Jordan,2012,0,0,0,0.0,0.0,0.0,0.0,0.0,0,0
Jordan,2013,0,0,0,0.0,0.0,0.0,0.0,0.0,0,0
Jordan,2014,0,0,0,0.0,0.0,0.0,0.0,0.0,0,0
Jordan,2015,1,1,0,0.0,0.0,0.0,0.0,1.0,0,1
Jordan,2016,37,5,1,0.0,1.0,0.0,0.3333333333333333,4.0,1,0
Jordan,2017,0,0,0,1.0,37.0,0.3333333333333333,12.666666666666666,-5.0,0,0
Jordan,2018,0,0,0,0.0,0.0,0.3333333333333333,12.666666666666666,0.0,0,0
Jordan,2019,0,0,0,0.0,0.0,0.3333333333333333,12.333333333333334,0.0,0,0
Jordan,2020,0,0,0,0.0,0.0,0.0,0.0,0.0,0,0
Jordan,2021,0,0,0,0.0,0.0,0.0,0.0,0.0,0,0
Jordan,2022,0,0,0,0.0,0.0,0.0,0.0,0.0,0,0
Jordan,2023,0,0,0,0.0,0.0,0.0,0.0,0.0,0,0
Kenya,1989,63,3,1,0.0,0.0,0.0,0.0,0.0,1,0
Kenya,1990,7,1,0,1.0,63.0,1.0,63.0,-2.0,0,0
Kenya,1991,17,2,0,0.0,7.0,0.5,35.0,1.0,0,1
Kenya,1992,159,26,1,0.0,17.0,0.3333333333333333,29.0,24.0,1,1
Kenya,1993,287,18,1,1.0,159.0,0.3333333333333333,61.0,-8.0,2,1
Kenya,1994,34,13,1,1.0,287.0,0.6666666666666666,154.33333333333334,-5.0,3,1
Kenya,1995,60,4,1,1.0,34.0,1.0,160.0,-9.0,4,1
Kenya,1996,170,9,1,1.0,60.0,1.0,127.0,5.0,5,1
Kenya,1997,212,11,1,1.0,170.0,1.0,88.0,2.0,6,1
Kenya,1998,322,15,1,1.0,212.0,1.0,147.33333333333334,4.0,7,1
Kenya,1999,229,8,1,1.0,322.0,1.0,234.66666666666666,-7.0,8,1
Kenya,2000,261,18,1,1.0,229.0,1.0,254.33333333333334,10.0,9,1
Kenya,2001,192,18,1,1.0,261.0,1.0,270.6666666666667,0.0,10,1
Kenya,2002,45,5,1,1.0,192.0,1.0,227.33333333333334,-13.0,11,0
Kenya,2003,7,2,0,1.0,45.0,1.0,166.0,-3.0,0,0
Kenya,2004,20,4,0,0.0,7.0,0.6666666666666666,81.33333333333333,2.0,0,1
Kenya,2005,215,29,1,0.0,20.0,0.3333333333333333,24.0,25.0,1,1
Kenya,2006,219,22,1,1.0,215.0,0.3333333333333333,80.66666666666667,-7.0,2,1
Kenya,2007,200,52,1,1.0,219.0,0.6666666666666666,151.33333333333334,30.0,3,1
Kenya,2008,783,117,1,1.0,200.0,1.0,211.33333333333334,65.0,4,1
Kenya,2009,170,25,1,1.0,783.0,1.0,400.6666666666667,-92.0,5,1
Kenya,2010,87,28,1,1.0,170.0,1.0,384.3333333333333,3.0,6,1
Kenya,2011,144,26,1,1.0,87.0,1.0,346.6666666666667,-2.0,7,1
Kenya,2012,309,71,1,1.0,144.0,1.0,133.66666666666666,45.0,8,1
Kenya,2013,267,49,1,1.0,309.0,1.0,180.0,-22.0,9,1
Kenya,2014,344,85,1,1.0,267.0,1.0,240.0,36.0,10,1
Kenya,2015,389,42,1,1.0,344.0,1.0,306.6666666666667,-43.0,11,1
Kenya,2016,130,48,1,1.0,389.0,1.0,333.3333333333333,6.0,12,1
Kenya,2017,228,107,1,1.0,130.0,1.0,287.6666666666667,59.0,13,1
Kenya,2018,164,69,1,1.0,228.0,1.0,249.0,-38.0,14,1
Kenya,2019,188,51,1,1.0,164.0,1.0,174.0,-18.0,15,1
Kenya,2020,151,65,1,1.0,188.0,1.0,193.33333333333334,14.0,16,1
Kenya,2021,135,54,1,1.0,151.0,1.0,167.66666666666666,-11.0,17,1
Kenya,2022,101,31,1,1.0,135.0,1.0,158.0,-23.0,18,1
Kenya,2023,224,57,1,1.0,101.0,1.0,129.0,26.0,19,1
Kingdom of eSwatini (Swaziland),1989,2,2,0,0.0,0.0,0.0,0.0,0.0,0,0
Kingdom of eSwatini (Swaziland),1990,0,0,0,0.0,2.0,0.0,2.0,-2.0,0,0
Kingdom of eSwatini (Swaziland),1991,0,0,0,0.0,0.0,0.0,1.0,0.0,0,0
Kingdom of eSwatini (Swaziland),1992,0,0,0,0.0,0.0,0.0,0.6666666666666666,0.0,0,0
Kingdom of eSwatini (Swaziland),1993,0,0,0,0.0,0.0,0.0,0.0,0.0,0,0
Kingdom of eSwatini (Swaziland),1994,0,0,0,0.0,0.0,0.0,0.0,0.0,0,0
Kingdom of eSwatini (Swaziland),1995,0,0,0,0.0,0.0,0.0,0.0,0.0,0,0
Kingdom of eSwatini (Swaziland),1996,0,0,0,0.0,0.0,0.0,0.0,0.0,0,0
Kingdom of eSwatini (Swaziland),1997,0,0,0,0.0,0.0,0.0,0.0,0.0,0,0
Kingdom of eSwatini (Swaziland),1998,0,0,0,0.0,0.0,0.0,0.0,0.0,0,0
Kingdom of eSwatini (Swaziland),1999,0,0,0,0.0,0.0,0.0,0.0,0.0,0,0
Kingdom of eSwatini (Swaziland),2000,0,0,0,0.0,0.0,0.0,0.0,0.0,0,0
Kingdom of eSwatini (Swaziland),2001,0,0,0,0.0,0.0,0.0,0.0,0.0,0,0
Kingdom of eSwatini (Swaziland),2002,0,0,0,0.0,0.0,0.0,0.0,0.0,0,0
Kingdom of eSwatini (Swaziland),2003,0,0,0,0.0,0.0,0.0,0.0,0.0,0,0
Kingdom of eSwatini (Swaziland),2004,0,0,0,0.0,0.0,0.0,0.0,0.0,0,0
Kingdom of eSwatini (Swaziland),2005,0,0,0,0.0,0.0,0.0,0.0,0.0,0,0
Kingdom of eSwatini (Swaziland),2006,0,0,0,0.0,0.0,0.0,0.0,0.0,0,0
Kingdom of eSwatini (Swaziland),2007,0,0,0,0.0,0.0,0.0,0.0,0.0,0,0
Kingdom of eSwatini (Swaziland),2008,0,0,0,0.0,0.0,0.0,0.0,0.0,0,0
Kingdom of eSwatini (Swaziland),2009,0,0,0,0.0,0.0,0.0,0.0,0.0,0,0
Kingdom of eSwatini (Swaziland),2010,0,0,0,0.0,0.0,0.0,0.0,0.0,0,0
Kingdom of eSwatini (Swaziland),2011,0,0,0,0.0,0.0,0.0,0.0,0.0,0,0
Kingdom of eSwatini (Swaziland),2012,0,0,0,0.0,0.0,0.0,0.0,0.0,0,0
Kingdom of eSwatini (Swaziland),2013,0,0,0,0.0,0.0,0.0,0.0,0.0,0,0
Kingdom of eSwatini (Swaziland),2014,0,0,0,0.0,0.0,0.0,0.0,0.0,0,0
Kingdom of eSwatini (Swaziland),2015,0,0,0,0.0,0.0,0.0,0.0,0.0,0,0
Kingdom of eSwatini (Swaziland),2016,0,0,0,0.0,0.0,0.0,0.0,0.0,0,0
Kingdom of eSwatini (Swaziland),2017,0,0,0,0.0,0.0,0.0,0.0,0.0,0,0
Kingdom of eSwatini (Swaziland),2018,0,0,0,0.0,0.0,0.0,0.0,0.0,0,0
Kingdom of eSwatini (Swaziland),2019,1,3,0,0.0,0.0,0.0,0.0,3.0,0,0
Kingdom of eSwatini (Swaziland),2020,2,2,0,0.0,1.0,0.0,0.3333333333333333,-1.0,0,1
Kingdom of eSwatini (Swaziland),2021,48,11,1,0.0,2.0,0.0,1.0,9.0,1,0
Kingdom of eSwatini (Swaziland),2022,2,2,0,1.0,48.0,0.3333333333333333,17.0,-9.0,0,0
Kingdom of eSwatini (Swaziland),2023,3,2,0,0.0,2.0,0.3333333333333333,17.333333333333332,0.0,0,0
Kuwait,1989,0,0,0,0.0,0.0,0.0,0.0,0.0,0,1
Kuwait,1990,1329,19,1,0.0,0.0,0.0,0.0,19.0,1,1
Kuwait,1991,460,19,1,1.0,1329.0,0.5,664.5,0.0,2,0
Kuwait,1992,0,0,0,1.0,460.0,0.6666666666666666,596.3333333333334,-19.0,0,0
Kuwait,1993,0,0,0,0.0,0.0,0.6666666666666666,596.3333333333334,0.0,0,0
Kuwait,1994,0,0,0,0.0,0.0,0.3333333333333333,153.33333333333334,0.0,0,0
Kuwait,1995,0,0,0,0.0,0.0,0.0,0.0,0.0,0,0
Kuwait,1996,1,1,0,0.0,0.0,0.0,0.0,1.0,0,0
Kuwait,1997,0,0,0,0.0,1.0,0.0,0.3333333333333333,-1.0,0,0
Kuwait,1998,0,0,0,0.0,0.0,0.0,0.3333333333333333,0.0,0,0
Kuwait,1999,0,0,0,0.0,0.0,0.0,0.3333333333333333,0.0,0,0
Kuwait,2000,0,0,0,0.0,0.0,0.0,0.0,0.0,0,0
Kuwait,2001,0,0,0,0.0,0.0,0.0,0.0,0.0,0,0
Kuwait,2002,0,0,0,0.0,0.0,0.0,0.0,0.0,0,0
Kuwait,2003,0,0,0,0.0,0.0,0.0,0.0,0.0,0,0
Kuwait,2004,0,0,0,0.0,0.0,0.0,0.0,0.0,0,0
Kuwait,2005,0,0,0,0.0,0.0,0.0,0.0,0.0,0,0
Kuwait,2006,0,0,0,0.0,0.0,0.0,0.0,0.0,0,0
Kuwait,2007,0,0,0,0.0,0.0,0.0,0.0,0.0,0,0
Kuwait,2008,0,0,0,0.0,0.0,0.0,0.0,0.0,0,0
Kuwait,2009,0,0,0,0.0,0.0,0.0,0.0,0.0,0,0
Kuwait,2010,0,0,0,0.0,0.0,0.0,0.0,0.0,0,0
Kuwait,2011,0,0,0,0.0,0.0,0.0,0.0,0.0,0,0
Kuwait,2012,0,0,0,0.0,0.0,0.0,0.0,0.0,0,0
Kuwait,2013,0,0,0,0.0,0.0,0.0,0.0,0.0,0,0
Kuwait,2014,0,0,0,0.0,0.0,0.0,0.0,0.0,0,1
Kuwait,2015,26,1,1,0.0,0.0,0.0,0.0,1.0,1,0
Kuwait,2016,0,0,0,1.0,26.0,0.3333333333333333,8.666666666666666,-1.0,0,0
Kuwait,2017,0,0,0,0.0,0.0,0.3333333333333333,8.666666666666666,0.0,0,0
Kuwait,2018,0,0,0,0.0,0.0,0.3333333333333333,8.666666666666666,0.0,0,0
Kuwait,2019,0,0,0,0.0,0.0,0.0,0.0,0.0,0,0
Kuwait,2020,0,0,0,0.0,0.0,0.0,0.0,0.0,0,0
Kuwait,2021,0,0,0,0.0,0.0,0.0,0.0,0.0,0,0
Kuwait,2022,0,0,0,0.0,0.0,0.0,0.0,0.0,0,0
Kuwait,2023,0,0,0,0.0,0.0,0.0,0.0,0.0,0,0
Kyrgyzstan,1989,0,0,0,0.0,0.0,0.0,0.0,0.0,0,0
Kyrgyzstan,1990,0,0,0,0.0,0.0,0.0,0.0,0.0,0,0
Kyrgyzstan,1991,0,0,0,0.0,0.0,0.0,0.0,0.0,0,0
Kyrgyzstan,1992,0,0,0,0.0,0.0,0.0,0.0,0.0,0,0
Kyrgyzstan,1993,0,0,0,0.0,0.0,0.0,0.0,0.0,0,0
Kyrgyzstan,1994,0,0,0,0.0,0.0,0.0,0.0,0.0,0,0
Kyrgyzstan,1995,0,0,0,0.0,0.0,0.0,0.0,0.0,0,0
Kyrgyzstan,1996,0,0,0,0.0,0.0,0.0,0.0,0.0,0,0
Kyrgyzstan,1997,0,0,0,0.0,0.0,0.0,0.0,0.0,0,0
Kyrgyzstan,1998,0,0,0,0.0,0.0,0.0,0.0,0.0,0,0
Kyrgyzstan,1999,14,2,0,0.0,0.0,0.0,0.0,2.0,0,1
Kyrgyzstan,2000,174,17,1,0.0,14.0,0.0,4.666666666666667,15.0,1,0
Kyrgyzstan,2001,0,0,0,1.0,174.0,0.3333333333333333,62.666666666666664,-17.0,0,0
Kyrgyzstan,2002,0,0,0,0.0,0.0,0.3333333333333333,62.666666666666664,0.0,0,0
Kyrgyzstan,2003,0,0,0,0.0,0.0,0.3333333333333333,58.0,0.0,0,0
Kyrgyzstan,2004,0,0,0,0.0,0.0,0.0,0.0,0.0,0,0
Kyrgyzstan,2005,0,0,0,0.0,0.0,0.0,0.0,0.0,0,0
Kyrgyzstan,2006,6,3,0,0.0,0.0,0.0,0.0,3.0,0,0
Kyrgyzstan,2007,0,0,0,0.0,6.0,0.0,2.0,-3.0,0,0
Kyrgyzstan,2008,0,0,0,0.0,0.0,0.0,2.0,0.0,0,0
Kyrgyzstan,2009,0,0,0,0.0,0.0,0.0,2.0,0.0,0,1
Kyrgyzstan,2010,44,25,1,0.0,0.0,0.0,0.0,25.0,1,0
Kyrgyzstan,2011,0,0,0,1.0,44.0,0.3333333333333333,14.666666666666666,-25.0,0,0
Kyrgyzstan,2012,0,0,0,0.0,0.0,0.3333333333333333,14.666666666666666,0.0,0,0
Kyrgyzstan,2013,0,0,0,0.0,0.0,0.3333333333333333,14.666666666666666,0.0,0,0
Kyrgyzstan,2014,0,0,0,0.0,0.0,0.0,0.0,0.0,0,0
Kyrgyzstan,2015,1,1,0,0.0,0.0,0.0,0.0,1.0,0,0
Kyrgyzstan,2016,0,0,0,0.0,1.0,0.0,0.3333333333333333,-1.0,0,0
Kyrgyzstan,2017,0,0,0,0.0,0.0,0.0,0.3333333333333333,0.0,0,0
Kyrgyzstan,2018,0,0,0,0.0,0.0,0.0,0.3333333333333333,0.0,0,0
Kyrgyzstan,2019,0,0,0,0.0,0.0,0.0,0.0,0.0,0,0
Kyrgyzstan,2020,0,0,0,0.0,0.0,0.0,0.0,0.0,0,1
Kyrgyzstan,2021,40,3,1,0.0,0.0,0.0,0.0,3.0,1,1
Kyrgyzstan,2022,68,32,1,1.0,40.0,0.3333333333333333,13.333333333333334,29.0,2,0
Kyrgyzstan,2023,0,0,0,1.0,68.0,0.6666666666666666,36.0,-32.0,0,0
Laos,1989,30,1,1,0.0,0.0,0.0,0.0,0.0,1,1
Laos,1990,255,6,1,1.0,30.0,1.0,30.0,5.0,2,0
Laos,1991,0,0,0,1.0,255.0,1.0,142.5,-6.0,0,0
Laos,1992,0,0,0,0.0,0.0,0.6666666666666666,95.0,0.0,0,0
Laos,1993,3,1,0,0.0,0.0,0.3333333333333333,85.0,1.0,0,0
Laos,1994,0,0,0,0.0,3.0,0.0,1.0,-1.0,0,0
Laos,1995,0,0,0,0.0,0.0,0.0,1.0,0.0,0,0
Laos,1996,0,0,0,0.0,0.0,0.0,1.0,0.0,0,0
Laos,1997,2,1,0,0.0,0.0,0.0,0.0,1.0,0,0
Laos,1998,0,0,0,0.0,2.0,0.0,0.6666666666666666,-1.0,0,0
Laos,1999,2,1,0,0.0,0.0,0.0,0.6666666666666666,1.0,0,0
Laos,2000,7,2,0,0.0,2.0,0.0,1.3333333333333333,1.0,0,0
Laos,2001,0,0,0,0.0,7.0,0.0,3.0,-2.0,0,0
Laos,2002,4,2,0,0.0,0.0,0.0,3.0,2.0,0,0
Laos,2003,5,3,0,0.0,4.0,0.0,3.6666666666666665,1.0,0,0
Laos,2004,4,3,0,0.0,5.0,0.0,3.0,0.0,0,0
Laos,2005,0,0,0,0.0,4.0,0.0,4.333333333333333,-3.0,0,1
Laos,2006,73,4,1,0.0,0.0,0.0,3.0,4.0,1,0
Laos,2007,0,0,0,1.0,73.0,0.3333333333333333,25.666666666666668,-4.0,0,0
Laos,2008,0,0,0,0.0,0.0,0.3333333333333333,24.333333333333332,0.0,0,0
Laos,2009,0,0,0,0.0,0.0,0.3333333333333333,24.333333333333332,0.0,0,0
Laos,2010,0,0,0,0.0,0.0,0.0,0.0,0.0,0,0
Laos,2011,0,0,0,0.0,0.0,0.0,0.0,0.0,0,0
Laos,2012,0,0,0,0.0,0.0,0.0,0.0,0.0,0,0
Laos,2013,0,0,0,0.0,0.0,0.0,0.0,0.0,0,0
Laos,2014,0,0,0,0.0,0.0,0.0,0.0,0.0,0,0
Laos,2015,0,0,0,0.0,0.0,0.0,0.0,0.0,0,0
Laos,2016,0,0,0,0.0,0.0,0.0,0.0,0.0,0,0
Laos,2017,0,0,0,0.0,0.0,0.0,0.0,0.0,0,0
Laos,2018,0,0,0,0.0,0.0,0.0,0.0,0.0,0,0
Laos,2019,0,0,0,0.0,0.0,0.0,0.0,0.0,0,0
Laos,2020,0,0,0,0.0,0.0,0.0,0.0,0.0,0,0
Laos,2021,0,0,0,0.0,0.0,0.0,0.0,0.0,0,0
Laos,2022,0,0,0,0.0,0.0,0.0,0.0,0.0,0,0
Laos,2023,0,0,0,0.0,0.0,0.0,0.0,0.0,0,0
Lebanon,1989,1097,210,1,0.0,0.0,0.0,0.0,0.0,1,1
Lebanon,1990,1903,89,1,1.0,1097.0,1.0,1097.0,-121.0,2,1
Lebanon,1991,68,29,1,1.0,1903.0,1.0,1500.0,-60.0,3,1
Lebanon,1992,132,54,1,1.0,68.0,1.0,1022.6666666666666,25.0,4,1
Lebanon,1993,165,80,1,1.0,132.0,1.0,701.0,26.0,5,1
Lebanon,1994,144,59,1,1.0,165.0,1.0,121.66666666666667,-21.0,6,1
Lebanon,1995,126,72,1,1.0,144.0,1.0,147.0,13.0,7,1
Lebanon,1996,214,58,1,1.0,126.0,1.0,145.0,-14.0,8,1
Lebanon,1997,105,63,1,1.0,214.0,1.0,161.33333333333334,5.0,9,1
Lebanon,1998,85,51,1,1.0,105.0,1.0,148.33333333333334,-12.0,10,1
Lebanon,1999,74,41,1,1.0,85.0,1.0,134.66666666666666,-10.0,11,1
Lebanon,2000,59,33,1,1.0,74.0,1.0,88.0,-8.0,12,0
Lebanon,2001,4,3,0,1.0,59.0,1.0,72.66666666666667,-30.0,0,0
Lebanon,2002,0,1,0,0.0,4.0,0.6666666666666666,45.666666666666664,-2.0,0,0
Lebanon,2003,1,1,0,0.0,0.0,0.3333333333333333,21.0,0.0,0,0
Lebanon,2004,0,0,0,0.0,1.0,0.0,1.6666666666666667,-1.0,0,0
Lebanon,2005,3,3,0,0.0,0.0,0.0,0.3333333333333333,3.0,0,1
Lebanon,2006,1194,246,1,0.0,3.0,0.0,1.3333333333333333,243.0,1,0
Lebanon,2007,0,0,0,1.0,1194.0,0.3333333333333333,399.0,-246.0,0,1
Lebanon,2008,38,5,1,0.0,0.0,0.3333333333333333,399.0,5.0,1,0
Lebanon,2009,0,0,0,1.0,38.0,0.6666666666666666,410.6666666666667,-5.0,0,0
Lebanon,2010,0,0,0,0.0,0.0,0.3333333333333333,12.666666666666666,0.0,0,0
Lebanon,2011,4,2,0,0.0,0.0,0.3333333333333333,12.666666666666666,2.0,0,1
Lebanon,2012,53,6,1,0.0,4.0,0.0,1.3333333333333333,4.0,1,1
Lebanon,2013,179,28,1,1.0,53.0,0.3333333333333333,19.0,22.0,2,1
Lebanon,2014,231,41,1,1.0,179.0,0.6666666666666666,78.66666666666667,13.0,3,1
Lebanon,2015,200,19,1,1.0,231.0,1.0,154.33333333333334,-22.0,4,1
Lebanon,2016,56,13,1,1.0,200.0,1.0,203.33333333333334,-6.0,5,1
Lebanon,2017,297,20,1,1.0,56.0,1.0,162.33333333333334,7.0,6,0
Lebanon,2018,2,1,0,1.0,297.0,1.0,184.33333333333334,-19.0,0,0
Lebanon,2019,0,0,0,0.0,2.0,0.6666666666666666,118.33333333333333,-1.0,0,0
Lebanon,2020,20,4,0,0.0,0.0,0.3333333333333333,99.66666666666667,4.0,0,0
Lebanon,2021,0,0,0,0.0,20.0,0.0,7.333333333333333,-4.0,0,0
Lebanon,2022,0,0,0,0.0,0.0,0.0,6.666666666666667,0.0,0,1
Lebanon,2023,123,39,1,0.0,0.0,0.0,6.666666666666667,39.0,1,1
Lesotho,1989,0,0,0,0.0,0.0,0.0,0.0,0.0,0,0
Lesotho,1990,0,0,0,0.0,0.0,0.0,0.0,0.0,0,0
Lesotho,1991,0,0,0,0.0,0.0,0.0,0.0,0.0,0,0
Lesotho,1992,0,0,0,0.0,0.0,0.0,0.0,0.0,0,0
Lesotho,1993,0,0,0,0.0,0.0,0.0,0.0,0.0,0,0
Lesotho,1994,0,0,0,0.0,0.0,0.0,0.0,0.0,0,0
Lesotho,1995,0,0,0,0.0,0.0,0.0,0.0,0.0,0,0
Lesotho,1996,0,0,0,0.0,0.0,0.0,0.0,0.0,0,0
Lesotho,1997,0,0,0,0.0,0.0,0.0,0.0,0.0,0,1
Lesotho,1998,78,5,1,0.0,0.0,0.0,0.0,5.0,1,0
Lesotho,1999,0,0,0,1.0,78.0,0.3333333333333333,26.0,-5.0,0,0
Lesotho,2000,0,0,0,0.0,0.0,0.3333333333333333,26.0,0.0,0,0
Lesotho,2001,0,0,0,0.0,0.0,0.3333333333333333,26.0,0.0,0,0
Lesotho,2002,0,0,0,0.0,0.0,0.0,0.0,0.0,0,0
Lesotho,2003,0,0,0,0.0,0.0,0.0,0.0,0.0,0,0
Lesotho,2004,0,0,0,0.0,0.0,0.0,0.0,0.0,0,0
Lesotho,2005,0,0,0,0.0,0.0,0.0,0.0,0.0,0,0
Lesotho,2006,0,0,0,0.0,0.0,0.0,0.0,0.0,0,0
Lesotho,2007,0,0,0,0.0,0.0,0.0,0.0,0.0,0,0
Lesotho,2008,0,0,0,0.0,0.0,0.0,0.0,0.0,0,0
Lesotho,2009,0,0,0,0.0,0.0,0.0,0.0,0.0,0,0
Lesotho,2010,0,0,0,0.0,0.0,0.0,0.0,0.0,0,0
Lesotho,2011,0,0,0,0.0,0.0,0.0,0.0,0.0,0,0
Lesotho,2012,0,0,0,0.0,0.0,0.0,0.0,0.0,0,0
Lesotho,2013,0,0,0,0.0,0.0,0.0,0.0,0.0,0,0
Lesotho,2014,0,0,0,0.0,0.0,0.0,0.0,0.0,0,0
Lesotho,2015,0,0,0,0.0,0.0,0.0,0.0,0.0,0,0
Lesotho,2016,0,0,0,0.0,0.0,0.0,0.0,0.0,0,0
Lesotho,2017,0,0,0,0.0,0.0,0.0,0.0,0.0,0,0
Lesotho,2018,0,0,0,0.0,0.0,0.0,0.0,0.0,0,0
Lesotho,2019,0,0,0,0.0,0.0,0.0,0.0,0.0,0,0
Lesotho,2020,0,0,0,0.0,0.0,0.0,0.0,0.0,0,0
Lesotho,2021,0,0,0,0.0,0.0,0.0,0.0,0.0,0,0
Lesotho,2022,0,0,0,0.0,0.0,0.0,0.0,0.0,0,0
Lesotho,2023,0,0,0,0.0,0.0,0.0,0.0,0.0,0,0
Liberia,1989,45,6,1,0.0,0.0,0.0,0.0,0.0,1,1
Liberia,1990,3729,138,1,1.0,45.0,1.0,45.0,132.0,2,1
Liberia,1991,578,19,1,1.0,3729.0,1.0,1887.0,-119.0,3,1
Liberia,1992,453,26,1,1.0,578.0,1.0,1450.6666666666667,7.0,4,1
Liberia,1993,2673,47,1,1.0,453.0,1.0,1586.6666666666667,21.0,5,1
Liberia,1994,4167,92,1,1.0,2673.0,1.0,1234.6666666666667,45.0,6,1
Liberia,1995,2290,52,1,1.0,4167.0,1.0,2431.0,-40.0,7,1
Liberia,1996,3077,31,1,1.0,2290.0,1.0,3043.3333333333335,-21.0,8,0
Liberia,1997,13,3,0,1.0,3077.0,1.0,3178.0,-28.0,0,0
Liberia,1998,13,1,0,0.0,13.0,0.6666666666666666,1793.3333333333333,-2.0,0,1
Liberia,1999,70,3,1,0.0,13.0,0.3333333333333333,1034.3333333333333,2.0,1,1
Liberia,2000,101,5,1,1.0,70.0,0.3333333333333333,32.0,2.0,2,1
Liberia,2001,481,28,1,1.0,101.0,0.6666666666666666,61.333333333333336,23.0,3,1
Liberia,2002,2259,43,1,1.0,481.0,1.0,217.33333333333334,15.0,4,1
Liberia,2003,3281,53,1,1.0,2259.0,1.0,947.0,10.0,5,0
Liberia,2004,0,0,0,1.0,3281.0,1.0,2007.0,-53.0,0,0
Liberia,2005,0,0,0,0.0,0.0,0.6666666666666666,1846.6666666666667,0.0,0,0
Liberia,2006,0,0,0,0.0,0.0,0.3333333333333333,1093.6666666666667,0.0,0,0
Liberia,2007,0,0,0,0.0,0.0,0.0,0.0,0.0,0,0
Liberia,2008,0,0,0,0.0,0.0,0.0,0.0,0.0,0,0
Liberia,2009,0,0,0,0.0,0.0,0.0,0.0,0.0,0,0
Liberia,2010,0,0,0,0.0,0.0,0.0,0.0,0.0,0,0
Liberia,2011,0,0,0,0.0,0.0,0.0,0.0,0.0,0,0
Liberia,2012,0,0,0,0.0,0.0,0.0,0.0,0.0,0,0
Liberia,2013,0,0,0,0.0,0.0,0.0,0.0,0.0,0,0
Liberia,2014,0,0,0,0.0,0.0,0.0,0.0,0.0,0,0
Liberia,2015,0,0,0,0.0,0.0,0.0,0.0,0.0,0,0
Liberia,2016,0,0,0,0.0,0.0,0.0,0.0,0.0,0,0
Liberia,2017,0,0,0,0.0,0.0,0.0,0.0,0.0,0,0
Liberia,2018,0,0,0,0.0,0.0,0.0,0.0,0.0,0,0
Liberia,2019,1,1,0,0.0,0.0,0.0,0.0,1.0,0,0
Liberia,2020,2,2,0,0.0,1.0,0.0,0.3333333333333333,1.0,0,0
Liberia,2021,0,0,0,0.0,2.0,0.0,1.0,-2.0,0,0
Liberia,2022,0,0,0,0.0,0.0,0.0,1.0,0.0,0,0
Liberia,2023,0,0,0,0.0,0.0,0.0,0.6666666666666666,0.0,0,0
Libya,1989,0,0,0,0.0,0.0,0.0,0.0,0.0,0,0
Libya,1990,0,0,0,0.0,0.0,0.0,0.0,0.0,0,0
Libya,1991,0,0,0,0.0,0.0,0.0,0.0,0.0,0,0
Libya,1992,0,0,0,0.0,0.0,0.0,0.0,0.0,0,0
Libya,1993,0,0,0,0.0,0.0,0.0,0.0,0.0,0,0
Libya,1994,0,0,0,0.0,0.0,0.0,0.0,0.0,0,0
Libya,1995,0,0,0,0.0,0.0,0.0,0.0,0.0,0,0
Libya,1996,0,0,0,0.0,0.0,0.0,0.0,0.0,0,0
Libya,1997,0,0,0,0.0,0.0,0.0,0.0,0.0,0,0
Libya,1998,0,0,0,0.0,0.0,0.0,0.0,0.0,0,0
Libya,1999,0,0,0,0.0,0.0,0.0,0.0,0.0,0,0
Libya,2000,0,0,0,0.0,0.0,0.0,0.0,0.0,0,0
Libya,2001,0,0,0,0.0,0.0,0.0,0.0,0.0,0,0
Libya,2002,0,0,0,0.0,0.0,0.0,0.0,0.0,0,0
Libya,2003,0,0,0,0.0,0.0,0.0,0.0,0.0,0,0
Libya,2004,0,0,0,0.0,0.0,0.0,0.0,0.0,0,0
Libya,2005,0,0,0,0.0,0.0,0.0,0.0,0.0,0,0
Libya,2006,0,0,0,0.0,0.0,0.0,0.0,0.0,0,0
Libya,2007,0,0,0,0.0,0.0,0.0,0.0,0.0,0,0
Libya,2008,6,1,0,0.0,0.0,0.0,0.0,1.0,0,0
Libya,2009,0,0,0,0.0,6.0,0.0,2.0,-1.0,0,0
Libya,2010,0,0,0,0.0,0.0,0.0,2.0,0.0,0,1
Libya,2011,3914,235,1,0.0,0.0,0.0,2.0,235.0,1,1
Libya,2012,378,19,1,1.0,3914.0,0.3333333333333333,1304.6666666666667,-216.0,2,1
Libya,2013,36,18,1,1.0,378.0,0.6666666666666666,1430.6666666666667,-1.0,3,1
Libya,2014,1455,109,1,1.0,36.0,1.0,1442.6666666666667,91.0,4,1
Libya,2015,1594,161,1,1.0,1455.0,1.0,623.0,52.0,5,1
Libya,2016,2349,184,1,1.0,1594.0,1.0,1028.3333333333333,23.0,6,1
Libya,2017,1096,80,1,1.0,2349.0,1.0,1799.3333333333333,-104.0,7,1
Libya,2018,670,123,1,1.0,1096.0,1.0,1679.6666666666667,43.0,8,1
Libya,2019,1786,186,1,1.0,670.0,1.0,1371.6666666666667,63.0,9,1
Libya,2020,690,131,1,1.0,1786.0,1.0,1184.0,-55.0,10,0
Libya,2021,12,7,0,1.0,690.0,1.0,1048.6666666666667,-124.0,0,0
Libya,2022,13,7,0,0.0,12.0,0.6666666666666666,829.3333333333334,0.0,0,0
Libya,2023,2,1,0,0.0,13.0,0.3333333333333333,238.33333333333334,-6.0,0,0
Madagascar (Malagasy),1989,0,0,0,0.0,0.0,0.0,0.0,0.0,0,0
Madagascar (Malagasy),1990,0,0,0,0.0,0.0,0.0,0.0,0.0,0,0
Madagascar (Malagasy),1991,0,0,0,0.0,0.0,0.0,0.0,0.0,0,0
Madagascar (Malagasy),1992,0,0,0,0.0,0.0,0.0,0.0,0.0,0,0
Madagascar (Malagasy),1993,0,0,0,0.0,0.0,0.0,0.0,0.0,0,0
Madagascar (Malagasy),1994,0,0,0,0.0,0.0,0.0,0.0,0.0,0,0
Madagascar (Malagasy),1995,0,0,0,0.0,0.0,0.0,0.0,0.0,0,0
Madagascar (Malagasy),1996,0,0,0,0.0,0.0,0.0,0.0,0.0,0,0
Madagascar (Malagasy),1997,0,0,0,0.0,0.0,0.0,0.0,0.0,0,0
Madagascar (Malagasy),1998,0,0,0,0.0,0.0,0.0,0.0,0.0,0,0
Madagascar (Malagasy),1999,0,0,0,0.0,0.0,0.0,0.0,0.0,0,0
Madagascar (Malagasy),2000,0,0,0,0.0,0.0,0.0,0.0,0.0,0,0
Madagascar (Malagasy),2001,0,0,0,0.0,0.0,0.0,0.0,0.0,0,1
Madagascar (Malagasy),2002,79,32,1,0.0,0.0,0.0,0.0,32.0,1,0
Madagascar (Malagasy),2003,0,0,0,1.0,79.0,0.3333333333333333,26.333333333333332,-32.0,0,0
Madagascar (Malagasy),2004,0,0,0,0.0,0.0,0.3333333333333333,26.333333333333332,0.0,0,0
Madagascar (Malagasy),2005,0,0,0,0.0,0.0,0.3333333333333333,26.333333333333332,0.0,0,0
Madagascar (Malagasy),2006,0,0,0,0.0,0.0,0.0,0.0,0.0,0,0
Madagascar (Malagasy),2007,0,0,0,0.0,0.0,0.0,0.0,0.0,0,0
Madagascar (Malagasy),2008,0,0,0,0.0,0.0,0.0,0.0,0.0,0,1
Madagascar (Malagasy),2009,113,7,1,0.0,0.0,0.0,0.0,7.0,1,0
Madagascar (Malagasy),2010,0,0,0,1.0,113.0,0.3333333333333333,37.666666666666664,-7.0,0,0
Madagascar (Malagasy),2011,0,0,0,0.0,0.0,0.3333333333333333,37.666666666666664,0.0,0,0
Madagascar (Malagasy),2012,15,3,0,0.0,0.0,0.3333333333333333,37.666666666666664,3.0,0,0
Madagascar (Malagasy),2013,0,0,0,0.0,15.0,0.0,5.0,-3.0,0,0
Madagascar (Malagasy),2014,0,0,0,0.0,0.0,0.0,5.0,0.0,0,0
Madagascar (Malagasy),2015,0,0,0,0.0,0.0,0.0,5.0,0.0,0,0
Madagascar (Malagasy),2016,0,0,0,0.0,0.0,0.0,0.0,0.0,0,0
Madagascar (Malagasy),2017,1,1,0,0.0,0.0,0.0,0.0,1.0,0,0
Madagascar (Malagasy),2018,0,0,0,0.0,1.0,0.0,0.3333333333333333,-1.0,0,0
Madagascar (Malagasy),2019,3,3,0,0.0,0.0,0.0,0.3333333333333333,3.0,0,0
Madagascar (Malagasy),2020,23,1,0,0.0,3.0,0.0,1.3333333333333333,-2.0,0,0
Madagascar (Malagasy),2021,0,0,0,0.0,23.0,0.0,8.666666666666666,-1.0,0,0
Madagascar (Malagasy),2022,0,0,0,0.0,0.0,0.0,8.666666666666666,0.0,0,0
Madagascar (Malagasy),2023,0,0,0,0.0,0.0,0.0,7.666666666666667,0.0,0,0
Malaysia,1989,0,0,0,0.0,0.0,0.0,0.0,0.0,0,0
Malaysia,1990,0,0,0,0.0,0.0,0.0,0.0,0.0,0,0
Malaysia,1991,0,0,0,0.0,0.0,0.0,0.0,0.0,0,0
Malaysia,1992,0,0,0,0.0,0.0,0.0,0.0,0.0,0,0
Malaysia,1993,0,0,0,0.0,0.0,0.0,0.0,0.0,0,0
Malaysia,1994,0,0,0,0.0,0.0,0.0,0.0,0.0,0,0
Malaysia,1995,0,0,0,0.0,0.0,0.0,0.0,0.0,0,0
Malaysia,1996,0,0,0,0.0,0.0,0.0,0.0,0.0,0,0
Malaysia,1997,0,0,0,0.0,0.0,0.0,0.0,0.0,0,0
Malaysia,1998,0,0,0,0.0,0.0,0.0,0.0,0.0,0,0
Malaysia,1999,0,0,0,0.0,0.0,0.0,0.0,0.0,0,0
Malaysia,2000,0,0,0,0.0,0.0,0.0,0.0,0.0,0,0
Malaysia,2001,0,0,0,0.0,0.0,0.0,0.0,0.0,0,0
Malaysia,2002,0,0,0,0.0,0.0,0.0,0.0,0.0,0,0
Malaysia,2003,0,0,0,0.0,0.0,0.0,0.0,0.0,0,0
Malaysia,2004,0,0,0,0.0,0.0,0.0,0.0,0.0,0,0
Malaysia,2005,0,0,0,0.0,0.0,0.0,0.0,0.0,0,0
Malaysia,2006,0,0,0,0.0,0.0,0.0,0.0,0.0,0,0
Malaysia,2007,0,0,0,0.0,0.0,0.0,0.0,0.0,0,0
Malaysia,2008,0,0,0,0.0,0.0,0.0,0.0,0.0,0,0
Malaysia,2009,0,0,0,0.0,0.0,0.0,0.0,0.0,0,0
Malaysia,2010,0,0,0,0.0,0.0,0.0,0.0,0.0,0,0
Malaysia,2011,0,0,0,0.0,0.0,0.0,0.0,0.0,0,0
Malaysia,2012,0,0,0,0.0,0.0,0.0,0.0,0.0,0,1
Malaysia,2013,70,14,1,0.0,0.0,0.0,0.0,14.0,1,0
Malaysia,2014,0,0,0,1.0,70.0,0.3333333333333333,23.333333333333332,-14.0,0,0
Malaysia,2015,0,0,0,0.0,0.0,0.3333333333333333,23.333333333333332,0.0,0,0
Malaysia,2016,0,0,0,0.0,0.0,0.3333333333333333,23.333333333333332,0.0,0,0
Malaysia,2017,1,1,0,0.0,0.0,0.0,0.0,1.0,0,0
Malaysia,2018,0,0,0,0.0,1.0,0.0,0.3333333333333333,-1.0,0,0
Malaysia,2019,0,0,0,0.0,0.0,0.0,0.3333333333333333,0.0,0,0
Malaysia,2020,0,0,0,0.0,0.0,0.0,0.3333333333333333,0.0,0,0
Malaysia,2021,0,0,0,0.0,0.0,0.0,0.0,0.0,0,0
Malaysia,2022,0,0,0,0.0,0.0,0.0,0.0,0.0,0,0
Malaysia,2023,0,0,0,0.0,0.0,0.0,0.0,0.0,0,0
Mali,1989,0,0,0,0.0,0.0,0.0,0.0,0.0,0,1
Mali,1990,582,15,1,0.0,0.0,0.0,0.0,15.0,1,1
Mali,1991,247,11,1,1.0,582.0,0.5,291.0,-4.0,2,1
Mali,1992,86,8,1,1.0,247.0,0.6666666666666666,276.3333333333333,-3.0,3,0
Mali,1993,0,1,0,1.0,86.0,1.0,305.0,-7.0,0,1
Mali,1994,729,41,1,0.0,0.0,0.6666666666666666,111.0,40.0,1,0
Mali,1995,4,4,0,1.0,729.0,0.6666666666666666,271.6666666666667,-37.0,0,0
Mali,1996,0,0,0,0.0,4.0,0.3333333333333333,244.33333333333334,-4.0,0,0
Mali,1997,22,1,0,0.0,0.0,0.3333333333333333,244.33333333333334,1.0,0,0
Mali,1998,0,0,0,0.0,22.0,0.0,8.666666666666666,-1.0,0,1
Mali,1999,59,4,1,0.0,0.0,0.0,7.333333333333333,4.0,1,0
Mali,2000,0,0,0,1.0,59.0,0.3333333333333333,27.0,-4.0,0,0
Mali,2001,0,0,0,0.0,0.0,0.3333333333333333,19.666666666666668,0.0,0,0
Mali,2002,5,1,0,0.0,0.0,0.3333333333333333,19.666666666666668,1.0,0,0
Mali,2003,0,0,0,0.0,5.0,0.0,1.6666666666666667,-1.0,0,0
Mali,2004,20,2,0,0.0,0.0,0.0,1.6666666666666667,2.0,0,0
Mali,2005,12,1,0,0.0,20.0,0.0,8.333333333333334,-1.0,0,0
Mali,2006,0,0,0,0.0,12.0,0.0,10.666666666666666,-1.0,0,1
Mali,2007,39,8,1,0.0,0.0,0.0,10.666666666666666,8.0,1,1
Mali,2008,113,10,1,1.0,39.0,0.3333333333333333,17.0,2.0,2,1
Mali,2009,127,9,1,1.0,113.0,0.6666666666666666,50.666666666666664,-1.0,3,1
Mali,2010,28,2,1,1.0,127.0,1.0,93.0,-7.0,4,0
Mali,2011,23,4,0,1.0,28.0,1.0,89.33333333333333,2.0,0,1
Mali,2012,359,43,1,0.0,23.0,0.6666666666666666,59.333333333333336,39.0,1,1
Mali,2013,881,83,1,1.0,359.0,0.6666666666666666,136.66666666666666,40.0,2,1
Mali,2014,291,30,1,1.0,881.0,0.6666666666666666,421.0,-53.0,3,1
Mali,2015,256,55,1,1.0,291.0,1.0,510.3333333333333,25.0,4,1
Mali,2016,198,53,1,1.0,256.0,1.0,476.0,-2.0,5,1
Mali,2017,612,127,1,1.0,198.0,1.0,248.33333333333334,74.0,6,1
Mali,2018,1281,236,1,1.0,612.0,1.0,355.3333333333333,109.0,7,1
Mali,2019,1227,199,1,1.0,1281.0,1.0,697.0,-37.0,8,1
Mali,2020,1543,234,1,1.0,1227.0,1.0,1040.0,35.0,9,1
Mali,2021,1287,215,1,1.0,1543.0,1.0,1350.3333333333333,-19.0,10,1
Mali,2022,3656,409,1,1.0,1287.0,1.0,1352.3333333333333,194.0,11,1
Mali,2023,2118,320,1,1.0,3656.0,1.0,2162.0,-89.0,12,1
Malta,1989,0,0,0,0.0,0.0,0.0,0.0,0.0,0,0
Malta,1990,0,0,0,0.0,0.0,0.0,0.0,0.0,0,0
Malta,1991,0,0,0,0.0,0.0,0.0,0.0,0.0,0,0
Malta,1992,0,0,0,0.0,0.0,0.0,0.0,0.0,0,0
Malta,1993,0,0,0,0.0,0.0,0.0,0.0,0.0,0,0
Malta,1994,0,0,0,0.0,0.0,0.0,0.0,0.0,0,0
Malta,1995,0,1,0,0.0,0.0,0.0,0.0,1.0,0,0
Malta,1996,0,0,0,0.0,0.0,0.0,0.0,-1.0,0,0
Malta,1997,0,0,0,0.0,0.0,0.0,0.0,0.0,0,0
Malta,1998,0,0,0,0.0,0.0,0.0,0.0,0.0,0,0
Malta,1999,0,0,0,0.0,0.0,0.0,0.0,0.0,0,0
Malta,2000,0,0,0,0.0,0.0,0.0,0.0,0.0,0,0
Malta,2001,0,0,0,0.0,0.0,0.0,0.0,0.0,0,0
Malta,2002,0,0,0,0.0,0.0,0.0,0.0,0.0,0,0
Malta,2003,0,0,0,0.0,0.0,0.0,0.0,0.0,0,0
Malta,2004,0,0,0,0.0,0.0,0.0,0.0,0.0,0,0
Malta,2005,0,0,0,0.0,0.0,0.0,0.0,0.0,0,0
Malta,2006,0,0,0,0.0,0.0,0.0,0.0,0.0,0,0
Malta,2007,0,0,0,0.0,0.0,0.0,0.0,0.0,0,0
Malta,2008,0,0,0,0.0,0.0,0.0,0.0,0.0,0,0
Malta,2009,0,0,0,0.0,0.0,0.0,0.0,0.0,0,0
Malta,2010,0,0,0,0.0,0.0,0.0,0.0,0.0,0,0
Malta,2011,0,0,0,0.0,0.0,0.0,0.0,0.0,0,0
Malta,2012,0,0,0,0.0,0.0,0.0,0.0,0.0,0,0
Malta,2013,0,0,0,0.0,0.0,0.0,0.0,0.0,0,0
Malta,2014,0,0,0,0.0,0.0,0.0,0.0,0.0,0,0
Malta,2015,0,0,0,0.0,0.0,0.0,0.0,0.0,0,0
Malta,2016,0,0,0,0.0,0.0,0.0,0.0,0.0,0,0
Malta,2017,0,0,0,0.0,0.0,0.0,0.0,0.0,0,0
Malta,2018,0,0,0,0.0,0.0,0.0,0.0,0.0,0,0
Malta,2019,0,0,0,0.0,0.0,0.0,0.0,0.0,0,0
Malta,2020,0,0,0,0.0,0.0,0.0,0.0,0.0,0,0
Malta,2021,0,0,0,0.0,0.0,0.0,0.0,0.0,0,0
Malta,2022,0,0,0,0.0,0.0,0.0,0.0,0.0,0,0
Malta,2023,0,0,0,0.0,0.0,0.0,0.0,0.0,0,0
Mauritania,1989,128,15,1,0.0,0.0,0.0,0.0,0.0,1,1
Mauritania,1990,29,6,1,1.0,128.0,1.0,128.0,-9.0,2,0
Mauritania,1991,0,0,0,1.0,29.0,1.0,78.5,-6.0,0,0
Mauritania,1992,0,1,0,0.0,0.0,0.6666666666666666,52.333333333333336,1.0,0,0
Mauritania,1993,0,0,0,0.0,0.0,0.3333333333333333,9.666666666666666,-1.0,0,0
Mauritania,1994,0,0,0,0.0,0.0,0.0,0.0,0.0,0,0
Mauritania,1995,0,0,0,0.0,0.0,0.0,0.0,0.0,0,0
Mauritania,1996,0,0,0,0.0,0.0,0.0,0.0,0.0,0,0
Mauritania,1997,0,0,0,0.0,0.0,0.0,0.0,0.0,0,0
Mauritania,1998,0,0,0,0.0,0.0,0.0,0.0,0.0,0,0
Mauritania,1999,0,0,0,0.0,0.0,0.0,0.0,0.0,0,0
Mauritania,2000,0,0,0,0.0,0.0,0.0,0.0,0.0,0,0
Mauritania,2001,0,0,0,0.0,0.0,0.0,0.0,0.0,0,0
Mauritania,2002,0,0,0,0.0,0.0,0.0,0.0,0.0,0,0
Mauritania,2003,0,0,0,0.0,0.0,0.0,0.0,0.0,0,0
Mauritania,2004,0,0,0,0.0,0.0,0.0,0.0,0.0,0,0
Mauritania,2005,0,0,0,0.0,0.0,0.0,0.0,0.0,0,0
Mauritania,2006,0,0,0,0.0,0.0,0.0,0.0,0.0,0,0
Mauritania,2007,4,1,0,0.0,0.0,0.0,0.0,1.0,0,0
Mauritania,2008,12,1,0,0.0,4.0,0.0,1.3333333333333333,0.0,0,0
Mauritania,2009,1,1,0,0.0,12.0,0.0,5.333333333333333,0.0,0,0
Mauritania,2010,1,1,0,0.0,1.0,0.0,5.666666666666667,0.0,0,0
Mauritania,2011,13,6,0,0.0,1.0,0.0,4.666666666666667,5.0,0,0
Mauritania,2012,1,1,0,0.0,13.0,0.0,5.0,-5.0,0,0
Mauritania,2013,0,0,0,0.0,1.0,0.0,5.0,-1.0,0,0
Mauritania,2014,0,0,0,0.0,0.0,0.0,4.666666666666667,0.0,0,0
Mauritania,2015,0,0,0,0.0,0.0,0.0,0.3333333333333333,0.0,0,0
Mauritania,2016,0,0,0,0.0,0.0,0.0,0.0,0.0,0,0
Mauritania,2017,0,0,0,0.0,0.0,0.0,0.0,0.0,0,0
Mauritania,2018,0,0,0,0.0,0.0,0.0,0.0,0.0,0,0
Mauritania,2019,1,1,0,0.0,0.0,0.0,0.0,1.0,0,0
Mauritania,2020,0,1,0,0.0,1.0,0.0,0.3333333333333333,0.0,0,0
Mauritania,2021,0,0,0,0.0,0.0,0.0,0.3333333333333333,-1.0,0,0
Mauritania,2022,0,0,0,0.0,0.0,0.0,0.3333333333333333,0.0,0,0
Mauritania,2023,6,2,0,0.0,0.0,0.0,0.0,2.0,0,0
Mexico,1989,3,2,0,0.0,0.0,0.0,0.0,0.0,0,0
Mexico,1990,4,3,0,0.0,3.0,0.0,3.0,1.0,0,0
Mexico,1991,0,0,0,0.0,4.0,0.0,3.5,-3.0,0,0
Mexico,1992,16,3,0,0.0,0.0,0.0,2.3333333333333335,3.0,0,1
Mexico,1993,34,3,1,0.0,16.0,0.0,6.666666666666667,0.0,1,1
Mexico,1994,153,12,1,1.0,34.0,0.3333333333333333,16.666666666666668,9.0,2,0
Mexico,1995,22,5,0,1.0,153.0,0.6666666666666666,67.66666666666667,-7.0,0,1
Mexico,1996,43,15,1,0.0,22.0,0.6666666666666666,69.66666666666667,10.0,1,1
Mexico,1997,58,6,1,1.0,43.0,0.6666666666666666,72.66666666666667,-9.0,2,0
Mexico,1998,7,5,0,1.0,58.0,0.6666666666666666,41.0,-1.0,0,0
Mexico,1999,0,0,0,0.0,7.0,0.6666666666666666,36.0,-5.0,0,0
Mexico,2000,0,0,0,0.0,0.0,0.3333333333333333,21.666666666666668,0.0,0,0
Mexico,2001,0,0,0,0.0,0.0,0.0,2.3333333333333335,0.0,0,1
Mexico,2002,27,3,1,0.0,0.0,0.0,0.0,3.0,1,0
Mexico,2003,0,0,0,1.0,27.0,0.3333333333333333,9.0,-3.0,0,1
Mexico,2004,220,31,1,0.0,0.0,0.3333333333333333,9.0,31.0,1,1
Mexico,2005,204,12,1,1.0,220.0,0.6666666666666666,82.33333333333333,-19.0,2,1
Mexico,2006,670,40,1,1.0,204.0,0.6666666666666666,141.33333333333334,28.0,3,1
Mexico,2007,1946,1409,1,1.0,670.0,1.0,364.6666666666667,1369.0,4,1
Mexico,2008,3743,384,1,1.0,1946.0,1.0,940.0,-1025.0,5,1
Mexico,2009,5607,605,1,1.0,3743.0,1.0,2119.6666666666665,221.0,6,1
Mexico,2010,6215,2085,1,1.0,5607.0,1.0,3765.3333333333335,1480.0,7,1
Mexico,2011,4945,369,1,1.0,6215.0,1.0,5188.333333333333,-1716.0,8,1
Mexico,2012,5966,266,1,1.0,4945.0,1.0,5589.0,-103.0,9,1
Mexico,2013,4478,191,1,1.0,5966.0,1.0,5708.666666666667,-75.0,10,1
Mexico,2014,3357,183,1,1.0,4478.0,1.0,5129.666666666667,-8.0,11,1
Mexico,2015,4527,258,1,1.0,3357.0,1.0,4600.333333333333,75.0,12,1
Mexico,2016,4306,187,1,1.0,4527.0,1.0,4120.666666666667,-71.0,13,1
Mexico,2017,9725,348,1,1.0,4306.0,1.0,4063.3333333333335,161.0,14,1
Mexico,2018,11247,714,1,1.0,9725.0,1.0,6186.0,366.0,15,1
Mexico,2019,10486,1024,1,1.0,11247.0,1.0,8426.0,310.0,16,1
Mexico,2020,13431,2033,1,1.0,10486.0,1.0,10486.0,1009.0,17,1
Mexico,2021,15119,3744,1,1.0,13431.0,1.0,11721.333333333334,1711.0,18,1
Mexico,2022,12555,2179,1,1.0,15119.0,1.0,13012.0,-1565.0,19,1
Mexico,2023,10899,2748,1,1.0,12555.0,1.0,13701.666666666666,569.0,20,1
Moldova,1989,0,0,0,0.0,0.0,0.0,0.0,0.0,0,0
Moldova,1990,0,0,0,0.0,0.0,0.0,0.0,0.0,0,0
Moldova,1991,0,0,0,0.0,0.0,0.0,0.0,0.0,0,1
Moldova,1992,585,77,1,0.0,0.0,0.0,0.0,77.0,1,0
Moldova,1993,0,0,0,1.0,585.0,0.3333333333333333,195.0,-77.0,0,0
Moldova,1994,0,0,0,0.0,0.0,0.3333333333333333,195.0,0.0,0,0
Moldova,1995,0,0,0,0.0,0.0,0.3333333333333333,195.0,0.0,0,0
Moldova,1996,0,0,0,0.0,0.0,0.0,0.0,0.0,0,0
Moldova,1997,0,0,0,0.0,0.0,0.0,0.0,0.0,0,0
Moldova,1998,0,0,0,0.0,0.0,0.0,0.0,0.0,0,0
Moldova,1999,0,0,0,0.0,0.0,0.0,0.0,0.0,0,0
Moldova,2000,0,0,0,0.0,0.0,0.0,0.0,0.0,0,0
Moldova,2001,0,0,0,0.0,0.0,0.0,0.0,0.0,0,0
Moldova,2002,0,0,0,0.0,0.0,0.0,0.0,0.0,0,0
Moldova,2003,0,0,0,0.0,0.0,0.0,0.0,0.0,0,0
Moldova,2004,0,0,0,0.0,0.0,0.0,0.0,0.0,0,0
Moldova,2005,0,0,0,0.0,0.0,0.0,0.0,0.0,0,0
Moldova,2006,0,0,0,0.0,0.0,0.0,0.0,0.0,0,0
Moldova,2007,0,0,0,0.0,0.0,0.0,0.0,0.0,0,0
Moldova,2008,0,0,0,0.0,0.0,0.0,0.0,0.0,0,0
Moldova,2009,0,0,0,0.0,0.0,0.0,0.0,0.0,0,0
Moldova,2010,0,0,0,0.0,0.0,0.0,0.0,0.0,0,0
Moldova,2011,0,0,0,0.0,0.0,0.0,0.0,0.0,0,0
Moldova,2012,0,0,0,0.0,0.0,0.0,0.0,0.0,0,0
Moldova,2013,0,0,0,0.0,0.0,0.0,0.0,0.0,0,0
Moldova,2014,0,0,0,0.0,0.0,0.0,0.0,0.0,0,0
Moldova,2015,0,0,0,0.0,0.0,0.0,0.0,0.0,0,0
Moldova,2016,0,0,0,0.0,0.0,0.0,0.0,0.0,0,0
Moldova,2017,0,0,0,0.0,0.0,0.0,0.0,0.0,0,0
Moldova,2018,0,0,0,0.0,0.0,0.0,0.0,0.0,0,0
Moldova,2019,0,0,0,0.0,0.0,0.0,0.0,0.0,0,0
Moldova,2020,0,0,0,0.0,0.0,0.0,0.0,0.0,0,0
Moldova,2021,0,0,0,0.0,0.0,0.0,0.0,0.0,0,0
Moldova,2022,0,0,0,0.0,0.0,0.0,0.0,0.0,0,0
Moldova,2023,0,0,0,0.0,0.0,0.0,0.0,0.0,0,0
Morocco,1989,207,6,1,0.0,0.0,0.0,0.0,0.0,1,0
Morocco,1990,0,0,0,1.0,207.0,1.0,207.0,-6.0,0,0
Morocco,1991,19,2,0,0.0,0.0,0.5,103.5,2.0,0,0
Morocco,1992,0,0,0,0.0,19.0,0.3333333333333333,75.33333333333333,-2.0,0,0
Morocco,1993,0,0,0,0.0,0.0,0.0,6.333333333333333,0.0,0,0
Morocco,1994,0,0,0,0.0,0.0,0.0,6.333333333333333,0.0,0,0
Morocco,1995,0,0,0,0.0,0.0,0.0,0.0,0.0,0,0
Morocco,1996,0,0,0,0.0,0.0,0.0,0.0,0.0,0,0
Morocco,1997,0,0,0,0.0,0.0,0.0,0.0,0.0,0,0
Morocco,1998,0,0,0,0.0,0.0,0.0,0.0,0.0,0,0
Morocco,1999,0,0,0,0.0,0.0,0.0,0.0,0.0,0,0
Morocco,2000,0,0,0,0.0,0.0,0.0,0.0,0.0,0,0
Morocco,2001,0,0,0,0.0,0.0,0.0,0.0,0.0,0,0
Morocco,2002,0,0,0,0.0,0.0,0.0,0.0,0.0,0,1
Morocco,2003,34,2,1,0.0,0.0,0.0,0.0,2.0,1,0
Morocco,2004,0,0,0,1.0,34.0,0.3333333333333333,11.333333333333334,-2.0,0,0
Morocco,2005,0,0,0,0.0,0.0,0.3333333333333333,11.333333333333334,0.0,0,0
Morocco,2006,0,0,0,0.0,0.0,0.3333333333333333,11.333333333333334,0.0,0,0
Morocco,2007,0,0,0,0.0,0.0,0.0,0.0,0.0,0,0
Morocco,2008,0,0,0,0.0,0.0,0.0,0.0,0.0,0,0
Morocco,2009,0,0,0,0.0,0.0,0.0,0.0,0.0,0,0
Morocco,2010,0,0,0,0.0,0.0,0.0,0.0,0.0,0,0
Morocco,2011,17,1,0,0.0,0.0,0.0,0.0,1.0,0,0
Morocco,2012,0,0,0,0.0,17.0,0.0,5.666666666666667,-1.0,0,0
Morocco,2013,0,0,0,0.0,0.0,0.0,5.666666666666667,0.0,0,0
Morocco,2014,0,0,0,0.0,0.0,0.0,5.666666666666667,0.0,0,0
Morocco,2015,0,0,0,0.0,0.0,0.0,0.0,0.0,0,0
Morocco,2016,0,0,0,0.0,0.0,0.0,0.0,0.0,0,0
Morocco,2017,0,0,0,0.0,0.0,0.0,0.0,0.0,0,0
Morocco,2018,0,0,0,0.0,0.0,0.0,0.0,0.0,0,0
Morocco,2019,0,0,0,0.0,0.0,0.0,0.0,0.0,0,0
Morocco,2020,2,1,0,0.0,0.0,0.0,0.0,1.0,0,0
Morocco,2021,6,7,0,0.0,2.0,0.0,0.6666666666666666,6.0,0,0
Morocco,2022,14,4,0,0.0,6.0,0.0,2.6666666666666665,-3.0,0,0
Morocco,2023,5,2,0,0.0,14.0,0.0,7.333333333333333,-2.0,0,0
Mozambique,1989,1552,131,1,0.0,0.0,0.0,0.0,0.0,1,1
Mozambique,1990,1759,44,1,1.0,1552.0,1.0,1552.0,-87.0,2,1
Mozambique,1991,1961,58,1,1.0,1759.0,1.0,1655.5,14.0,3,1
Mozambique,1992,521,34,1,1.0,1961.0,1.0,1757.3333333333333,-24.0,4,0
Mozambique,1993,2,2,0,1.0,521.0,1.0,1413.6666666666667,-32.0,0,0
Mozambique,1994,2,2,0,0.0,2.0,0.6666666666666666,828.0,0.0,0,0
Mozambique,1995,1,1,0,0.0,2.0,0.3333333333333333,175.0,-1.0,0,0
Mozambique,1996,0,0,0,0.0,1.0,0.0,1.6666666666666667,-1.0,0,0
Mozambique,1997,0,0,0,0.0,0.0,0.0,1.0,0.0,0,0
Mozambique,1998,0,0,0,0.0,0.0,0.0,0.3333333333333333,0.0,0,0
Mozambique,1999,0,0,0,0.0,0.0,0.0,0.0,0.0,0,0
Mozambique,2000,0,0,0,0.0,0.0,0.0,0.0,0.0,0,0
Mozambique,2001,0,0,0,0.0,0.0,0.0,0.0,0.0,0,0
Mozambique,2002,0,0,0,0.0,0.0,0.0,0.0,0.0,0,0
Mozambique,2003,0,0,0,0.0,0.0,0.0,0.0,0.0,0,0
Mozambique,2004,1,1,0,0.0,0.0,0.0,0.0,1.0,0,0
Mozambique,2005,13,2,0,0.0,1.0,0.0,0.3333333333333333,1.0,0,0
Mozambique,2006,0,0,0,0.0,13.0,0.0,4.666666666666667,-2.0,0,0
Mozambique,2007,0,0,0,0.0,0.0,0.0,4.666666666666667,0.0,0,0
Mozambique,2008,0,0,0,0.0,0.0,0.0,4.333333333333333,0.0,0,0
Mozambique,2009,0,0,0,0.0,0.0,0.0,0.0,0.0,0,0
Mozambique,2010,7,1,0,0.0,0.0,0.0,0.0,1.0,0,0
Mozambique,2011,0,0,0,0.0,7.0,0.0,2.3333333333333335,-1.0,0,0
Mozambique,2012,2,1,0,0.0,0.0,0.0,2.3333333333333335,1.0,0,1
Mozambique,2013,45,18,1,0.0,2.0,0.0,3.0,17.0,1,1
Mozambique,2014,33,13,1,1.0,45.0,0.3333333333333333,15.666666666666666,-5.0,2,0
Mozambique,2015,0,0,0,1.0,33.0,0.6666666666666666,26.666666666666668,-13.0,0,1
Mozambique,2016,68,31,1,0.0,0.0,0.6666666666666666,26.0,31.0,1,0
Mozambique,2017,3,3,0,1.0,68.0,0.6666666666666666,33.666666666666664,-28.0,0,1
Mozambique,2018,171,48,1,0.0,3.0,0.3333333333333333,23.666666666666668,45.0,1,1
Mozambique,2019,597,124,1,1.0,171.0,0.6666666666666666,80.66666666666667,76.0,2,1
Mozambique,2020,1627,213,1,1.0,597.0,0.6666666666666666,257.0,89.0,3,1
Mozambique,2021,1918,235,1,1.0,1627.0,1.0,798.3333333333334,22.0,4,1
Mozambique,2022,717,268,1,1.0,1918.0,1.0,1380.6666666666667,33.0,5,1
Mozambique,2023,271,100,1,1.0,717.0,1.0,1420.6666666666667,-168.0,6,1
Myanmar (Burma),1989,1534,37,1,0.0,0.0,0.0,0.0,0.0,1,1
Myanmar (Burma),1990,796,32,1,1.0,1534.0,1.0,1534.0,-5.0,2,1
Myanmar (Burma),1991,1375,32,1,1.0,796.0,1.0,1165.0,0.0,3,1
Myanmar (Burma),1992,1749,45,1,1.0,1375.0,1.0,1235.0,13.0,4,1
Myanmar (Burma),1993,145,12,1,1.0,1749.0,1.0,1306.6666666666667,-33.0,5,1
Myanmar (Burma),1994,794,83,1,1.0,145.0,1.0,1089.6666666666667,71.0,6,1
Myanmar (Burma),1995,1496,89,1,1.0,794.0,1.0,896.0,6.0,7,1
Myanmar (Burma),1996,591,79,1,1.0,1496.0,1.0,811.6666666666666,-10.0,8,1
Myanmar (Burma),1997,788,88,1,1.0,591.0,1.0,960.3333333333334,9.0,9,1
Myanmar (Burma),1998,581,125,1,1.0,788.0,1.0,958.3333333333334,37.0,10,1
Myanmar (Burma),1999,369,129,1,1.0,581.0,1.0,653.3333333333334,4.0,11,1
Myanmar (Burma),2000,748,173,1,1.0,369.0,1.0,579.3333333333334,44.0,12,1
Myanmar (Burma),2001,387,93,1,1.0,748.0,1.0,566.0,-80.0,13,1
Myanmar (Burma),2002,543,100,1,1.0,387.0,1.0,501.3333333333333,7.0,14,1
Myanmar (Burma),2003,272,65,1,1.0,543.0,1.0,559.3333333333334,-35.0,15,1
Myanmar (Burma),2004,177,84,1,1.0,272.0,1.0,400.6666666666667,19.0,16,1
Myanmar (Burma),2005,449,81,1,1.0,177.0,1.0,330.6666666666667,-3.0,17,1
Myanmar (Burma),2006,452,113,1,1.0,449.0,1.0,299.3333333333333,32.0,18,1
Myanmar (Burma),2007,704,177,1,1.0,452.0,1.0,359.3333333333333,64.0,19,1
Myanmar (Burma),2008,102,65,1,1.0,704.0,1.0,535.0,-112.0,20,1
Myanmar (Burma),2009,225,35,1,1.0,102.0,1.0,419.3333333333333,-30.0,21,1
Myanmar (Burma),2010,185,50,1,1.0,225.0,1.0,343.6666666666667,15.0,22,1
Myanmar (Burma),2011,811,265,1,1.0,185.0,1.0,170.66666666666666,215.0,23,1
Myanmar (Burma),2012,971,77,1,1.0,811.0,1.0,407.0,-188.0,24,1
Myanmar (Burma),2013,358,86,1,1.0,971.0,1.0,655.6666666666666,9.0,25,1
Myanmar (Burma),2014,256,35,1,1.0,358.0,1.0,713.3333333333334,-51.0,26,1
Myanmar (Burma),2015,705,198,1,1.0,256.0,1.0,528.3333333333334,163.0,27,1
Myanmar (Burma),2016,183,57,1,1.0,705.0,1.0,439.6666666666667,-141.0,28,1
Myanmar (Burma),2017,2395,88,1,1.0,183.0,1.0,381.3333333333333,31.0,29,1
Myanmar (Burma),2018,122,71,1,1.0,2395.0,1.0,1094.3333333333333,-17.0,30,1
Myanmar (Burma),2019,587,148,1,1.0,122.0,1.0,900.0,77.0,31,1
Myanmar (Burma),2020,207,77,1,1.0,587.0,1.0,1034.6666666666667,-71.0,32,1
Myanmar (Burma),2021,1781,857,1,1.0,207.0,1.0,305.3333333333333,780.0,33,1
Myanmar (Burma),2022,2761,1549,1,1.0,1781.0,1.0,858.3333333333334,692.0,34,1
Myanmar (Burma),2023,3065,2085,1,1.0,2761.0,1.0,1583.0,536.0,35,1
Namibia,1989,0,0,0,0.0,0.0,0.0,0.0,0.0,0,0
Namibia,1990,0,0,0,0.0,0.0,0.0,0.0,0.0,0,0
Namibia,1991,0,0,0,0.0,0.0,0.0,0.0,0.0,0,0
Namibia,1992,0,0,0,0.0,0.0,0.0,0.0,0.0,0,0
Namibia,1993,0,0,0,0.0,0.0,0.0,0.0,0.0,0,0
Namibia,1994,0,1,0,0.0,0.0,0.0,0.0,1.0,0,0
Namibia,1995,0,0,0,0.0,0.0,0.0,0.0,-1.0,0,0
Namibia,1996,2,1,0,0.0,0.0,0.0,0.0,1.0,0,0
Namibia,1997,0,0,0,0.0,2.0,0.0,0.6666666666666666,-1.0,0,0
Namibia,1998,0,0,0,0.0,0.0,0.0,0.6666666666666666,0.0,0,0
Namibia,1999,1,1,0,0.0,0.0,0.0,0.6666666666666666,1.0,0,1
Namibia,2000,60,15,1,0.0,1.0,0.0,0.3333333333333333,14.0,1,0
Namibia,2001,0,0,0,1.0,60.0,0.3333333333333333,20.333333333333332,-15.0,0,0
Namibia,2002,0,1,0,0.0,0.0,0.3333333333333333,20.333333333333332,1.0,0,0
Namibia,2003,0,0,0,0.0,0.0,0.3333333333333333,20.0,-1.0,0,0
Namibia,2004,0,0,0,0.0,0.0,0.0,0.0,0.0,0,0
Namibia,2005,0,0,0,0.0,0.0,0.0,0.0,0.0,0,0
Namibia,2006,0,0,0,0.0,0.0,0.0,0.0,0.0,0,0
Namibia,2007,0,0,0,0.0,0.0,0.0,0.0,0.0,0,0
Namibia,2008,0,0,0,0.0,0.0,0.0,0.0,0.0,0,0
Namibia,2009,0,0,0,0.0,0.0,0.0,0.0,0.0,0,0
Namibia,2010,0,0,0,0.0,0.0,0.0,0.0,0.0,0,0
Namibia,2011,0,0,0,0.0,0.0,0.0,0.0,0.0,0,0
Namibia,2012,0,0,0,0.0,0.0,0.0,0.0,0.0,0,0
Namibia,2013,0,0,0,0.0,0.0,0.0,0.0,0.0,0,0
Namibia,2014,0,0,0,0.0,0.0,0.0,0.0,0.0,0,0
Namibia,2015,0,0,0,0.0,0.0,0.0,0.0,0.0,0,0
Namibia,2016,0,0,0,0.0,0.0,0.0,0.0,0.0,0,0
Namibia,2017,0,0,0,0.0,0.0,0.0,0.0,0.0,0,0
Namibia,2018,0,0,0,0.0,0.0,0.0,0.0,0.0,0,0
Namibia,2019,0,0,0,0.0,0.0,0.0,0.0,0.0,0,0
Namibia,2020,0,0,0,0.0,0.0,0.0,0.0,0.0,0,0
Namibia,2021,0,0,0,0.0,0.0,0.0,0.0,0.0,0,0
Namibia,2022,0,0,0,0.0,0.0,0.0,0.0,0.0,0,0
Namibia,2023,0,0,0,0.0,0.0,0.0,0.0,0.0,0,0
Nepal,1989,0,0,0,0.0,0.0,0.0,0.0,0.0,0,0
Nepal,1990,14,9,0,0.0,0.0,0.0,0.0,9.0,0,0
Nepal,1991,2,1,0,0.0,14.0,0.0,7.0,-8.0,0,0
Nepal,1992,0,1,0,0.0,2.0,0.0,5.333333333333333,0.0,0,0
Nepal,1993,3,3,0,0.0,0.0,0.0,5.333333333333333,2.0,0,0
Nepal,1994,0,1,0,0.0,3.0,0.0,1.6666666666666667,-2.0,0,0
Nepal,1995,0,1,0,0.0,0.0,0.0,1.0,0.0,0,1
Nepal,1996,77,53,1,0.0,0.0,0.0,1.0,52.0,1,1
Nepal,1997,48,37,1,1.0,77.0,0.3333333333333333,25.666666666666668,-16.0,2,1
Nepal,1998,357,218,1,1.0,48.0,0.6666666666666666,41.666666666666664,181.0,3,1
Nepal,1999,295,244,1,1.0,357.0,1.0,160.66666666666666,26.0,4,1
Nepal,2000,365,186,1,1.0,295.0,1.0,233.33333333333334,-58.0,5,1
Nepal,2001,569,229,1,1.0,365.0,1.0,339.0,43.0,6,1
Nepal,2002,4432,1531,1,1.0,569.0,1.0,409.6666666666667,1302.0,7,1
Nepal,2003,1732,885,1,1.0,4432.0,1.0,1788.6666666666667,-646.0,8,1
Nepal,2004,2456,1360,1,1.0,1732.0,1.0,2244.3333333333335,475.0,9,1
Nepal,2005,1399,649,1,1.0,2456.0,1.0,2873.3333333333335,-711.0,10,1
Nepal,2006,566,215,1,1.0,1399.0,1.0,1862.3333333333333,-434.0,11,1
Nepal,2007,31,20,1,1.0,566.0,1.0,1473.6666666666667,-195.0,12,0
Nepal,2008,0,9,0,1.0,31.0,1.0,665.3333333333334,-11.0,0,0
Nepal,2009,9,2,0,0.0,0.0,0.6666666666666666,199.0,-7.0,0,0
Nepal,2010,0,0,0,0.0,9.0,0.3333333333333333,13.333333333333334,-2.0,0,0
Nepal,2011,0,0,0,0.0,0.0,0.0,3.0,0.0,0,0
Nepal,2012,0,0,0,0.0,0.0,0.0,3.0,0.0,0,0
Nepal,2013,0,0,0,0.0,0.0,0.0,0.0,0.0,0,0
Nepal,2014,0,0,0,0.0,0.0,0.0,0.0,0.0,0,0
Nepal,2015,0,0,0,0.0,0.0,0.0,0.0,0.0,0,0
Nepal,2016,0,0,0,0.0,0.0,0.0,0.0,0.0,0,0
Nepal,2017,0,0,0,0.0,0.0,0.0,0.0,0.0,0,0
Nepal,2018,0,0,0,0.0,0.0,0.0,0.0,0.0,0,0
Nepal,2019,0,0,0,0.0,0.0,0.0,0.0,0.0,0,0
Nepal,2020,0,0,0,0.0,0.0,0.0,0.0,0.0,0,0
Nepal,2021,0,0,0,0.0,0.0,0.0,0.0,0.0,0,0
Nepal,2022,1,1,0,0.0,0.0,0.0,0.0,1.0,0,0
Nepal,2023,0,0,0,0.0,1.0,0.0,0.3333333333333333,-1.0,0,0
Netherlands,1989,0,0,0,0.0,0.0,0.0,0.0,0.0,0,0
Netherlands,1990,2,1,0,0.0,0.0,0.0,0.0,1.0,0,0
Netherlands,1991,0,0,0,0.0,2.0,0.0,1.0,-1.0,0,0
Netherlands,1992,0,0,0,0.0,0.0,0.0,0.6666666666666666,0.0,0,0
Netherlands,1993,0,0,0,0.0,0.0,0.0,0.6666666666666666,0.0,0,0
Netherlands,1994,0,0,0,0.0,0.0,0.0,0.0,0.0,0,0
Netherlands,1995,0,0,0,0.0,0.0,0.0,0.0,0.0,0,0
Netherlands,1996,0,0,0,0.0,0.0,0.0,0.0,0.0,0,0
Netherlands,1997,0,0,0,0.0,0.0,0.0,0.0,0.0,0,0
Netherlands,1998,0,0,0,0.0,0.0,0.0,0.0,0.0,0,0
Netherlands,1999,0,0,0,0.0,0.0,0.0,0.0,0.0,0,0
Netherlands,2000,0,0,0,0.0,0.0,0.0,0.0,0.0,0,0
Netherlands,2001,0,0,0,0.0,0.0,0.0,0.0,0.0,0,0
Netherlands,2002,0,0,0,0.0,0.0,0.0,0.0,0.0,0,0
Netherlands,2003,0,0,0,0.0,0.0,0.0,0.0,0.0,0,0
Netherlands,2004,0,0,0,0.0,0.0,0.0,0.0,0.0,0,0
Netherlands,2005,0,0,0,0.0,0.0,0.0,0.0,0.0,0,0
Netherlands,2006,0,0,0,0.0,0.0,0.0,0.0,0.0,0,0
Netherlands,2007,0,0,0,0.0,0.0,0.0,0.0,0.0,0,0
Netherlands,2008,0,0,0,0.0,0.0,0.0,0.0,0.0,0,0
Netherlands,2009,0,0,0,0.0,0.0,0.0,0.0,0.0,0,0
Netherlands,2010,0,0,0,0.0,0.0,0.0,0.0,0.0,0,0
Netherlands,2011,0,0,0,0.0,0.0,0.0,0.0,0.0,0,0
Netherlands,2012,0,0,0,0.0,0.0,0.0,0.0,0.0,0,0
Netherlands,2013,0,0,0,0.0,0.0,0.0,0.0,0.0,0,0
Netherlands,2014,0,0,0,0.0,0.0,0.0,0.0,0.0,0,0
Netherlands,2015,0,1,0,0.0,0.0,0.0,0.0,1.0,0,0
Netherlands,2016,0,0,0,0.0,0.0,0.0,0.0,-1.0,0,0
Netherlands,2017,0,0,0,0.0,0.0,0.0,0.0,0.0,0,0
Netherlands,2018,0,0,0,0.0,0.0,0.0,0.0,0.0,0,0
Netherlands,2019,0,0,0,0.0,0.0,0.0,0.0,0.0,0,0
Netherlands,2020,0,0,0,0.0,0.0,0.0,0.0,0.0,0,0
Netherlands,2021,0,0,0,0.0,0.0,0.0,0.0,0.0,0,0
Netherlands,2022,0,0,0,0.0,0.0,0.0,0.0,0.0,0,0
Netherlands,2023,0,0,0,0.0,0.0,0.0,0.0,0.0,0,0
Nicaragua,1989,526,21,1,0.0,0.0,0.0,0.0,0.0,1,1
Nicaragua,1990,39,6,1,1.0,526.0,1.0,526.0,-15.0,2,0
Nicaragua,1991,0,0,0,1.0,39.0,1.0,282.5,-6.0,0,0
Nicaragua,1992,0,0,0,0.0,0.0,0.6666666666666666,188.33333333333334,0.0,0,0
Nicaragua,1993,0,0,0,0.0,0.0,0.3333333333333333,13.0,0.0,0,0
Nicaragua,1994,0,0,0,0.0,0.0,0.0,0.0,0.0,0,0
Nicaragua,1995,0,0,0,0.0,0.0,0.0,0.0,0.0,0,0
Nicaragua,1996,0,0,0,0.0,0.0,0.0,0.0,0.0,0,0
Nicaragua,1997,0,0,0,0.0,0.0,0.0,0.0,0.0,0,0
Nicaragua,1998,0,0,0,0.0,0.0,0.0,0.0,0.0,0,0
Nicaragua,1999,0,0,0,0.0,0.0,0.0,0.0,0.0,0,0
Nicaragua,2000,0,0,0,0.0,0.0,0.0,0.0,0.0,0,0
Nicaragua,2001,0,0,0,0.0,0.0,0.0,0.0,0.0,0,0
Nicaragua,2002,0,0,0,0.0,0.0,0.0,0.0,0.0,0,0
Nicaragua,2003,0,0,0,0.0,0.0,0.0,0.0,0.0,0,0
Nicaragua,2004,0,0,0,0.0,0.0,0.0,0.0,0.0,0,0
Nicaragua,2005,0,0,0,0.0,0.0,0.0,0.0,0.0,0,0
Nicaragua,2006,0,0,0,0.0,0.0,0.0,0.0,0.0,0,0
Nicaragua,2007,0,0,0,0.0,0.0,0.0,0.0,0.0,0,0
Nicaragua,2008,0,0,0,0.0,0.0,0.0,0.0,0.0,0,0
Nicaragua,2009,0,0,0,0.0,0.0,0.0,0.0,0.0,0,0
Nicaragua,2010,0,0,0,0.0,0.0,0.0,0.0,0.0,0,0
Nicaragua,2011,0,0,0,0.0,0.0,0.0,0.0,0.0,0,0
Nicaragua,2012,0,0,0,0.0,0.0,0.0,0.0,0.0,0,0
Nicaragua,2013,0,0,0,0.0,0.0,0.0,0.0,0.0,0,0
Nicaragua,2014,0,0,0,0.0,0.0,0.0,0.0,0.0,0,0
Nicaragua,2015,0,0,0,0.0,0.0,0.0,0.0,0.0,0,0
Nicaragua,2016,0,0,0,0.0,0.0,0.0,0.0,0.0,0,0
Nicaragua,2017,0,0,0,0.0,0.0,0.0,0.0,0.0,0,0
Nicaragua,2018,0,0,0,0.0,0.0,0.0,0.0,0.0,0,0
Nicaragua,2019,0,0,0,0.0,0.0,0.0,0.0,0.0,0,0
Nicaragua,2020,0,0,0,0.0,0.0,0.0,0.0,0.0,0,0
Nicaragua,2021,0,0,0,0.0,0.0,0.0,0.0,0.0,0,0
Nicaragua,2022,0,0,0,0.0,0.0,0.0,0.0,0.0,0,0
Nicaragua,2023,0,0,0,0.0,0.0,0.0,0.0,0.0,0,0
Niger,1989,170,1,1,0.0,0.0,0.0,0.0,0.0,1,1
Niger,1990,200,2,1,1.0,170.0,1.0,170.0,1.0,2,1
Niger,1991,40,9,1,1.0,200.0,1.0,185.0,7.0,3,1
Niger,1992,29,11,1,1.0,40.0,1.0,136.66666666666666,2.0,4,0
Niger,1993,6,1,0,1.0,29.0,1.0,89.66666666666667,-10.0,0,1
Niger,1994,50,11,1,0.0,6.0,0.6666666666666666,25.0,10.0,1,1
Niger,1995,67,7,1,1.0,50.0,0.6666666666666666,28.333333333333332,-4.0,2,0
Niger,1996,14,3,0,1.0,67.0,0.6666666666666666,41.0,-4.0,0,1
Niger,1997,81,8,1,0.0,14.0,0.6666666666666666,43.666666666666664,5.0,1,1
Niger,1998,147,2,1,1.0,81.0,0.6666666666666666,54.0,-6.0,2,0
Niger,1999,0,0,0,1.0,147.0,0.6666666666666666,80.66666666666667,-2.0,0,0
Niger,2000,0,0,0,0.0,0.0,0.6666666666666666,76.0,0.0,0,0
Niger,2001,0,0,0,0.0,0.0,0.3333333333333333,49.0,0.0,0,0
Niger,2002,0,0,0,0.0,0.0,0.0,0.0,0.0,0,0
Niger,2003,0,0,0,0.0,0.0,0.0,0.0,0.0,0,0
Niger,2004,4,1,0,0.0,0.0,0.0,0.0,1.0,0,0
Niger,2005,0,0,0,0.0,4.0,0.0,1.3333333333333333,-1.0,0,0
Niger,2006,0,0,0,0.0,0.0,0.0,1.3333333333333333,0.0,0,1
Niger,2007,98,22,1,0.0,0.0,0.0,1.3333333333333333,22.0,1,1
Niger,2008,68,13,1,1.0,98.0,0.3333333333333333,32.666666666666664,-9.0,2,0
Niger,2009,0,0,0,1.0,68.0,0.6666666666666666,55.333333333333336,-13.0,0,0
Niger,2010,0,0,0,0.0,0.0,0.6666666666666666,55.333333333333336,0.0,0,0
Niger,2011,0,0,0,0.0,0.0,0.3333333333333333,22.666666666666668,0.0,0,0
Niger,2012,1,1,0,0.0,0.0,0.0,0.0,1.0,0,1
Niger,2013,31,6,1,0.0,1.0,0.0,0.3333333333333333,5.0,1,0
Niger,2014,5,2,0,1.0,31.0,0.3333333333333333,10.666666666666666,-4.0,0,1
Niger,2015,533,43,1,0.0,5.0,0.3333333333333333,12.333333333333334,41.0,1,1
Niger,2016,299,18,1,1.0,533.0,0.6666666666666666,189.66666666666666,-25.0,2,1
Niger,2017,248,16,1,1.0,299.0,0.6666666666666666,279.0,-2.0,3,1
Niger,2018,181,25,1,1.0,248.0,1.0,360.0,9.0,4,1
Niger,2019,454,72,1,1.0,181.0,1.0,242.66666666666666,47.0,5,1
Niger,2020,820,68,1,1.0,454.0,1.0,294.3333333333333,-4.0,6,1
Niger,2021,1130,78,1,1.0,820.0,1.0,485.0,10.0,7,1
Niger,2022,664,73,1,1.0,1130.0,1.0,801.3333333333334,-5.0,8,1
Niger,2023,513,97,1,1.0,664.0,1.0,871.3333333333334,24.0,9,1
Nigeria,1989,0,0,0,0.0,0.0,0.0,0.0,0.0,0,1
Nigeria,1990,89,2,1,0.0,0.0,0.0,0.0,2.0,1,1
Nigeria,1991,380,4,1,1.0,89.0,0.5,44.5,2.0,2,1
Nigeria,1992,943,12,1,1.0,380.0,0.6666666666666666,156.33333333333334,8.0,3,1
Nigeria,1993,1185,8,1,1.0,943.0,1.0,470.6666666666667,-4.0,4,1
Nigeria,1994,90,16,1,1.0,1185.0,1.0,836.0,8.0,5,0
Nigeria,1995,1,1,0,1.0,90.0,1.0,739.3333333333334,-15.0,0,1
Nigeria,1996,87,5,1,0.0,1.0,0.6666666666666666,425.3333333333333,4.0,1,1
Nigeria,1997,595,20,1,1.0,87.0,0.6666666666666666,59.333333333333336,15.0,2,1
Nigeria,1998,357,31,1,1.0,595.0,0.6666666666666666,227.66666666666666,11.0,3,1
Nigeria,1999,3519,39,1,1.0,357.0,1.0,346.3333333333333,8.0,4,1
Nigeria,2000,2104,30,1,1.0,3519.0,1.0,1490.3333333333333,-9.0,5,1
Nigeria,2001,2437,41,1,1.0,2104.0,1.0,1993.3333333333333,11.0,6,1
Nigeria,2002,629,45,1,1.0,2437.0,1.0,2686.6666666666665,4.0,7,1
Nigeria,2003,449,63,1,1.0,629.0,1.0,1723.3333333333333,18.0,8,1
Nigeria,2004,2136,87,1,1.0,449.0,1.0,1171.6666666666667,24.0,9,1
Nigeria,2005,233,22,1,1.0,2136.0,1.0,1071.3333333333333,-65.0,10,1
Nigeria,2006,231,23,1,1.0,233.0,1.0,939.3333333333334,1.0,11,1
Nigeria,2007,157,22,1,1.0,231.0,1.0,866.6666666666666,-1.0,12,1
Nigeria,2008,432,31,1,1.0,157.0,1.0,207.0,9.0,13,1
Nigeria,2009,533,41,1,1.0,432.0,1.0,273.3333333333333,10.0,14,1
Nigeria,2010,980,92,1,1.0,533.0,1.0,374.0,51.0,15,1
Nigeria,2011,1831,254,1,1.0,980.0,1.0,648.3333333333334,162.0,16,1
Nigeria,2012,2022,409,1,1.0,1831.0,1.0,1114.6666666666667,155.0,17,1
Nigeria,2013,3391,334,1,1.0,2022.0,1.0,1611.0,-75.0,18,1
Nigeria,2014,10346,554,1,1.0,3391.0,1.0,2414.6666666666665,220.0,19,1
Nigeria,2015,9121,505,1,1.0,10346.0,1.0,5253.0,-49.0,20,1
Nigeria,2016,3949,434,1,1.0,9121.0,1.0,7619.333333333333,-71.0,21,1
Nigeria,2017,3589,507,1,1.0,3949.0,1.0,7805.333333333333,73.0,22,1
Nigeria,2018,3243,535,1,1.0,3589.0,1.0,5553.0,28.0,23,1
Nigeria,2019,2455,524,1,1.0,3243.0,1.0,3593.6666666666665,-11.0,24,1
Nigeria,2020,3079,625,1,1.0,2455.0,1.0,3095.6666666666665,101.0,25,1
Nigeria,2021,3171,515,1,1.0,3079.0,1.0,2925.6666666666665,-110.0,26,1
Nigeria,2022,2917,471,1,1.0,3171.0,1.0,2901.6666666666665,-44.0,27,1
Nigeria,2023,3971,626,1,1.0,2917.0,1.0,3055.6666666666665,155.0,28,1
North Macedonia,1989,0,0,0,0.0,0.0,0.0,0.0,0.0,0,0
North Macedonia,1990,0,0,0,0.0,0.0,0.0,0.0,0.0,0,0
North Macedonia,1991,0,0,0,0.0,0.0,0.0,0.0,0.0,0,0
North Macedonia,1992,0,0,0,0.0,0.0,0.0,0.0,0.0,0,0
North Macedonia,1993,0,0,0,0.0,0.0,0.0,0.0,0.0,0,0
North Macedonia,1994,0,0,0,0.0,0.0,0.0,0.0,0.0,0,0
North Macedonia,1995,0,0,0,0.0,0.0,0.0,0.0,0.0,0,0
North Macedonia,1996,0,0,0,0.0,0.0,0.0,0.0,0.0,0,0
North Macedonia,1997,0,0,0,0.0,0.0,0.0,0.0,0.0,0,0
North Macedonia,1998,0,0,0,0.0,0.0,0.0,0.0,0.0,0,0
North Macedonia,1999,6,1,0,0.0,0.0,0.0,0.0,1.0,0,0
North Macedonia,2000,3,1,0,0.0,6.0,0.0,2.0,0.0,0,1
North Macedonia,2001,72,53,1,0.0,3.0,0.0,3.0,52.0,1,0
North Macedonia,2002,0,0,0,1.0,72.0,0.3333333333333333,27.0,-53.0,0,0
North Macedonia,2003,0,0,0,0.0,0.0,0.3333333333333333,25.0,0.0,0,0
North Macedonia,2004,0,0,0,0.0,0.0,0.3333333333333333,24.0,0.0,0,0
North Macedonia,2005,0,0,0,0.0,0.0,0.0,0.0,0.0,0,0
North Macedonia,2006,0,0,0,0.0,0.0,0.0,0.0,0.0,0,0
North Macedonia,2007,0,0,0,0.0,0.0,0.0,0.0,0.0,0,0
North Macedonia,2008,0,0,0,0.0,0.0,0.0,0.0,0.0,0,0
North Macedonia,2009,0,0,0,0.0,0.0,0.0,0.0,0.0,0,0
North Macedonia,2010,0,0,0,0.0,0.0,0.0,0.0,0.0,0,0
North Macedonia,2011,0,0,0,0.0,0.0,0.0,0.0,0.0,0,0
North Macedonia,2012,0,0,0,0.0,0.0,0.0,0.0,0.0,0,0
North Macedonia,2013,0,0,0,0.0,0.0,0.0,0.0,0.0,0,0
North Macedonia,2014,0,0,0,0.0,0.0,0.0,0.0,0.0,0,0
North Macedonia,2015,0,0,0,0.0,0.0,0.0,0.0,0.0,0,0
North Macedonia,2016,0,0,0,0.0,0.0,0.0,0.0,0.0,0,0
North Macedonia,2017,0,0,0,0.0,0.0,0.0,0.0,0.0,0,0
North Macedonia,2018,0,0,0,0.0,0.0,0.0,0.0,0.0,0,0
North Macedonia,2019,0,0,0,0.0,0.0,0.0,0.0,0.0,0,0
North Macedonia,2020,0,0,0,0.0,0.0,0.0,0.0,0.0,0,0
North Macedonia,2021,0,0,0,0.0,0.0,0.0,0.0,0.0,0,0
North Macedonia,2022,0,0,0,0.0,0.0,0.0,0.0,0.0,0,0
North Macedonia,2023,0,0,0,0.0,0.0,0.0,0.0,0.0,0,0
Pakistan,1989,114,20,1,0.0,0.0,0.0,0.0,0.0,1,1
Pakistan,1990,386,44,1,1.0,114.0,1.0,114.0,24.0,2,1
Pakistan,1991,62,10,1,1.0,386.0,1.0,250.0,-34.0,3,1
Pakistan,1992,72,5,1,1.0,62.0,1.0,187.33333333333334,-5.0,4,1
Pakistan,1993,48,7,1,1.0,72.0,1.0,173.33333333333334,2.0,5,1
Pakistan,1994,169,38,1,1.0,48.0,1.0,60.666666666666664,31.0,6,1
Pakistan,1995,127,23,1,1.0,169.0,1.0,96.33333333333333,-15.0,7,1
Pakistan,1996,64,21,1,1.0,127.0,1.0,114.66666666666667,-2.0,8,1
Pakistan,1997,123,29,1,1.0,64.0,1.0,120.0,8.0,9,1
Pakistan,1998,121,39,1,1.0,123.0,1.0,104.66666666666667,10.0,10,1
Pakistan,1999,57,12,1,1.0,121.0,1.0,102.66666666666667,-27.0,11,1
Pakistan,2000,59,27,1,1.0,57.0,1.0,100.33333333333333,15.0,12,1
Pakistan,2001,42,9,1,1.0,59.0,1.0,79.0,-18.0,13,1
Pakistan,2002,170,70,1,1.0,42.0,1.0,52.666666666666664,61.0,14,1
Pakistan,2003,242,79,1,1.0,170.0,1.0,90.33333333333333,9.0,15,1
Pakistan,2004,430,62,1,1.0,242.0,1.0,151.33333333333334,-17.0,16,1
Pakistan,2005,168,48,1,1.0,430.0,1.0,280.6666666666667,-14.0,17,1
Pakistan,2006,427,46,1,1.0,168.0,1.0,280.0,-2.0,18,1
Pakistan,2007,1380,211,1,1.0,427.0,1.0,341.6666666666667,165.0,19,1
Pakistan,2008,4621,664,1,1.0,1380.0,1.0,658.3333333333334,453.0,20,1
Pakistan,2009,7512,884,1,1.0,4621.0,1.0,2142.6666666666665,220.0,21,1
Pakistan,2010,7251,962,1,1.0,7512.0,1.0,4504.333333333333,78.0,22,1
Pakistan,2011,3475,613,1,1.0,7251.0,1.0,6461.333333333333,-349.0,23,1
Pakistan,2012,3583,651,1,1.0,3475.0,1.0,6079.333333333333,38.0,24,1
Pakistan,2013,2914,361,1,1.0,3583.0,1.0,4769.666666666667,-290.0,25,1
Pakistan,2014,3639,433,1,1.0,2914.0,1.0,3324.0,72.0,26,1
Pakistan,2015,2454,285,1,1.0,3639.0,1.0,3378.6666666666665,-148.0,27,1
Pakistan,2016,1100,158,1,1.0,2454.0,1.0,3002.3333333333335,-127.0,28,1
Pakistan,2017,960,163,1,1.0,1100.0,1.0,2397.6666666666665,5.0,29,1
Pakistan,2018,483,93,1,1.0,960.0,1.0,1504.6666666666667,-70.0,30,1
Pakistan,2019,293,99,1,1.0,483.0,1.0,847.6666666666666,6.0,31,1
Pakistan,2020,409,145,1,1.0,293.0,1.0,578.6666666666666,46.0,32,1
Pakistan,2021,452,191,1,1.0,409.0,1.0,395.0,46.0,33,1
Pakistan,2022,719,284,1,1.0,452.0,1.0,384.6666666666667,93.0,34,1
Pakistan,2023,1178,382,1,1.0,719.0,1.0,526.6666666666666,98.0,35,1
Panama,1989,920,3,1,0.0,0.0,0.0,0.0,0.0,1,0
Panama,1990,0,0,0,1.0,920.0,1.0,920.0,-3.0,0,0
Panama,1991,0,0,0,0.0,0.0,0.5,460.0,0.0,0,0
Panama,1992,0,0,0,0.0,0.0,0.3333333333333333,306.6666666666667,0.0,0,0
Panama,1993,0,0,0,0.0,0.0,0.0,0.0,0.0,0,0
Panama,1994,0,0,0,0.0,0.0,0.0,0.0,0.0,0,0
Panama,1995,0,0,0,0.0,0.0,0.0,0.0,0.0,0,0
Panama,1996,0,0,0,0.0,0.0,0.0,0.0,0.0,0,0
Panama,1997,0,0,0,0.0,0.0,0.0,0.0,0.0,0,0
Panama,1998,0,0,0,0.0,0.0,0.0,0.0,0.0,0,0
Panama,1999,0,0,0,0.0,0.0,0.0,0.0,0.0,0,0
Panama,2000,0,0,0,0.0,0.0,0.0,0.0,0.0,0,0
Panama,2001,0,0,0,0.0,0.0,0.0,0.0,0.0,0,0
Panama,2002,0,0,0,0.0,0.0,0.0,0.0,0.0,0,0
Panama,2003,0,0,0,0.0,0.0,0.0,0.0,0.0,0,0
Panama,2004,0,0,0,0.0,0.0,0.0,0.0,0.0,0,0
Panama,2005,0,0,0,0.0,0.0,0.0,0.0,0.0,0,0
Panama,2006,0,0,0,0.0,0.0,0.0,0.0,0.0,0,0
Panama,2007,0,0,0,0.0,0.0,0.0,0.0,0.0,0,0
Panama,2008,0,0,0,0.0,0.0,0.0,0.0,0.0,0,0
Panama,2009,1,1,0,0.0,0.0,0.0,0.0,1.0,0,0
Panama,2010,0,0,0,0.0,1.0,0.0,0.3333333333333333,-1.0,0,0
Panama,2011,0,0,0,0.0,0.0,0.0,0.3333333333333333,0.0,0,0
Panama,2012,0,0,0,0.0,0.0,0.0,0.3333333333333333,0.0,0,0
Panama,2013,0,0,0,0.0,0.0,0.0,0.0,0.0,0,0
Panama,2014,0,0,0,0.0,0.0,0.0,0.0,0.0,0,0
Panama,2015,0,0,0,0.0,0.0,0.0,0.0,0.0,0,0
Panama,2016,0,0,0,0.0,0.0,0.0,0.0,0.0,0,0
Panama,2017,0,0,0,0.0,0.0,0.0,0.0,0.0,0,0
Panama,2018,0,0,0,0.0,0.0,0.0,0.0,0.0,0,0
Panama,2019,0,0,0,0.0,0.0,0.0,0.0,0.0,0,0
Panama,2020,0,0,0,0.0,0.0,0.0,0.0,0.0,0,0
Panama,2021,0,0,0,0.0,0.0,0.0,0.0,0.0,0,0
Panama,2022,0,0,0,0.0,0.0,0.0,0.0,0.0,0,0
Panama,2023,0,0,0,0.0,0.0,0.0,0.0,0.0,0,0
Papua New Guinea,1989,14,6,0,0.0,0.0,0.0,0.0,0.0,0,1
Papua New Guinea,1990,61,15,1,0.0,14.0,0.0,14.0,9.0,1,1
Papua New Guinea,1991,29,3,1,1.0,61.0,0.5,37.5,-12.0,2,1
Papua New Guinea,1992,61,16,1,1.0,29.0,0.6666666666666666,34.666666666666664,13.0,3,1
Papua New Guinea,1993,40,14,1,1.0,61.0,1.0,50.333333333333336,-2.0,4,1
Papua New Guinea,1994,26,6,1,1.0,40.0,1.0,43.333333333333336,-8.0,5,1
Papua New Guinea,1995,33,11,1,1.0,26.0,1.0,42.333333333333336,5.0,6,1
Papua New Guinea,1996,106,26,1,1.0,33.0,1.0,33.0,15.0,7,0
Papua New Guinea,1997,12,4,0,1.0,106.0,1.0,55.0,-22.0,0,1
Papua New Guinea,1998,40,2,1,0.0,12.0,0.6666666666666666,50.333333333333336,-2.0,1,1
Papua New Guinea,1999,60,2,1,1.0,40.0,0.6666666666666666,52.666666666666664,0.0,2,0
Papua New Guinea,2000,13,2,0,1.0,60.0,0.6666666666666666,37.333333333333336,0.0,0,1
Papua New Guinea,2001,65,6,1,0.0,13.0,0.6666666666666666,37.666666666666664,4.0,1,0
Papua New Guinea,2002,7,3,0,1.0,65.0,0.6666666666666666,46.0,-3.0,0,0
Papua New Guinea,2003,0,0,0,0.0,7.0,0.3333333333333333,28.333333333333332,-3.0,0,0
Papua New Guinea,2004,0,0,0,0.0,0.0,0.3333333333333333,24.0,0.0,0,0
Papua New Guinea,2005,0,0,0,0.0,0.0,0.0,2.3333333333333335,0.0,0,0
Papua New Guinea,2006,0,0,0,0.0,0.0,0.0,0.0,0.0,0,0
Papua New Guinea,2007,0,0,0,0.0,0.0,0.0,0.0,0.0,0,0
Papua New Guinea,2008,0,0,0,0.0,0.0,0.0,0.0,0.0,0,0
Papua New Guinea,2009,0,0,0,0.0,0.0,0.0,0.0,0.0,0,0
Papua New Guinea,2010,0,0,0,0.0,0.0,0.0,0.0,0.0,0,0
Papua New Guinea,2011,0,0,0,0.0,0.0,0.0,0.0,0.0,0,1
Papua New Guinea,2012,57,4,1,0.0,0.0,0.0,0.0,4.0,1,0
Papua New Guinea,2013,0,0,0,1.0,57.0,0.3333333333333333,19.0,-4.0,0,0
Papua New Guinea,2014,0,0,0,0.0,0.0,0.3333333333333333,19.0,0.0,0,0
Papua New Guinea,2015,0,0,0,0.0,0.0,0.3333333333333333,19.0,0.0,0,0
Papua New Guinea,2016,0,0,0,0.0,0.0,0.0,0.0,0.0,0,0
Papua New Guinea,2017,0,0,0,0.0,0.0,0.0,0.0,0.0,0,0
Papua New Guinea,2018,0,0,0,0.0,0.0,0.0,0.0,0.0,0,1
Papua New Guinea,2019,30,3,1,0.0,0.0,0.0,0.0,3.0,1,0
Papua New Guinea,2020,0,0,0,1.0,30.0,0.3333333333333333,10.0,-3.0,0,1
Papua New Guinea,2021,38,4,1,0.0,0.0,0.3333333333333333,10.0,4.0,1,1
Papua New Guinea,2022,109,16,1,1.0,38.0,0.6666666666666666,22.666666666666668,12.0,2,0
Papua New Guinea,2023,1,1,0,1.0,109.0,0.6666666666666666,49.0,-15.0,0,1
Paraguay,1989,150,1,1,0.0,0.0,0.0,0.0,0.0,1,0
Paraguay,1990,0,0,0,1.0,150.0,1.0,150.0,-1.0,0,0
Paraguay,1991,0,0,0,0.0,0.0,0.5,75.0,0.0,0,0
Paraguay,1992,0,0,0,0.0,0.0,0.3333333333333333,50.0,0.0,0,0
Paraguay,1993,0,0,0,0.0,0.0,0.0,0.0,0.0,0,0
Paraguay,1994,0,0,0,0.0,0.0,0.0,0.0,0.0,0,0
Paraguay,1995,0,0,0,0.0,0.0,0.0,0.0,0.0,0,0
Paraguay,1996,0,0,0,0.0,0.0,0.0,0.0,0.0,0,0
Paraguay,1997,0,0,0,0.0,0.0,0.0,0.0,0.0,0,0
Paraguay,1998,0,0,0,0.0,0.0,0.0,0.0,0.0,0,0
Paraguay,1999,0,0,0,0.0,0.0,0.0,0.0,0.0,0,0
Paraguay,2000,0,0,0,0.0,0.0,0.0,0.0,0.0,0,0
Paraguay,2001,0,0,0,0.0,0.0,0.0,0.0,0.0,0,0
Paraguay,2002,0,0,0,0.0,0.0,0.0,0.0,0.0,0,0
Paraguay,2003,0,0,0,0.0,0.0,0.0,0.0,0.0,0,0
Paraguay,2004,0,0,0,0.0,0.0,0.0,0.0,0.0,0,0
Paraguay,2005,0,0,0,0.0,0.0,0.0,0.0,0.0,0,0
Paraguay,2006,0,0,0,0.0,0.0,0.0,0.0,0.0,0,0
Paraguay,2007,0,0,0,0.0,0.0,0.0,0.0,0.0,0,0
Paraguay,2008,0,0,0,0.0,0.0,0.0,0.0,0.0,0,0
Paraguay,2009,0,0,0,0.0,0.0,0.0,0.0,0.0,0,0
Paraguay,2010,0,0,0,0.0,0.0,0.0,0.0,0.0,0,0
Paraguay,2011,0,0,0,0.0,0.0,0.0,0.0,0.0,0,0
Paraguay,2012,0,0,0,0.0,0.0,0.0,0.0,0.0,0,0
Paraguay,2013,0,0,0,0.0,0.0,0.0,0.0,0.0,0,0
Paraguay,2014,0,0,0,0.0,0.0,0.0,0.0,0.0,0,0
Paraguay,2015,0,0,0,0.0,0.0,0.0,0.0,0.0,0,0
Paraguay,2016,1,1,0,0.0,0.0,0.0,0.0,1.0,0,0
Paraguay,2017,0,0,0,0.0,1.0,0.0,0.3333333333333333,-1.0,0,0
Paraguay,2018,1,1,0,0.0,0.0,0.0,0.3333333333333333,1.0,0,0
Paraguay,2019,0,0,0,0.0,1.0,0.0,0.6666666666666666,-1.0,0,0
Paraguay,2020,1,1,0,0.0,0.0,0.0,0.3333333333333333,1.0,0,0
Paraguay,2021,4,1,0,0.0,1.0,0.0,0.6666666666666666,0.0,0,0
Paraguay,2022,0,0,0,0.0,4.0,0.0,1.6666666666666667,-1.0,0,0
Paraguay,2023,0,0,0,0.0,0.0,0.0,1.6666666666666667,0.0,0,0
Peru,1989,1945,172,1,0.0,0.0,0.0,0.0,0.0,1,1
Peru,1990,1228,140,1,1.0,1945.0,1.0,1945.0,-32.0,2,1
Peru,1991,1350,122,1,1.0,1228.0,1.0,1586.5,-18.0,3,1
Peru,1992,1195,128,1,1.0,1350.0,1.0,1507.6666666666667,6.0,4,1
Peru,1993,779,72,1,1.0,1195.0,1.0,1257.6666666666667,-56.0,5,1
Peru,1994,369,35,1,1.0,779.0,1.0,1108.0,-37.0,6,1
Peru,1995,274,41,1,1.0,369.0,1.0,781.0,6.0,7,1
Peru,1996,105,25,1,1.0,274.0,1.0,474.0,-16.0,8,1
Peru,1997,116,19,1,1.0,105.0,1.0,249.33333333333334,-6.0,9,1
Peru,1998,33,9,1,1.0,116.0,1.0,165.0,-10.0,10,1
Peru,1999,89,16,1,1.0,33.0,1.0,84.66666666666667,7.0,11,0
Peru,2000,5,4,0,1.0,89.0,1.0,79.33333333333333,-12.0,0,0
Peru,2001,21,3,0,0.0,5.0,0.6666666666666666,42.333333333333336,-1.0,0,0
Peru,2002,13,6,0,0.0,21.0,0.3333333333333333,38.333333333333336,3.0,0,0
Peru,2003,13,4,0,0.0,13.0,0.0,13.0,-2.0,0,0
Peru,2004,3,2,0,0.0,13.0,0.0,15.666666666666666,-2.0,0,0
Peru,2005,0,1,0,0.0,3.0,0.0,9.666666666666666,-1.0,0,0
Peru,2006,11,3,0,0.0,0.0,0.0,5.333333333333333,2.0,0,1
Peru,2007,32,9,1,0.0,11.0,0.0,4.666666666666667,6.0,1,1
Peru,2008,40,13,1,1.0,32.0,0.3333333333333333,14.333333333333334,4.0,2,1
Peru,2009,54,13,1,1.0,40.0,0.6666666666666666,27.666666666666668,0.0,3,1
Peru,2010,29,13,1,1.0,54.0,1.0,42.0,0.0,4,0
Peru,2011,15,11,0,1.0,29.0,1.0,41.0,-2.0,0,0
Peru,2012,0,0,0,0.0,15.0,0.6666666666666666,32.666666666666664,-11.0,0,0
Peru,2013,3,1,0,0.0,0.0,0.3333333333333333,14.666666666666666,1.0,0,0
Peru,2014,14,8,0,0.0,3.0,0.0,6.0,7.0,0,0
Peru,2015,9,4,0,0.0,14.0,0.0,5.666666666666667,-4.0,0,0
Peru,2016,11,2,0,0.0,9.0,0.0,8.666666666666666,-2.0,0,0
Peru,2017,7,2,0,0.0,11.0,0.0,11.333333333333334,0.0,0,0
Peru,2018,0,0,0,0.0,7.0,0.0,9.0,-2.0,0,0
Peru,2019,2,1,0,0.0,0.0,0.0,6.0,1.0,0,0
Peru,2020,11,3,0,0.0,2.0,0.0,3.0,2.0,0,0
Peru,2021,20,3,0,0.0,11.0,0.0,4.333333333333333,0.0,0,0
Peru,2022,14,3,0,0.0,20.0,0.0,11.0,0.0,0,0
Peru,2023,12,2,0,0.0,14.0,0.0,15.0,-1.0,0,0
Philippines,1989,984,136,1,0.0,0.0,0.0,0.0,0.0,1,1
Philippines,1990,1362,128,1,1.0,984.0,1.0,984.0,-8.0,2,1
Philippines,1991,1549,113,1,1.0,1362.0,1.0,1173.0,-15.0,3,1
Philippines,1992,445,59,1,1.0,1549.0,1.0,1298.3333333333333,-54.0,4,1
Philippines,1993,318,45,1,1.0,445.0,1.0,1118.6666666666667,-14.0,5,1
Philippines,1994,308,40,1,1.0,318.0,1.0,770.6666666666666,-5.0,6,1
Philippines,1995,188,18,1,1.0,308.0,1.0,357.0,-22.0,7,1
Philippines,1996,199,26,1,1.0,188.0,1.0,271.3333333333333,8.0,8,1
Philippines,1997,322,40,1,1.0,199.0,1.0,231.66666666666666,14.0,9,1
Philippines,1998,138,23,1,1.0,322.0,1.0,236.33333333333334,-17.0,10,1
Philippines,1999,219,48,1,1.0,138.0,1.0,219.66666666666666,25.0,11,1
Philippines,2000,1761,171,1,1.0,219.0,1.0,226.33333333333334,123.0,12,1
Philippines,2001,1053,144,1,1.0,1761.0,1.0,706.0,-27.0,13,1
Philippines,2002,763,211,1,1.0,1053.0,1.0,1011.0,67.0,14,1
Philippines,2003,1134,152,1,1.0,763.0,1.0,1192.3333333333333,-59.0,15,1
Philippines,2004,471,136,1,1.0,1134.0,1.0,983.3333333333334,-16.0,16,1
Philippines,2005,487,124,1,1.0,471.0,1.0,789.3333333333334,-12.0,17,1
Philippines,2006,434,131,1,1.0,487.0,1.0,697.3333333333334,7.0,18,1
Philippines,2007,483,103,1,1.0,434.0,1.0,464.0,-28.0,19,1
Philippines,2008,566,182,1,1.0,483.0,1.0,468.0,79.0,20,1
Philippines,2009,1048,155,1,1.0,566.0,1.0,494.3333333333333,-27.0,21,1
Philippines,2010,372,119,1,1.0,1048.0,1.0,699.0,-36.0,22,1
Philippines,2011,414,149,1,1.0,372.0,1.0,662.0,30.0,23,1
Philippines,2012,311,109,1,1.0,414.0,1.0,611.3333333333334,-40.0,24,1
Philippines,2013,537,139,1,1.0,311.0,1.0,365.6666666666667,30.0,25,1
Philippines,2014,484,149,1,1.0,537.0,1.0,420.6666666666667,10.0,26,1
Philippines,2015,628,203,1,1.0,484.0,1.0,444.0,54.0,27,1
Philippines,2016,616,168,1,1.0,628.0,1.0,549.6666666666666,-35.0,28,1
Philippines,2017,1713,267,1,1.0,616.0,1.0,576.0,99.0,29,1
Philippines,2018,436,123,1,1.0,1713.0,1.0,985.6666666666666,-144.0,30,1
Philippines,2019,364,130,1,1.0,436.0,1.0,921.6666666666666,7.0,31,1
Philippines,2020,376,158,1,1.0,364.0,1.0,837.6666666666666,28.0,32,1
Philippines,2021,310,143,1,1.0,376.0,1.0,392.0,-15.0,33,1
Philippines,2022,247,128,1,1.0,310.0,1.0,350.0,-15.0,34,1
Philippines,2023,269,117,1,1.0,247.0,1.0,311.0,-11.0,35,1
Poland,1989,0,0,0,0.0,0.0,0.0,0.0,0.0,0,0
Poland,1990,0,0,0,0.0,0.0,0.0,0.0,0.0,0,0
Poland,1991,0,0,0,0.0,0.0,0.0,0.0,0.0,0,0
Poland,1992,0,0,0,0.0,0.0,0.0,0.0,0.0,0,0
Poland,1993,0,0,0,0.0,0.0,0.0,0.0,0.0,0,0
Poland,1994,0,0,0,0.0,0.0,0.0,0.0,0.0,0,0
Poland,1995,0,0,0,0.0,0.0,0.0,0.0,0.0,0,0
Poland,1996,0,0,0,0.0,0.0,0.0,0.0,0.0,0,0
Poland,1997,0,0,0,0.0,0.0,0.0,0.0,0.0,0,0
Poland,1998,0,0,0,0.0,0.0,0.0,0.0,0.0,0,0
Poland,1999,0,0,0,0.0,0.0,0.0,0.0,0.0,0,0
Poland,2000,0,0,0,0.0,0.0,0.0,0.0,0.0,0,0
Poland,2001,0,0,0,0.0,0.0,0.0,0.0,0.0,0,0
Poland,2002,0,0,0,0.0,0.0,0.0,0.0,0.0,0,0
Poland,2003,0,0,0,0.0,0.0,0.0,0.0,0.0,0,0
Poland,2004,0,0,0,0.0,0.0,0.0,0.0,0.0,0,0
Poland,2005,0,0,0,0.0,0.0,0.0,0.0,0.0,0,0
Poland,2006,0,0,0,0.0,0.0,0.0,0.0,0.0,0,0
Poland,2007,0,0,0,0.0,0.0,0.0,0.0,0.0,0,0
Poland,2008,0,0,0,0.0,0.0,0.0,0.0,0.0,0,0
Poland,2009,0,0,0,0.0,0.0,0.0,0.0,0.0,0,0
Poland,2010,0,0,0,0.0,0.0,0.0,0.0,0.0,0,0
Poland,2011,0,0,0,0.0,0.0,0.0,0.0,0.0,0,0
Poland,2012,0,0,0,0.0,0.0,0.0,0.0,0.0,0,0
Poland,2013,0,0,0,0.0,0.0,0.0,0.0,0.0,0,0
Poland,2014,0,0,0,0.0,0.0,0.0,0.0,0.0,0,0
Poland,2015,0,0,0,0.0,0.0,0.0,0.0,0.0,0,0
Poland,2016,0,0,0,0.0,0.0,0.0,0.0,0.0,0,0
Poland,2017,0,0,0,0.0,0.0,0.0,0.0,0.0,0,0
Poland,2018,0,0,0,0.0,0.0,0.0,0.0,0.0,0,0
Poland,2019,0,0,0,0.0,0.0,0.0,0.0,0.0,0,0
Poland,2020,0,0,0,0.0,0.0,0.0,0.0,0.0,0,0
Poland,2021,0,0,0,0.0,0.0,0.0,0.0,0.0,0,0
Poland,2022,2,1,0,0.0,0.0,0.0,0.0,1.0,0,0
Poland,2023,0,0,0,0.0,2.0,0.0,0.6666666666666666,-1.0,0,0
Qatar,1989,0,0,0,0.0,0.0,0.0,0.0,0.0,0,0
Qatar,1990,0,0,0,0.0,0.0,0.0,0.0,0.0,0,0
Qatar,1991,0,0,0,0.0,0.0,0.0,0.0,0.0,0,0
Qatar,1992,0,0,0,0.0,0.0,0.0,0.0,0.0,0,0
Qatar,1993,0,0,0,0.0,0.0,0.0,0.0,0.0,0,0
Qatar,1994,0,0,0,0.0,0.0,0.0,0.0,0.0,0,0
Qatar,1995,0,0,0,0.0,0.0,0.0,0.0,0.0,0,0
Qatar,1996,0,0,0,0.0,0.0,0.0,0.0,0.0,0,0
Qatar,1997,0,0,0,0.0,0.0,0.0,0.0,0.0,0,0
Qatar,1998,0,0,0,0.0,0.0,0.0,0.0,0.0,0,0
Qatar,1999,0,0,0,0.0,0.0,0.0,0.0,0.0,0,0
Qatar,2000,0,0,0,0.0,0.0,0.0,0.0,0.0,0,0
Qatar,2001,0,0,0,0.0,0.0,0.0,0.0,0.0,0,0
Qatar,2002,0,0,0,0.0,0.0,0.0,0.0,0.0,0,0
Qatar,2003,0,0,0,0.0,0.0,0.0,0.0,0.0,0,0
Qatar,2004,0,1,0,0.0,0.0,0.0,0.0,1.0,0,0
Qatar,2005,0,0,0,0.0,0.0,0.0,0.0,-1.0,0,0
Qatar,2006,0,0,0,0.0,0.0,0.0,0.0,0.0,0,0
Qatar,2007,0,0,0,0.0,0.0,0.0,0.0,0.0,0,0
Qatar,2008,0,0,0,0.0,0.0,0.0,0.0,0.0,0,0
Qatar,2009,0,0,0,0.0,0.0,0.0,0.0,0.0,0,0
Qatar,2010,0,0,0,0.0,0.0,0.0,0.0,0.0,0,0
Qatar,2011,0,0,0,0.0,0.0,0.0,0.0,0.0,0,0
Qatar,2012,0,0,0,0.0,0.0,0.0,0.0,0.0,0,0
Qatar,2013,0,0,0,0.0,0.0,0.0,0.0,0.0,0,0
Qatar,2014,0,0,0,0.0,0.0,0.0,0.0,0.0,0,0
Qatar,2015,0,0,0,0.0,0.0,0.0,0.0,0.0,0,0
Qatar,2016,0,0,0,0.0,0.0,0.0,0.0,0.0,0,0
Qatar,2017,0,0,0,0.0,0.0,0.0,0.0,0.0,0,0
Qatar,2018,0,0,0,0.0,0.0,0.0,0.0,0.0,0,0
Qatar,2019,0,0,0,0.0,0.0,0.0,0.0,0.0,0,0
Qatar,2020,0,0,0,0.0,0.0,0.0,0.0,0.0,0,0
Qatar,2021,0,0,0,0.0,0.0,0.0,0.0,0.0,0,0
Qatar,2022,0,0,0,0.0,0.0,0.0,0.0,0.0,0,0
Qatar,2023,0,0,0,0.0,0.0,0.0,0.0,0.0,0,0
Romania,1989,448,16,1,0.0,0.0,0.0,0.0,0.0,1,0
Romania,1990,0,0,0,1.0,448.0,1.0,448.0,-16.0,0,0
Romania,1991,0,0,0,0.0,0.0,0.5,224.0,0.0,0,0
Romania,1992,0,0,0,0.0,0.0,0.3333333333333333,149.33333333333334,0.0,0,0
Romania,1993,0,0,0,0.0,0.0,0.0,0.0,0.0,0,0
Romania,1994,0,0,0,0.0,0.0,0.0,0.0,0.0,0,0
Romania,1995,0,0,0,0.0,0.0,0.0,0.0,0.0,0,0
Romania,1996,0,0,0,0.0,0.0,0.0,0.0,0.0,0,0
Romania,1997,0,0,0,0.0,0.0,0.0,0.0,0.0,0,0
Romania,1998,0,0,0,0.0,0.0,0.0,0.0,0.0,0,0
Romania,1999,0,0,0,0.0,0.0,0.0,0.0,0.0,0,0
Romania,2000,0,0,0,0.0,0.0,0.0,0.0,0.0,0,0
Romania,2001,0,0,0,0.0,0.0,0.0,0.0,0.0,0,0
Romania,2002,0,0,0,0.0,0.0,0.0,0.0,0.0,0,0
Romania,2003,0,0,0,0.0,0.0,0.0,0.0,0.0,0,0
Romania,2004,0,0,0,0.0,0.0,0.0,0.0,0.0,0,0
Romania,2005,0,0,0,0.0,0.0,0.0,0.0,0.0,0,0
Romania,2006,0,0,0,0.0,0.0,0.0,0.0,0.0,0,0
Romania,2007,0,0,0,0.0,0.0,0.0,0.0,0.0,0,0
Romania,2008,0,0,0,0.0,0.0,0.0,0.0,0.0,0,0
Romania,2009,0,0,0,0.0,0.0,0.0,0.0,0.0,0,0
Romania,2010,0,0,0,0.0,0.0,0.0,0.0,0.0,0,0
Romania,2011,0,0,0,0.0,0.0,0.0,0.0,0.0,0,0
Romania,2012,0,0,0,0.0,0.0,0.0,0.0,0.0,0,0
Romania,2013,0,0,0,0.0,0.0,0.0,0.0,0.0,0,0
Romania,2014,0,0,0,0.0,0.0,0.0,0.0,0.0,0,0
Romania,2015,0,0,0,0.0,0.0,0.0,0.0,0.0,0,0
Romania,2016,0,0,0,0.0,0.0,0.0,0.0,0.0,0,0
Romania,2017,0,0,0,0.0,0.0,0.0,0.0,0.0,0,0
Romania,2018,0,0,0,0.0,0.0,0.0,0.0,0.0,0,0
Romania,2019,0,0,0,0.0,0.0,0.0,0.0,0.0,0,0
Romania,2020,0,0,0,0.0,0.0,0.0,0.0,0.0,0,0
Romania,2021,0,0,0,0.0,0.0,0.0,0.0,0.0,0,0
Romania,2022,0,0,0,0.0,0.0,0.0,0.0,0.0,0,0
Romania,2023,0,0,0,0.0,0.0,0.0,0.0,0.0,0,0
Russia (Soviet Union),1989,160,6,1,0.0,0.0,0.0,0.0,0.0,1,1
Russia (Soviet Union),1990,393,28,1,1.0,160.0,1.0,160.0,22.0,2,1
Russia (Soviet Union),1991,340,56,1,1.0,393.0,1.0,276.5,28.0,3,0
Russia (Soviet Union),1992,1,1,0,1.0,340.0,1.0,297.6666666666667,-55.0,0,1
Russia (Soviet Union),1993,145,12,1,0.0,1.0,0.6666666666666666,244.66666666666666,11.0,1,1
Russia (Soviet Union),1994,485,31,1,1.0,145.0,0.6666666666666666,162.0,19.0,2,1
Russia (Soviet Union),1995,1910,205,1,1.0,485.0,0.6666666666666666,210.33333333333334,174.0,3,1
Russia (Soviet Union),1996,2764,147,1,1.0,1910.0,1.0,846.6666666666666,-58.0,4,0
Russia (Soviet Union),1997,13,5,0,1.0,2764.0,1.0,1719.6666666666667,-142.0,0,0
Russia (Soviet Union),1998,7,3,0,0.0,13.0,0.6666666666666666,1562.3333333333333,-2.0,0,1
Russia (Soviet Union),1999,6197,68,1,0.0,7.0,0.3333333333333333,928.0,65.0,1,1
Russia (Soviet Union),2000,4333,176,1,1.0,6197.0,0.3333333333333333,2072.3333333333335,108.0,2,1
Russia (Soviet Union),2001,992,159,1,1.0,4333.0,0.6666666666666666,3512.3333333333335,-17.0,3,1
Russia (Soviet Union),2002,1508,388,1,1.0,992.0,1.0,3840.6666666666665,229.0,4,1
Russia (Soviet Union),2003,548,73,1,1.0,1508.0,1.0,2277.6666666666665,-315.0,5,1
Russia (Soviet Union),2004,1317,253,1,1.0,548.0,1.0,1016.0,180.0,6,1
Russia (Soviet Union),2005,688,247,1,1.0,1317.0,1.0,1124.3333333333333,-6.0,7,1
Russia (Soviet Union),2006,260,152,1,1.0,688.0,1.0,851.0,-95.0,8,1
Russia (Soviet Union),2007,182,145,1,1.0,260.0,1.0,755.0,-7.0,9,1
Russia (Soviet Union),2008,410,192,1,1.0,182.0,1.0,376.6666666666667,47.0,10,1
Russia (Soviet Union),2009,698,315,1,1.0,410.0,1.0,284.0,123.0,11,1
Russia (Soviet Union),2010,481,245,1,1.0,698.0,1.0,430.0,-70.0,12,1
Russia (Soviet Union),2011,396,241,1,1.0,481.0,1.0,529.6666666666666,-4.0,13,1
Russia (Soviet Union),2012,525,223,1,1.0,396.0,1.0,525.0,-18.0,14,1
Russia (Soviet Union),2013,365,179,1,1.0,525.0,1.0,467.3333333333333,-44.0,15,1
Russia (Soviet Union),2014,176,76,1,1.0,365.0,1.0,428.6666666666667,-103.0,16,1
Russia (Soviet Union),2015,86,31,1,1.0,176.0,1.0,355.3333333333333,-45.0,17,1
Russia (Soviet Union),2016,78,29,1,1.0,86.0,1.0,209.0,-2.0,18,1
Russia (Soviet Union),2017,53,28,1,1.0,78.0,1.0,113.33333333333333,-1.0,19,1
Russia (Soviet Union),2018,38,21,1,1.0,53.0,1.0,72.33333333333333,-7.0,20,1
Russia (Soviet Union),2019,26,12,1,1.0,38.0,1.0,56.333333333333336,-9.0,21,1
Russia (Soviet Union),2020,33,18,1,1.0,26.0,1.0,39.0,6.0,22,0
Russia (Soviet Union),2021,2,2,0,1.0,33.0,1.0,32.333333333333336,-16.0,0,1
Russia (Soviet Union),2022,67,32,1,0.0,2.0,0.6666666666666666,20.333333333333332,30.0,1,1
Russia (Soviet Union),2023,204,87,1,1.0,67.0,0.6666666666666666,34.0,55.0,2,1
Rwanda,1989,0,0,0,0.0,0.0,0.0,0.0,0.0,0,1
Rwanda,1990,2647,37,1,0.0,0.0,0.0,0.0,37.0,1,1
Rwanda,1991,1102,38,1,1.0,2647.0,0.5,1323.5,1.0,2,1
Rwanda,1992,647,32,1,1.0,1102.0,0.6666666666666666,1249.6666666666667,-6.0,3,1
Rwanda,1993,977,42,1,1.0,647.0,1.0,1465.3333333333333,10.0,4,1
Rwanda,1994,772463,2119,1,1.0,977.0,1.0,908.6666666666666,2077.0,5,1
Rwanda,1995,4232,17,1,1.0,772463.0,1.0,258029.0,-2102.0,6,1
Rwanda,1996,876,41,1,1.0,4232.0,1.0,259224.0,24.0,7,1
Rwanda,1997,7201,131,1,1.0,876.0,1.0,259190.33333333334,90.0,8,1
Rwanda,1998,1774,67,1,1.0,7201.0,1.0,4103.0,-64.0,9,1
Rwanda,1999,29,1,1,1.0,1774.0,1.0,3283.6666666666665,-66.0,10,0
Rwanda,2000,0,0,0,1.0,29.0,1.0,3001.3333333333335,-1.0,0,1
Rwanda,2001,2044,22,1,0.0,0.0,0.6666666666666666,601.0,22.0,1,0
Rwanda,2002,0,0,0,1.0,2044.0,0.6666666666666666,691.0,-22.0,0,0
Rwanda,2003,0,0,0,0.0,0.0,0.3333333333333333,681.3333333333334,0.0,0,0
Rwanda,2004,16,1,0,0.0,0.0,0.3333333333333333,681.3333333333334,1.0,0,0
Rwanda,2005,0,0,0,0.0,16.0,0.0,5.333333333333333,-1.0,0,0
Rwanda,2006,0,0,0,0.0,0.0,0.0,5.333333333333333,0.0,0,0
Rwanda,2007,0,0,0,0.0,0.0,0.0,5.333333333333333,0.0,0,0
Rwanda,2008,0,0,0,0.0,0.0,0.0,0.0,0.0,0,0
Rwanda,2009,2,1,0,0.0,0.0,0.0,0.0,1.0,0,0
Rwanda,2010,0,0,0,0.0,2.0,0.0,0.6666666666666666,-1.0,0,0
Rwanda,2011,0,1,0,0.0,0.0,0.0,0.6666666666666666,1.0,0,0
Rwanda,2012,13,4,0,0.0,0.0,0.0,0.6666666666666666,3.0,0,0
Rwanda,2013,4,3,0,0.0,13.0,0.0,4.333333333333333,-1.0,0,0
Rwanda,2014,0,0,0,0.0,4.0,0.0,5.666666666666667,-3.0,0,0
Rwanda,2015,0,0,0,0.0,0.0,0.0,5.666666666666667,0.0,0,1
Rwanda,2016,27,26,1,0.0,0.0,0.0,1.3333333333333333,26.0,1,0
Rwanda,2017,10,9,0,1.0,27.0,0.3333333333333333,9.0,-17.0,0,0
Rwanda,2018,18,4,0,0.0,10.0,0.3333333333333333,12.333333333333334,-5.0,0,0
Rwanda,2019,19,1,0,0.0,18.0,0.3333333333333333,18.333333333333332,-3.0,0,0
Rwanda,2020,0,0,0,0.0,19.0,0.0,15.666666666666666,-1.0,0,0
Rwanda,2021,7,2,0,0.0,0.0,0.0,12.333333333333334,2.0,0,0
Rwanda,2022,8,3,0,0.0,7.0,0.0,8.666666666666666,1.0,0,0
Rwanda,2023,0,0,0,0.0,8.0,0.0,5.0,-3.0,0,0
Saudi Arabia,1989,0,0,0,0.0,0.0,0.0,0.0,0.0,0,0
Saudi Arabia,1990,0,0,0,0.0,0.0,0.0,0.0,0.0,0,1
Saudi Arabia,1991,91,4,1,0.0,0.0,0.0,0.0,4.0,1,0
Saudi Arabia,1992,0,0,0,1.0,91.0,0.3333333333333333,30.333333333333332,-4.0,0,0
Saudi Arabia,1993,0,0,0,0.0,0.0,0.3333333333333333,30.333333333333332,0.0,0,0
Saudi Arabia,1994,0,0,0,0.0,0.0,0.3333333333333333,30.333333333333332,0.0,0,0
Saudi Arabia,1995,0,0,0,0.0,0.0,0.0,0.0,0.0,0,0
Saudi Arabia,1996,0,0,0,0.0,0.0,0.0,0.0,0.0,0,0
Saudi Arabia,1997,0,0,0,0.0,0.0,0.0,0.0,0.0,0,0
Saudi Arabia,1998,0,0,0,0.0,0.0,0.0,0.0,0.0,0,0
Saudi Arabia,1999,0,0,0,0.0,0.0,0.0,0.0,0.0,0,0
Saudi Arabia,2000,0,0,0,0.0,0.0,0.0,0.0,0.0,0,0
Saudi Arabia,2001,0,0,0,0.0,0.0,0.0,0.0,0.0,0,0
Saudi Arabia,2002,0,0,0,0.0,0.0,0.0,0.0,0.0,0,1
Saudi Arabia,2003,26,2,1,0.0,0.0,0.0,0.0,2.0,1,1
Saudi Arabia,2004,91,41,1,1.0,26.0,0.3333333333333333,8.666666666666666,39.0,2,1
Saudi Arabia,2005,31,17,1,1.0,91.0,0.6666666666666666,39.0,-24.0,3,0
Saudi Arabia,2006,11,3,0,1.0,31.0,1.0,49.333333333333336,-14.0,0,0
Saudi Arabia,2007,2,2,0,0.0,11.0,0.6666666666666666,44.333333333333336,-1.0,0,0
Saudi Arabia,2008,0,0,0,0.0,2.0,0.3333333333333333,14.666666666666666,-2.0,0,0
Saudi Arabia,2009,0,0,0,0.0,0.0,0.0,4.333333333333333,0.0,0,0
Saudi Arabia,2010,0,0,0,0.0,0.0,0.0,0.6666666666666666,0.0,0,0
Saudi Arabia,2011,0,0,0,0.0,0.0,0.0,0.0,0.0,0,0
Saudi Arabia,2012,0,0,0,0.0,0.0,0.0,0.0,0.0,0,0
Saudi Arabia,2013,0,0,0,0.0,0.0,0.0,0.0,0.0,0,0
Saudi Arabia,2014,0,0,0,0.0,0.0,0.0,0.0,0.0,0,1
Saudi Arabia,2015,113,40,1,0.0,0.0,0.0,0.0,40.0,1,1
Saudi Arabia,2016,125,33,1,1.0,113.0,0.3333333333333333,37.666666666666664,-7.0,2,1
Saudi Arabia,2017,45,7,1,1.0,125.0,0.6666666666666666,79.33333333333333,-26.0,3,0
Saudi Arabia,2018,11,8,0,1.0,45.0,1.0,94.33333333333333,1.0,0,0
Saudi Arabia,2019,6,7,0,0.0,11.0,0.6666666666666666,60.333333333333336,-1.0,0,0
Saudi Arabia,2020,0,1,0,0.0,6.0,0.3333333333333333,20.666666666666668,-6.0,0,0
Saudi Arabia,2021,6,3,0,0.0,0.0,0.0,5.666666666666667,2.0,0,0
Saudi Arabia,2022,0,0,0,0.0,6.0,0.0,4.0,-3.0,0,0
Saudi Arabia,2023,9,3,0,0.0,0.0,0.0,2.0,3.0,0,0
Senegal,1989,121,11,1,0.0,0.0,0.0,0.0,0.0,1,1
Senegal,1990,84,14,1,1.0,121.0,1.0,121.0,3.0,2,0
Senegal,1991,16,7,0,1.0,84.0,1.0,102.5,-7.0,0,1
Senegal,1992,135,16,1,0.0,16.0,0.6666666666666666,73.66666666666667,9.0,1,1
Senegal,1993,285,30,1,1.0,135.0,0.6666666666666666,78.33333333333333,14.0,2,0
Senegal,1994,0,0,0,1.0,285.0,0.6666666666666666,145.33333333333334,-30.0,0,1
Senegal,1995,329,39,1,0.0,0.0,0.6666666666666666,140.0,39.0,1,0
Senegal,1996,5,2,0,1.0,329.0,0.6666666666666666,204.66666666666666,-37.0,0,1
Senegal,1997,366,32,1,0.0,5.0,0.3333333333333333,111.33333333333333,30.0,1,1
Senegal,1998,343,31,1,1.0,366.0,0.6666666666666666,233.33333333333334,-1.0,2,1
Senegal,1999,31,9,1,1.0,343.0,0.6666666666666666,238.0,-22.0,3,1
Senegal,2000,56,23,1,1.0,31.0,1.0,246.66666666666666,14.0,4,1
Senegal,2001,47,12,1,1.0,56.0,1.0,143.33333333333334,-11.0,5,1
Senegal,2002,45,15,1,1.0,47.0,1.0,44.666666666666664,3.0,6,1
Senegal,2003,39,5,1,1.0,45.0,1.0,49.333333333333336,-10.0,7,0
Senegal,2004,3,1,0,1.0,39.0,1.0,43.666666666666664,-4.0,0,1
Senegal,2005,46,2,1,0.0,3.0,0.6666666666666666,29.0,1.0,1,1
Senegal,2006,126,4,1,1.0,46.0,0.6666666666666666,29.333333333333332,2.0,2,0
Senegal,2007,0,0,0,1.0,126.0,0.6666666666666666,58.333333333333336,-4.0,0,0
Senegal,2008,11,3,0,0.0,0.0,0.6666666666666666,57.333333333333336,3.0,0,0
Senegal,2009,19,11,0,0.0,11.0,0.3333333333333333,45.666666666666664,8.0,0,0
Senegal,2010,19,9,0,0.0,19.0,0.0,10.0,-2.0,0,1
Senegal,2011,37,14,1,0.0,19.0,0.0,16.333333333333332,5.0,1,0
Senegal,2012,23,10,0,1.0,37.0,0.3333333333333333,25.0,-4.0,0,0
Senegal,2013,8,4,0,0.0,23.0,0.3333333333333333,26.333333333333332,-6.0,0,0
Senegal,2014,0,0,0,0.0,8.0,0.3333333333333333,22.666666666666668,-4.0,0,0
Senegal,2015,0,0,0,0.0,0.0,0.0,10.333333333333334,0.0,0,0
Senegal,2016,0,0,0,0.0,0.0,0.0,2.6666666666666665,0.0,0,0
Senegal,2017,0,0,0,0.0,0.0,0.0,0.0,0.0,0,0
Senegal,2018,1,1,0,0.0,0.0,0.0,0.0,1.0,0,0
Senegal,2019,0,0,0,0.0,1.0,0.0,0.3333333333333333,-1.0,0,0
Senegal,2020,0,1,0,0.0,0.0,0.0,0.3333333333333333,1.0,0,0
Senegal,2021,0,2,0,0.0,0.0,0.0,0.3333333333333333,1.0,0,0
Senegal,2022,0,0,0,0.0,0.0,0.0,0.0,-2.0,0,0
Senegal,2023,0,0,0,0.0,0.0,0.0,0.0,0.0,0,0
Serbia (Yugoslavia),1989,0,0,0,0.0,0.0,0.0,0.0,0.0,0,0
Serbia (Yugoslavia),1990,0,0,0,0.0,0.0,0.0,0.0,0.0,0,1
Serbia (Yugoslavia),1991,3295,250,1,0.0,0.0,0.0,0.0,250.0,1,1
Serbia (Yugoslavia),1992,1868,387,1,1.0,3295.0,0.3333333333333333,1098.3333333333333,137.0,2,0
Serbia (Yugoslavia),1993,0,0,0,1.0,1868.0,0.6666666666666666,1721.0,-387.0,0,0
Serbia (Yugoslavia),1994,0,0,0,0.0,0.0,0.6666666666666666,1721.0,0.0,0,0
Serbia (Yugoslavia),1995,0,2,0,0.0,0.0,0.3333333333333333,622.6666666666666,2.0,0,0
Serbia (Yugoslavia),1996,2,3,0,0.0,0.0,0.0,0.0,1.0,0,0
Serbia (Yugoslavia),1997,9,5,0,0.0,2.0,0.0,0.6666666666666666,2.0,0,1
Serbia (Yugoslavia),1998,1446,221,1,0.0,9.0,0.0,3.6666666666666665,216.0,1,1
Serbia (Yugoslavia),1999,2153,335,1,1.0,1446.0,0.3333333333333333,485.6666666666667,114.0,2,0
Serbia (Yugoslavia),2000,0,0,0,1.0,2153.0,0.6666666666666666,1202.6666666666667,-335.0,0,0
Serbia (Yugoslavia),2001,0,1,0,0.0,0.0,0.6666666666666666,1199.6666666666667,1.0,0,0
Serbia (Yugoslavia),2002,0,0,0,0.0,0.0,0.3333333333333333,717.6666666666666,-1.0,0,0
Serbia (Yugoslavia),2003,0,0,0,0.0,0.0,0.0,0.0,0.0,0,0
Serbia (Yugoslavia),2004,0,0,0,0.0,0.0,0.0,0.0,0.0,0,0
Serbia (Yugoslavia),2005,0,0,0,0.0,0.0,0.0,0.0,0.0,0,0
Serbia (Yugoslavia),2006,0,0,0,0.0,0.0,0.0,0.0,0.0,0,0
Serbia (Yugoslavia),2007,0,0,0,0.0,0.0,0.0,0.0,0.0,0,0
Serbia (Yugoslavia),2008,0,0,0,0.0,0.0,0.0,0.0,0.0,0,0
Serbia (Yugoslavia),2009,0,0,0,0.0,0.0,0.0,0.0,0.0,0,0
Serbia (Yugoslavia),2010,0,0,0,0.0,0.0,0.0,0.0,0.0,0,0
Serbia (Yugoslavia),2011,0,0,0,0.0,0.0,0.0,0.0,0.0,0,0
Serbia (Yugoslavia),2012,0,0,0,0.0,0.0,0.0,0.0,0.0,0,0
Serbia (Yugoslavia),2013,0,0,0,0.0,0.0,0.0,0.0,0.0,0,0
Serbia (Yugoslavia),2014,0,0,0,0.0,0.0,0.0,0.0,0.0,0,0
Serbia (Yugoslavia),2015,0,0,0,0.0,0.0,0.0,0.0,0.0,0,0
Serbia (Yugoslavia),2016,0,0,0,0.0,0.0,0.0,0.0,0.0,0,0
Serbia (Yugoslavia),2017,0,0,0,0.0,0.0,0.0,0.0,0.0,0,0
Serbia (Yugoslavia),2018,0,0,0,0.0,0.0,0.0,0.0,0.0,0,0
Serbia (Yugoslavia),2019,0,0,0,0.0,0.0,0.0,0.0,0.0,0,0
Serbia (Yugoslavia),2020,0,0,0,0.0,0.0,0.0,0.0,0.0,0,0
Serbia (Yugoslavia),2021,0,0,0,0.0,0.0,0.0,0.0,0.0,0,0
Serbia (Yugoslavia),2022,0,0,0,0.0,0.0,0.0,0.0,0.0,0,0
Serbia (Yugoslavia),2023,0,0,0,0.0,0.0,0.0,0.0,0.0,0,0
Sierra Leone,1989,0,0,0,0.0,0.0,0.0,0.0,0.0,0,0
Sierra Leone,1990,0,0,0,0.0,0.0,0.0,0.0,0.0,0,1
Sierra Leone,1991,1225,128,1,0.0,0.0,0.0,0.0,128.0,1,1
Sierra Leone,1992,531,64,1,1.0,1225.0,0.3333333333333333,408.3333333333333,-64.0,2,1
Sierra Leone,1993,642,68,1,1.0,531.0,0.6666666666666666,585.3333333333334,4.0,3,1
Sierra Leone,1994,2097,164,1,1.0,642.0,1.0,799.3333333333334,96.0,4,1
Sierra Leone,1995,3194,197,1,1.0,2097.0,1.0,1090.0,33.0,5,1
Sierra Leone,1996,943,100,1,1.0,3194.0,1.0,1977.6666666666667,-97.0,6,1
Sierra Leone,1997,1233,137,1,1.0,943.0,1.0,2078.0,37.0,7,1
Sierra Leone,1998,5155,360,1,1.0,1233.0,1.0,1790.0,223.0,8,1
Sierra Leone,1999,4493,199,1,1.0,5155.0,1.0,2443.6666666666665,-161.0,9,1
Sierra Leone,2000,856,59,1,1.0,4493.0,1.0,3627.0,-140.0,10,1
Sierra Leone,2001,73,19,1,1.0,856.0,1.0,3501.3333333333335,-40.0,11,0
Sierra Leone,2002,1,1,0,1.0,73.0,1.0,1807.3333333333333,-18.0,0,0
Sierra Leone,2003,0,0,0,0.0,1.0,0.6666666666666666,310.0,-1.0,0,0
Sierra Leone,2004,0,0,0,0.0,0.0,0.3333333333333333,24.666666666666668,0.0,0,0
Sierra Leone,2005,0,0,0,0.0,0.0,0.0,0.3333333333333333,0.0,0,0
Sierra Leone,2006,0,0,0,0.0,0.0,0.0,0.0,0.0,0,0
Sierra Leone,2007,0,0,0,0.0,0.0,0.0,0.0,0.0,0,0
Sierra Leone,2008,0,0,0,0.0,0.0,0.0,0.0,0.0,0,0
Sierra Leone,2009,0,0,0,0.0,0.0,0.0,0.0,0.0,0,0
Sierra Leone,2010,0,0,0,0.0,0.0,0.0,0.0,0.0,0,0
Sierra Leone,2011,0,0,0,0.0,0.0,0.0,0.0,0.0,0,0
Sierra Leone,2012,0,0,0,0.0,0.0,0.0,0.0,0.0,0,0
Sierra Leone,2013,0,0,0,0.0,0.0,0.0,0.0,0.0,0,0
Sierra Leone,2014,0,0,0,0.0,0.0,0.0,0.0,0.0,0,0
Sierra Leone,2015,0,0,0,0.0,0.0,0.0,0.0,0.0,0,0
Sierra Leone,2016,0,0,0,0.0,0.0,0.0,0.0,0.0,0,0
Sierra Leone,2017,0,0,0,0.0,0.0,0.0,0.0,0.0,0,0
Sierra Leone,2018,0,0,0,0.0,0.0,0.0,0.0,0.0,0,0
Sierra Leone,2019,0,0,0,0.0,0.0,0.0,0.0,0.0,0,0
Sierra Leone,2020,0,0,0,0.0,0.0,0.0,0.0,0.0,0,0
Sierra Leone,2021,1,1,0,0.0,0.0,0.0,0.0,1.0,0,0
Sierra Leone,2022,0,0,0,0.0,1.0,0.0,0.3333333333333333,-1.0,0,0
Sierra Leone,2023,0,0,0,0.0,0.0,0.0,0.3333333333333333,0.0,0,0
Solomon Islands,1989,0,0,0,0.0,0.0,0.0,0.0,0.0,0,0
Solomon Islands,1990,0,0,0,0.0,0.0,0.0,0.0,0.0,0,0
Solomon Islands,1991,0,0,0,0.0,0.0,0.0,0.0,0.0,0,0
Solomon Islands,1992,2,1,0,0.0,0.0,0.0,0.0,1.0,0,0
Solomon Islands,1993,0,0,0,0.0,2.0,0.0,0.6666666666666666,-1.0,0,0
Solomon Islands,1994,0,0,0,0.0,0.0,0.0,0.6666666666666666,0.0,0,0
Solomon Islands,1995,0,0,0,0.0,0.0,0.0,0.6666666666666666,0.0,0,0
Solomon Islands,1996,0,0,0,0.0,0.0,0.0,0.0,0.0,0,0
Solomon Islands,1997,0,0,0,0.0,0.0,0.0,0.0,0.0,0,0
Solomon Islands,1998,0,0,0,0.0,0.0,0.0,0.0,0.0,0,0
Solomon Islands,1999,0,0,0,0.0,0.0,0.0,0.0,0.0,0,0
Solomon Islands,2000,0,0,0,0.0,0.0,0.0,0.0,0.0,0,0
Solomon Islands,2001,0,0,0,0.0,0.0,0.0,0.0,0.0,0,0
Solomon Islands,2002,0,0,0,0.0,0.0,0.0,0.0,0.0,0,0
Solomon Islands,2003,0,0,0,0.0,0.0,0.0,0.0,0.0,0,0
Solomon Islands,2004,0,0,0,0.0,0.0,0.0,0.0,0.0,0,0
Solomon Islands,2005,0,0,0,0.0,0.0,0.0,0.0,0.0,0,0
Solomon Islands,2006,0,0,0,0.0,0.0,0.0,0.0,0.0,0,0
Solomon Islands,2007,0,0,0,0.0,0.0,0.0,0.0,0.0,0,0
Solomon Islands,2008,0,0,0,0.0,0.0,0.0,0.0,0.0,0,0
Solomon Islands,2009,0,0,0,0.0,0.0,0.0,0.0,0.0,0,0
Solomon Islands,2010,0,0,0,0.0,0.0,0.0,0.0,0.0,0,0
Solomon Islands,2011,0,0,0,0.0,0.0,0.0,0.0,0.0,0,0
Solomon Islands,2012,0,0,0,0.0,0.0,0.0,0.0,0.0,0,0
Solomon Islands,2013,0,0,0,0.0,0.0,0.0,0.0,0.0,0,0
Solomon Islands,2014,0,0,0,0.0,0.0,0.0,0.0,0.0,0,0
Solomon Islands,2015,0,0,0,0.0,0.0,0.0,0.0,0.0,0,0
Solomon Islands,2016,0,0,0,0.0,0.0,0.0,0.0,0.0,0,0
Solomon Islands,2017,0,0,0,0.0,0.0,0.0,0.0,0.0,0,0
Solomon Islands,2018,0,0,0,0.0,0.0,0.0,0.0,0.0,0,0
Solomon Islands,2019,0,0,0,0.0,0.0,0.0,0.0,0.0,0,0
Solomon Islands,2020,0,0,0,0.0,0.0,0.0,0.0,0.0,0,0
Solomon Islands,2021,0,0,0,0.0,0.0,0.0,0.0,0.0,0,0
Solomon Islands,2022,0,0,0,0.0,0.0,0.0,0.0,0.0,0,0
Solomon Islands,2023,0,0,0,0.0,0.0,0.0,0.0,0.0,0,0
Somalia,1989,1061,33,1,0.0,0.0,0.0,0.0,0.0,1,1
Somalia,1990,2700,52,1,1.0,1061.0,1.0,1061.0,19.0,2,1
Somalia,1991,8455,20,1,1.0,2700.0,1.0,1880.5,-32.0,3,1
Somalia,1992,4729,18,1,1.0,8455.0,1.0,4072.0,-2.0,4,1
Somalia,1993,483,20,1,1.0,4729.0,1.0,5294.666666666667,2.0,5,1
Somalia,1994,626,37,1,1.0,483.0,1.0,4555.666666666667,17.0,6,1
Somalia,1995,444,69,1,1.0,626.0,1.0,1946.0,32.0,7,1
Somalia,1996,949,92,1,1.0,444.0,1.0,517.6666666666666,23.0,8,1
Somalia,1997,277,27,1,1.0,949.0,1.0,673.0,-65.0,9,1
Somalia,1998,330,18,1,1.0,277.0,1.0,556.6666666666666,-9.0,10,1
Somalia,1999,542,42,1,1.0,330.0,1.0,518.6666666666666,24.0,11,1
Somalia,2000,185,27,1,1.0,542.0,1.0,383.0,-15.0,12,1
Somalia,2001,483,31,1,1.0,185.0,1.0,352.3333333333333,4.0,13,1
Somalia,2002,638,61,1,1.0,483.0,1.0,403.3333333333333,30.0,14,1
Somalia,2003,405,49,1,1.0,638.0,1.0,435.3333333333333,-12.0,15,1
Somalia,2004,670,52,1,1.0,405.0,1.0,508.6666666666667,3.0,16,1
Somalia,2005,340,26,1,1.0,670.0,1.0,571.0,-26.0,17,1
Somalia,2006,1204,79,1,1.0,340.0,1.0,471.6666666666667,53.0,18,1
Somalia,2007,1620,294,1,1.0,1204.0,1.0,738.0,215.0,19,1
Somalia,2008,1751,288,1,1.0,1620.0,1.0,1054.6666666666667,-6.0,20,1
Somalia,2009,2204,255,1,1.0,1751.0,1.0,1525.0,-33.0,21,1
Somalia,2010,2722,313,1,1.0,2204.0,1.0,1858.3333333333333,58.0,22,1
Somalia,2011,2118,271,1,1.0,2722.0,1.0,2225.6666666666665,-42.0,23,1
Somalia,2012,2989,446,1,1.0,2118.0,1.0,2348.0,175.0,24,1
Somalia,2013,1045,383,1,1.0,2989.0,1.0,2609.6666666666665,-63.0,25,1
Somalia,2014,1247,406,1,1.0,1045.0,1.0,2050.6666666666665,23.0,26,1
Somalia,2015,1254,319,1,1.0,1247.0,1.0,1760.3333333333333,-87.0,27,1
Somalia,2016,2073,377,1,1.0,1254.0,1.0,1182.0,58.0,28,1
Somalia,2017,2071,285,1,1.0,2073.0,1.0,1524.6666666666667,-92.0,29,1
Somalia,2018,2507,509,1,1.0,2071.0,1.0,1799.3333333333333,224.0,30,1
Somalia,2019,2219,426,1,1.0,2507.0,1.0,2217.0,-83.0,31,1
Somalia,2020,2120,394,1,1.0,2219.0,1.0,2265.6666666666665,-32.0,32,1
Somalia,2021,2269,390,1,1.0,2120.0,1.0,2282.0,-4.0,33,1
Somalia,2022,3115,338,1,1.0,2269.0,1.0,2202.6666666666665,-52.0,34,1
Somalia,2023,4216,247,1,1.0,3115.0,1.0,2501.3333333333335,-91.0,35,1
South Africa,1989,645,279,1,0.0,0.0,0.0,0.0,0.0,1,1
South Africa,1990,1459,562,1,1.0,645.0,1.0,645.0,283.0,2,1
South Africa,1991,737,448,1,1.0,1459.0,1.0,1052.0,-114.0,3,1
South Africa,1992,761,574,1,1.0,737.0,1.0,947.0,126.0,4,1
South Africa,1993,895,576,1,1.0,761.0,1.0,985.6666666666666,2.0,5,1
South Africa,1994,532,263,1,1.0,895.0,1.0,797.6666666666666,-313.0,6,1
South Africa,1995,143,39,1,1.0,532.0,1.0,729.3333333333334,-224.0,7,1
South Africa,1996,156,37,1,1.0,143.0,1.0,523.3333333333334,-2.0,8,1
South Africa,1997,30,20,1,1.0,156.0,1.0,277.0,-17.0,9,1
South Africa,1998,44,23,1,1.0,30.0,1.0,109.66666666666667,3.0,10,0
South Africa,1999,19,11,0,1.0,44.0,1.0,76.66666666666667,-12.0,0,0
South Africa,2000,0,1,0,0.0,19.0,0.6666666666666666,31.0,-10.0,0,0
South Africa,2001,0,0,0,0.0,0.0,0.3333333333333333,21.0,-1.0,0,0
South Africa,2002,2,3,0,0.0,0.0,0.0,6.333333333333333,3.0,0,0
South Africa,2003,0,0,0,0.0,2.0,0.0,0.6666666666666666,-3.0,0,0
South Africa,2004,0,4,0,0.0,0.0,0.0,0.6666666666666666,4.0,0,0
South Africa,2005,0,0,0,0.0,0.0,0.0,0.6666666666666666,-4.0,0,0
South Africa,2006,0,0,0,0.0,0.0,0.0,0.0,0.0,0,0
South Africa,2007,0,0,0,0.0,0.0,0.0,0.0,0.0,0,0
South Africa,2008,0,0,0,0.0,0.0,0.0,0.0,0.0,0,0
South Africa,2009,0,0,0,0.0,0.0,0.0,0.0,0.0,0,0
South Africa,2010,1,1,0,0.0,0.0,0.0,0.0,1.0,0,0
South Africa,2011,0,0,0,0.0,1.0,0.0,0.3333333333333333,-1.0,0,0
South Africa,2012,0,0,0,0.0,0.0,0.0,0.3333333333333333,0.0,0,0
South Africa,2013,0,0,0,0.0,0.0,0.0,0.3333333333333333,0.0,0,0
South Africa,2014,0,0,0,0.0,0.0,0.0,0.0,0.0,0,0
South Africa,2015,0,1,0,0.0,0.0,0.0,0.0,1.0,0,0
South Africa,2016,3,3,0,0.0,0.0,0.0,0.0,2.0,0,0
South Africa,2017,0,0,0,0.0,3.0,0.0,1.0,-3.0,0,0
South Africa,2018,12,3,0,0.0,0.0,0.0,1.0,3.0,0,0
South Africa,2019,8,6,0,0.0,12.0,0.0,5.0,3.0,0,1
South Africa,2020,29,18,1,0.0,8.0,0.0,6.666666666666667,12.0,1,1
South Africa,2021,123,12,1,1.0,29.0,0.3333333333333333,16.333333333333332,-6.0,2,0
South Africa,2022,4,4,0,1.0,123.0,0.6666666666666666,53.333333333333336,-8.0,0,0
South Africa,2023,5,5,0,0.0,4.0,0.6666666666666666,52.0,1.0,0,0
South Sudan,1989,0,0,0,0.0,0.0,0.0,0.0,0.0,0,0
South Sudan,1990,0,0,0,0.0,0.0,0.0,0.0,0.0,0,0
South Sudan,1991,0,0,0,0.0,0.0,0.0,0.0,0.0,0,0
South Sudan,1992,0,0,0,0.0,0.0,0.0,0.0,0.0,0,0
South Sudan,1993,0,0,0,0.0,0.0,0.0,0.0,0.0,0,0
South Sudan,1994,0,0,0,0.0,0.0,0.0,0.0,0.0,0,0
South Sudan,1995,0,0,0,0.0,0.0,0.0,0.0,0.0,0,0
South Sudan,1996,0,0,0,0.0,0.0,0.0,0.0,0.0,0,0
South Sudan,1997,0,0,0,0.0,0.0,0.0,0.0,0.0,0,0
South Sudan,1998,0,0,0,0.0,0.0,0.0,0.0,0.0,0,0
South Sudan,1999,0,0,0,0.0,0.0,0.0,0.0,0.0,0,0
South Sudan,2000,0,0,0,0.0,0.0,0.0,0.0,0.0,0,0
South Sudan,2001,0,0,0,0.0,0.0,0.0,0.0,0.0,0,0
South Sudan,2002,0,0,0,0.0,0.0,0.0,0.0,0.0,0,0
South Sudan,2003,0,0,0,0.0,0.0,0.0,0.0,0.0,0,0
South Sudan,2004,0,0,0,0.0,0.0,0.0,0.0,0.0,0,0
South Sudan,2005,0,0,0,0.0,0.0,0.0,0.0,0.0,0,0
South Sudan,2006,0,0,0,0.0,0.0,0.0,0.0,0.0,0,0
South Sudan,2007,0,0,0,0.0,0.0,0.0,0.0,0.0,0,0
South Sudan,2008,0,0,0,0.0,0.0,0.0,0.0,0.0,0,0
South Sudan,2009,0,0,0,0.0,0.0,0.0,0.0,0.0,0,0
South Sudan,2010,0,0,0,0.0,0.0,0.0,0.0,0.0,0,1
South Sudan,2011,1194,31,1,0.0,0.0,0.0,0.0,31.0,1,1
South Sudan,2012,864,59,1,1.0,1194.0,0.3333333333333333,398.0,28.0,2,1
South Sudan,2013,1827,99,1,1.0,864.0,0.6666666666666666,686.0,40.0,3,1
South Sudan,2014,2491,125,1,1.0,1827.0,1.0,1295.0,26.0,4,1
South Sudan,2015,1137,99,1,1.0,2491.0,1.0,1727.3333333333333,-26.0,5,1
South Sudan,2016,1303,69,1,1.0,1137.0,1.0,1818.3333333333333,-30.0,6,1
South Sudan,2017,1271,116,1,1.0,1303.0,1.0,1643.6666666666667,47.0,7,1
South Sudan,2018,1229,157,1,1.0,1271.0,1.0,1237.0,41.0,8,1
South Sudan,2019,642,68,1,1.0,1229.0,1.0,1267.6666666666667,-89.0,9,1
South Sudan,2020,748,63,1,1.0,642.0,1.0,1047.3333333333333,-5.0,10,1
South Sudan,2021,891,55,1,1.0,748.0,1.0,873.0,-8.0,11,1
South Sudan,2022,728,35,1,1.0,891.0,1.0,760.3333333333334,-20.0,12,1
South Sudan,2023,224,10,1,1.0,728.0,1.0,789.0,-25.0,13,1
Spain,1989,17,12,0,0.0,0.0,0.0,0.0,0.0,0,0
Spain,1990,19,10,0,0.0,17.0,0.0,17.0,-2.0,0,1
Spain,1991,45,23,1,0.0,19.0,0.0,18.0,13.0,1,0
Spain,1992,23,15,0,1.0,45.0,0.3333333333333333,27.0,-8.0,0,0
Spain,1993,12,6,0,0.0,23.0,0.3333333333333333,29.0,-9.0,0,0
Spain,1994,11,9,0,0.0,12.0,0.3333333333333333,26.666666666666668,3.0,0,0
Spain,1995,13,10,0,0.0,11.0,0.0,15.333333333333334,1.0,0,0
Spain,1996,4,4,0,0.0,13.0,0.0,12.0,-6.0,0,0
Spain,1997,12,11,0,0.0,4.0,0.0,9.333333333333334,7.0,0,0
Spain,1998,7,6,0,0.0,12.0,0.0,9.666666666666666,-5.0,0,0
Spain,1999,0,0,0,0.0,7.0,0.0,7.666666666666667,-6.0,0,0
Spain,2000,20,15,0,0.0,0.0,0.0,6.333333333333333,15.0,0,0
Spain,2001,13,12,0,0.0,20.0,0.0,9.0,-3.0,0,0
Spain,2002,5,4,0,0.0,13.0,0.0,11.0,-8.0,0,0
Spain,2003,3,2,0,0.0,5.0,0.0,12.666666666666666,-2.0,0,1
Spain,2004,191,1,1,0.0,3.0,0.0,7.0,-1.0,1,0
Spain,2005,0,0,0,1.0,191.0,0.3333333333333333,66.33333333333333,-1.0,0,0
Spain,2006,0,0,0,0.0,0.0,0.3333333333333333,64.66666666666667,0.0,0,0
Spain,2007,0,0,0,0.0,0.0,0.3333333333333333,63.666666666666664,0.0,0,0
Spain,2008,2,2,0,0.0,0.0,0.0,0.0,2.0,0,0
Spain,2009,3,2,0,0.0,2.0,0.0,0.6666666666666666,0.0,0,0
Spain,2010,0,0,0,0.0,3.0,0.0,1.6666666666666667,-2.0,0,0
Spain,2011,0,0,0,0.0,0.0,0.0,1.6666666666666667,0.0,0,0
Spain,2012,0,0,0,0.0,0.0,0.0,1.0,0.0,0,0
Spain,2013,0,0,0,0.0,0.0,0.0,0.0,0.0,0,0
Spain,2014,0,0,0,0.0,0.0,0.0,0.0,0.0,0,0
Spain,2015,0,0,0,0.0,0.0,0.0,0.0,0.0,0,0
Spain,2016,0,0,0,0.0,0.0,0.0,0.0,0.0,0,0
Spain,2017,16,3,0,0.0,0.0,0.0,0.0,3.0,0,0
Spain,2018,0,0,0,0.0,16.0,0.0,5.333333333333333,-3.0,0,0
Spain,2019,0,0,0,0.0,0.0,0.0,5.333333333333333,0.0,0,0
Spain,2020,0,0,0,0.0,0.0,0.0,5.333333333333333,0.0,0,0
Spain,2021,0,0,0,0.0,0.0,0.0,0.0,0.0,0,0
Spain,2022,0,0,0,0.0,0.0,0.0,0.0,0.0,0,0
Spain,2023,2,1,0,0.0,0.0,0.0,0.0,1.0,0,0
Sri Lanka,1989,1288,192,1,0.0,0.0,0.0,0.0,0.0,1,1
Sri Lanka,1990,4840,244,1,1.0,1288.0,1.0,1288.0,52.0,2,1
Sri Lanka,1991,6646,316,1,1.0,4840.0,1.0,3064.0,72.0,3,1
Sri Lanka,1992,4444,180,1,1.0,6646.0,1.0,4258.0,-136.0,4,1
Sri Lanka,1993,2084,111,1,1.0,4444.0,1.0,5310.0,-69.0,5,1
Sri Lanka,1994,712,80,1,1.0,2084.0,1.0,4391.333333333333,-31.0,6,1
Sri Lanka,1995,4971,252,1,1.0,712.0,1.0,2413.3333333333335,172.0,7,1
Sri Lanka,1996,4097,120,1,1.0,4971.0,1.0,2589.0,-132.0,8,1
Sri Lanka,1997,2902,135,1,1.0,4097.0,1.0,3260.0,15.0,9,1
Sri Lanka,1998,3830,179,1,1.0,2902.0,1.0,3990.0,44.0,10,1
Sri Lanka,1999,1948,184,1,1.0,3830.0,1.0,3609.6666666666665,5.0,11,1
Sri Lanka,2000,2569,177,1,1.0,1948.0,1.0,2893.3333333333335,-7.0,12,1
Sri Lanka,2001,1162,136,1,1.0,2569.0,1.0,2782.3333333333335,-41.0,13,0
Sri Lanka,2002,17,5,0,1.0,1162.0,1.0,1893.0,-131.0,0,1
Sri Lanka,2003,33,23,1,0.0,17.0,0.6666666666666666,1249.3333333333333,18.0,1,1
Sri Lanka,2004,84,36,1,1.0,33.0,0.6666666666666666,404.0,13.0,2,1
Sri Lanka,2005,130,83,1,1.0,84.0,0.6666666666666666,44.666666666666664,47.0,3,1
Sri Lanka,2006,2173,229,1,1.0,130.0,1.0,82.33333333333333,146.0,4,1
Sri Lanka,2007,2564,488,1,1.0,2173.0,1.0,795.6666666666666,259.0,5,1
Sri Lanka,2008,8453,1016,1,1.0,2564.0,1.0,1622.3333333333333,528.0,6,1
Sri Lanka,2009,10418,387,1,1.0,8453.0,1.0,4396.666666666667,-629.0,7,0
Sri Lanka,2010,0,0,0,1.0,10418.0,1.0,7145.0,-387.0,0,0
Sri Lanka,2011,2,2,0,0.0,0.0,0.6666666666666666,6290.333333333333,2.0,0,0
Sri Lanka,2012,0,0,0,0.0,2.0,0.3333333333333333,3473.3333333333335,-2.0,0,0
Sri Lanka,2013,5,1,0,0.0,0.0,0.0,0.6666666666666666,1.0,0,0
Sri Lanka,2014,0,0,0,0.0,5.0,0.0,2.3333333333333335,-1.0,0,0
Sri Lanka,2015,0,0,0,0.0,0.0,0.0,1.6666666666666667,0.0,0,0
Sri Lanka,2016,0,0,0,0.0,0.0,0.0,1.6666666666666667,0.0,0,0
Sri Lanka,2017,1,1,0,0.0,0.0,0.0,0.0,1.0,0,0
Sri Lanka,2018,0,0,0,0.0,1.0,0.0,0.3333333333333333,-1.0,0,1
Sri Lanka,2019,255,4,1,0.0,0.0,0.0,0.3333333333333333,4.0,1,0
Sri Lanka,2020,0,0,0,1.0,255.0,0.3333333333333333,85.33333333333333,-4.0,0,0
Sri Lanka,2021,0,0,0,0.0,0.0,0.3333333333333333,85.0,0.0,0,0
Sri Lanka,2022,0,0,0,0.0,0.0,0.3333333333333333,85.0,0.0,0,0
Sri Lanka,2023,0,0,0,0.0,0.0,0.0,0.0,0.0,0,0
Sudan,1989,7533,33,1,0.0,0.0,0.0,0.0,0.0,1,1
Sudan,1990,5335,63,1,1.0,7533.0,1.0,7533.0,30.0,2,1
Sudan,1991,4566,30,1,1.0,5335.0,1.0,6434.0,-33.0,3,1
Sudan,1992,4314,57,1,1.0,4566.0,1.0,5811.333333333333,27.0,4,1
Sudan,1993,6042,78,1,1.0,4314.0,1.0,4738.333333333333,21.0,5,1
Sudan,1994,977,19,1,1.0,6042.0,1.0,4974.0,-59.0,6,1
Sudan,1995,1494,43,1,1.0,977.0,1.0,3777.6666666666665,24.0,7,1
Sudan,1996,2735,54,1,1.0,1494.0,1.0,2837.6666666666665,11.0,8,1
Sudan,1997,4872,90,1,1.0,2735.0,1.0,1735.3333333333333,36.0,9,1
Sudan,1998,5958,126,1,1.0,4872.0,1.0,3033.6666666666665,36.0,10,1
Sudan,1999,2067,64,1,1.0,5958.0,1.0,4521.666666666667,-62.0,11,1
Sudan,2000,3537,71,1,1.0,2067.0,1.0,4299.0,7.0,12,1
Sudan,2001,3719,74,1,1.0,3537.0,1.0,3854.0,3.0,13,1
Sudan,2002,3207,54,1,1.0,3719.0,1.0,3107.6666666666665,-20.0,14,1
Sudan,2003,5010,103,1,1.0,3207.0,1.0,3487.6666666666665,49.0,15,1
Sudan,2004,9712,224,1,1.0,5010.0,1.0,3978.6666666666665,121.0,16,1
Sudan,2005,1505,87,1,1.0,9712.0,1.0,5976.333333333333,-137.0,17,1
Sudan,2006,2187,109,1,1.0,1505.0,1.0,5409.0,22.0,18,1
Sudan,2007,1180,71,1,1.0,2187.0,1.0,4468.0,-38.0,19,1
Sudan,2008,1241,98,1,1.0,1180.0,1.0,1624.0,27.0,20,1
Sudan,2009,2689,125,1,1.0,1241.0,1.0,1536.0,27.0,21,1
Sudan,2010,1790,94,1,1.0,2689.0,1.0,1703.3333333333333,-31.0,22,1
Sudan,2011,2567,165,1,1.0,1790.0,1.0,1906.6666666666667,71.0,23,1
Sudan,2012,1525,115,1,1.0,2567.0,1.0,2348.6666666666665,-50.0,24,1
Sudan,2013,1959,141,1,1.0,1525.0,1.0,1960.6666666666667,26.0,25,1
Sudan,2014,1912,160,1,1.0,1959.0,1.0,2017.0,19.0,26,1
Sudan,2015,2558,365,1,1.0,1912.0,1.0,1798.6666666666667,205.0,27,1
Sudan,2016,1997,250,1,1.0,2558.0,1.0,2143.0,-115.0,28,1
Sudan,2017,548,63,1,1.0,1997.0,1.0,2155.6666666666665,-187.0,29,1
Sudan,2018,432,101,1,1.0,548.0,1.0,1701.0,38.0,30,1
Sudan,2019,435,92,1,1.0,432.0,1.0,992.3333333333334,-9.0,31,1
Sudan,2020,627,70,1,1.0,435.0,1.0,471.6666666666667,-22.0,32,1
Sudan,2021,862,77,1,1.0,627.0,1.0,498.0,7.0,33,1
Sudan,2022,1407,110,1,1.0,862.0,1.0,641.3333333333334,33.0,34,1
Sudan,2023,7837,375,1,1.0,1407.0,1.0,965.3333333333334,265.0,35,1
Sweden,1989,0,0,0,0.0,0.0,0.0,0.0,0.0,0,0
Sweden,1990,0,0,0,0.0,0.0,0.0,0.0,0.0,0,0
Sweden,1991,0,0,0,0.0,0.0,0.0,0.0,0.0,0,0
Sweden,1992,0,0,0,0.0,0.0,0.0,0.0,0.0,0,0
Sweden,1993,0,0,0,0.0,0.0,0.0,0.0,0.0,0,0
Sweden,1994,0,0,0,0.0,0.0,0.0,0.0,0.0,0,0
Sweden,1995,0,0,0,0.0,0.0,0.0,0.0,0.0,0,0
Sweden,1996,0,0,0,0.0,0.0,0.0,0.0,0.0,0,0
Sweden,1997,0,0,0,0.0,0.0,0.0,0.0,0.0,0,0
Sweden,1998,0,0,0,0.0,0.0,0.0,0.0,0.0,0,0
Sweden,1999,0,0,0,0.0,0.0,0.0,0.0,0.0,0,0
Sweden,2000,0,0,0,0.0,0.0,0.0,0.0,0.0,0,0
Sweden,2001,0,0,0,0.0,0.0,0.0,0.0,0.0,0,0
Sweden,2002,0,0,0,0.0,0.0,0.0,0.0,0.0,0,0
Sweden,2003,0,0,0,0.0,0.0,0.0,0.0,0.0,0,0
Sweden,2004,0,0,0,0.0,0.0,0.0,0.0,0.0,0,0
Sweden,2005,0,0,0,0.0,0.0,0.0,0.0,0.0,0,0
Sweden,2006,0,0,0,0.0,0.0,0.0,0.0,0.0,0,0
Sweden,2007,0,0,0,0.0,0.0,0.0,0.0,0.0,0,0
Sweden,2008,0,0,0,0.0,0.0,0.0,0.0,0.0,0,0
Sweden,2009,0,0,0,0.0,0.0,0.0,0.0,0.0,0,0
Sweden,2010,0,0,0,0.0,0.0,0.0,0.0,0.0,0,0
Sweden,2011,0,0,0,0.0,0.0,0.0,0.0,0.0,0,0
Sweden,2012,0,0,0,0.0,0.0,0.0,0.0,0.0,0,0
Sweden,2013,0,0,0,0.0,0.0,0.0,0.0,0.0,0,0
Sweden,2014,0,0,0,0.0,0.0,0.0,0.0,0.0,0,0
Sweden,2015,0,0,0,0.0,0.0,0.0,0.0,0.0,0,0
Sweden,2016,0,0,0,0.0,0.0,0.0,0.0,0.0,0,0
Sweden,2017,5,1,0,0.0,0.0,0.0,0.0,1.0,0,0
Sweden,2018,0,0,0,0.0,5.0,0.0,1.6666666666666667,-1.0,0,0
Sweden,2019,0,0,0,0.0,0.0,0.0,1.6666666666666667,0.0,0,0
Sweden,2020,0,0,0,0.0,0.0,0.0,1.6666666666666667,0.0,0,0
Sweden,2021,0,0,0,0.0,0.0,0.0,0.0,0.0,0,0
Sweden,2022,0,0,0,0.0,0.0,0.0,0.0,0.0,0,0
Sweden,2023,0,0,0,0.0,0.0,0.0,0.0,0.0,0,0
Syria,1989,0,0,0,0.0,0.0,0.0,0.0,0.0,0,0
Syria,1990,0,0,0,0.0,0.0,0.0,0.0,0.0,0,0
Syria,1991,0,0,0,0.0,0.0,0.0,0.0,0.0,0,0
Syria,1992,0,0,0,0.0,0.0,0.0,0.0,0.0,0,0
Syria,1993,0,0,0,0.0,0.0,0.0,0.0,0.0,0,0
Syria,1994,0,0,0,0.0,0.0,0.0,0.0,0.0,0,0
Syria,1995,0,0,0,0.0,0.0,0.0,0.0,0.0,0,0
Syria,1996,0,0,0,0.0,0.0,0.0,0.0,0.0,0,0
Syria,1997,0,0,0,0.0,0.0,0.0,0.0,0.0,0,0
Syria,1998,0,0,0,0.0,0.0,0.0,0.0,0.0,0,0
Syria,1999,0,0,0,0.0,0.0,0.0,0.0,0.0,0,0
Syria,2000,0,0,0,0.0,0.0,0.0,0.0,0.0,0,0
Syria,2001,0,0,0,0.0,0.0,0.0,0.0,0.0,0,0
Syria,2002,0,0,0,0.0,0.0,0.0,0.0,0.0,0,0
Syria,2003,0,0,0,0.0,0.0,0.0,0.0,0.0,0,0
Syria,2004,8,3,0,0.0,0.0,0.0,0.0,3.0,0,0
Syria,2005,0,0,0,0.0,8.0,0.0,2.6666666666666665,-3.0,0,0
Syria,2006,0,0,0,0.0,0.0,0.0,2.6666666666666665,0.0,0,0
Syria,2007,0,0,0,0.0,0.0,0.0,2.6666666666666665,0.0,0,0
Syria,2008,1,1,0,0.0,0.0,0.0,0.0,1.0,0,0
Syria,2009,0,0,0,0.0,1.0,0.0,0.3333333333333333,-1.0,0,0
Syria,2010,0,0,0,0.0,0.0,0.0,0.3333333333333333,0.0,0,1
Syria,2011,4347,954,1,0.0,0.0,0.0,0.3333333333333333,954.0,1,1
Syria,2012,53699,11825,1,1.0,4347.0,0.3333333333333333,1449.0,10871.0,2,1
Syria,2013,76500,18649,1,1.0,53699.0,0.6666666666666666,19348.666666666668,6824.0,3,1
Syria,2014,78689,16696,1,1.0,76500.0,1.0,44848.666666666664,-1953.0,4,1
Syria,2015,59609,11382,1,1.0,78689.0,1.0,69629.33333333333,-5314.0,5,1
Syria,2016,53891,9472,1,1.0,59609.0,1.0,71599.33333333333,-1910.0,6,1
Syria,2017,38517,8071,1,1.0,53891.0,1.0,64063.0,-1401.0,7,1
Syria,2018,21730,3557,1,1.0,38517.0,1.0,50672.333333333336,-4514.0,8,1
Syria,2019,11208,2382,1,1.0,21730.0,1.0,38046.0,-1175.0,9,1
Syria,2020,5690,1140,1,1.0,11208.0,1.0,23818.333333333332,-1242.0,10,1
Syria,2021,1948,823,1,1.0,5690.0,1.0,12876.0,-317.0,11,1
Syria,2022,1671,793,1,1.0,1948.0,1.0,6282.0,-30.0,12,1
Syria,2023,2187,1006,1,1.0,1671.0,1.0,3103.0,213.0,13,1
Tajikistan,1989,0,0,0,0.0,0.0,0.0,0.0,0.0,0,0
Tajikistan,1990,0,0,0,0.0,0.0,0.0,0.0,0.0,0,0
Tajikistan,1991,0,0,0,0.0,0.0,0.0,0.0,0.0,0,1
Tajikistan,1992,3859,38,1,0.0,0.0,0.0,0.0,38.0,1,1
Tajikistan,1993,1045,34,1,1.0,3859.0,0.3333333333333333,1286.3333333333333,-4.0,2,1
Tajikistan,1994,366,31,1,1.0,1045.0,0.6666666666666666,1634.6666666666667,-3.0,3,1
Tajikistan,1995,368,46,1,1.0,366.0,1.0,1756.6666666666667,15.0,4,1
Tajikistan,1996,2797,66,1,1.0,368.0,1.0,593.0,20.0,5,1
Tajikistan,1997,97,10,1,1.0,2797.0,1.0,1177.0,-56.0,6,1
Tajikistan,1998,600,19,1,1.0,97.0,1.0,1087.3333333333333,9.0,7,0
Tajikistan,1999,4,3,0,1.0,600.0,1.0,1164.6666666666667,-16.0,0,1
Tajikistan,2000,46,2,1,0.0,4.0,0.6666666666666666,233.66666666666666,-1.0,1,0
Tajikistan,2001,0,0,0,1.0,46.0,0.6666666666666666,216.66666666666666,-2.0,0,0
Tajikistan,2002,0,0,0,0.0,0.0,0.3333333333333333,16.666666666666668,0.0,0,0
Tajikistan,2003,0,0,0,0.0,0.0,0.3333333333333333,15.333333333333334,0.0,0,0
Tajikistan,2004,0,0,0,0.0,0.0,0.0,0.0,0.0,0,0
Tajikistan,2005,1,1,0,0.0,0.0,0.0,0.0,1.0,0,0
Tajikistan,2006,8,4,0,0.0,1.0,0.0,0.3333333333333333,3.0,0,0
Tajikistan,2007,0,0,0,0.0,8.0,0.0,3.0,-4.0,0,0
Tajikistan,2008,0,0,0,0.0,0.0,0.0,3.0,0.0,0,0
Tajikistan,2009,17,7,0,0.0,0.0,0.0,2.6666666666666665,7.0,0,1
Tajikistan,2010,98,21,1,0.0,17.0,0.0,5.666666666666667,14.0,1,1
Tajikistan,2011,28,5,1,1.0,98.0,0.3333333333333333,38.333333333333336,-16.0,2,0
Tajikistan,2012,0,0,0,1.0,28.0,0.6666666666666666,47.666666666666664,-5.0,0,0
Tajikistan,2013,3,2,0,0.0,0.0,0.6666666666666666,42.0,2.0,0,0
Tajikistan,2014,3,2,0,0.0,3.0,0.3333333333333333,10.333333333333334,0.0,0,0
Tajikistan,2015,0,0,0,0.0,3.0,0.0,2.0,-2.0,0,0
Tajikistan,2016,0,0,0,0.0,0.0,0.0,2.0,0.0,0,0
Tajikistan,2017,0,0,0,0.0,0.0,0.0,1.0,0.0,0,1
Tajikistan,2018,56,3,1,0.0,0.0,0.0,0.0,3.0,1,1
Tajikistan,2019,53,3,1,1.0,56.0,0.3333333333333333,18.666666666666668,0.0,2,0
Tajikistan,2020,0,0,0,1.0,53.0,0.6666666666666666,36.333333333333336,-3.0,0,0
Tajikistan,2021,16,5,0,0.0,0.0,0.6666666666666666,36.333333333333336,5.0,0,1
Tajikistan,2022,87,26,1,0.0,16.0,0.3333333333333333,23.0,21.0,1,0
Tajikistan,2023,0,0,0,1.0,87.0,0.3333333333333333,34.333333333333336,-26.0,0,0
Tanzania,1989,0,0,0,0.0,0.0,0.0,0.0,0.0,0,0
Tanzania,1990,0,0,0,0.0,0.0,0.0,0.0,0.0,0,0
Tanzania,1991,0,0,0,0.0,0.0,0.0,0.0,0.0,0,0
Tanzania,1992,1,1,0,0.0,0.0,0.0,0.0,1.0,0,0
Tanzania,1993,0,0,0,0.0,1.0,0.0,0.3333333333333333,-1.0,0,0
Tanzania,1994,0,0,0,0.0,0.0,0.0,0.3333333333333333,0.0,0,0
Tanzania,1995,0,0,0,0.0,0.0,0.0,0.3333333333333333,0.0,0,0
Tanzania,1996,10,1,0,0.0,0.0,0.0,0.0,1.0,0,0
Tanzania,1997,3,1,0,0.0,10.0,0.0,3.3333333333333335,0.0,0,0
Tanzania,1998,0,0,0,0.0,3.0,0.0,4.333333333333333,-1.0,0,0
Tanzania,1999,0,1,0,0.0,0.0,0.0,4.333333333333333,1.0,0,0
Tanzania,2000,0,0,0,0.0,0.0,0.0,1.0,-1.0,0,1
Tanzania,2001,37,7,1,0.0,0.0,0.0,0.0,7.0,1,0
Tanzania,2002,0,0,0,1.0,37.0,0.3333333333333333,12.333333333333334,-7.0,0,0
Tanzania,2003,0,0,0,0.0,0.0,0.3333333333333333,12.333333333333334,0.0,0,0
Tanzania,2004,0,0,0,0.0,0.0,0.3333333333333333,12.333333333333334,0.0,0,0
Tanzania,2005,0,0,0,0.0,0.0,0.0,0.0,0.0,0,0
Tanzania,2006,0,0,0,0.0,0.0,0.0,0.0,0.0,0,0
Tanzania,2007,3,1,0,0.0,0.0,0.0,0.0,1.0,0,0
Tanzania,2008,0,0,0,0.0,3.0,0.0,1.0,-1.0,0,0
Tanzania,2009,0,0,0,0.0,0.0,0.0,1.0,0.0,0,0
Tanzania,2010,0,0,0,0.0,0.0,0.0,1.0,0.0,0,0
Tanzania,2011,0,0,0,0.0,0.0,0.0,0.0,0.0,0,0
Tanzania,2012,1,1,0,0.0,0.0,0.0,0.0,1.0,0,0
Tanzania,2013,0,0,0,0.0,1.0,0.0,0.3333333333333333,-1.0,0,0
Tanzania,2014,10,1,0,0.0,0.0,0.0,0.3333333333333333,1.0,0,0
Tanzania,2015,0,0,0,0.0,10.0,0.0,3.6666666666666665,-1.0,0,0
Tanzania,2016,0,0,0,0.0,0.0,0.0,3.3333333333333335,0.0,0,0
Tanzania,2017,1,1,0,0.0,0.0,0.0,3.3333333333333335,1.0,0,0
Tanzania,2018,1,1,0,0.0,1.0,0.0,0.3333333333333333,0.0,0,0
Tanzania,2019,8,3,0,0.0,1.0,0.0,0.6666666666666666,2.0,0,1
Tanzania,2020,44,17,1,0.0,8.0,0.0,3.3333333333333335,14.0,1,1
Tanzania,2021,26,8,1,1.0,44.0,0.3333333333333333,17.666666666666668,-9.0,2,0
Tanzania,2022,4,3,0,1.0,26.0,0.6666666666666666,26.0,-5.0,0,0
Tanzania,2023,0,0,0,0.0,4.0,0.6666666666666666,24.666666666666668,-3.0,0,0
Thailand,1989,6,3,0,0.0,0.0,0.0,0.0,0.0,0,0
Thailand,1990,20,4,0,0.0,6.0,0.0,6.0,1.0,0,0
Thailand,1991,2,1,0,0.0,20.0,0.0,13.0,-3.0,0,0
Thailand,1992,0,1,0,0.0,2.0,0.0,9.333333333333334,0.0,0,0
Thailand,1993,1,2,0,0.0,0.0,0.0,7.333333333333333,1.0,0,0
Thailand,1994,1,1,0,0.0,1.0,0.0,1.0,-1.0,0,0
Thailand,1995,12,7,0,0.0,1.0,0.0,0.6666666666666666,6.0,0,0
Thailand,1996,1,1,0,0.0,12.0,0.0,4.666666666666667,-6.0,0,0
Thailand,1997,7,3,0,0.0,1.0,0.0,4.666666666666667,2.0,0,0
Thailand,1998,12,4,0,0.0,7.0,0.0,6.666666666666667,1.0,0,0
Thailand,1999,1,1,0,0.0,12.0,0.0,6.666666666666667,-3.0,0,0
Thailand,2000,8,1,0,0.0,1.0,0.0,6.666666666666667,0.0,0,1
Thailand,2001,25,3,1,0.0,8.0,0.0,7.0,2.0,1,0
Thailand,2002,23,1,0,1.0,25.0,0.3333333333333333,11.333333333333334,-2.0,0,1
Thailand,2003,26,16,1,0.0,23.0,0.3333333333333333,18.666666666666668,15.0,1,1
Thailand,2004,310,126,1,1.0,26.0,0.6666666666666666,24.666666666666668,110.0,2,1
Thailand,2005,494,434,1,1.0,310.0,0.6666666666666666,119.66666666666667,308.0,3,1
Thailand,2006,541,445,1,1.0,494.0,1.0,276.6666666666667,11.0,4,1
Thailand,2007,518,367,1,1.0,541.0,1.0,448.3333333333333,-78.0,5,1
Thailand,2008,328,224,1,1.0,518.0,1.0,517.6666666666666,-143.0,6,1
Thailand,2009,258,169,1,1.0,328.0,1.0,462.3333333333333,-55.0,7,1
Thailand,2010,221,157,1,1.0,258.0,1.0,368.0,-12.0,8,1
Thailand,2011,277,177,1,1.0,221.0,1.0,269.0,20.0,9,1
Thailand,2012,244,141,1,1.0,277.0,1.0,252.0,-36.0,10,1
Thailand,2013,249,136,1,1.0,244.0,1.0,247.33333333333334,-5.0,11,1
Thailand,2014,100,71,1,1.0,249.0,1.0,256.6666666666667,-65.0,12,1
Thailand,2015,84,55,1,1.0,100.0,1.0,197.66666666666666,-16.0,13,1
Thailand,2016,69,49,1,1.0,84.0,1.0,144.33333333333334,-6.0,14,1
Thailand,2017,50,27,1,1.0,69.0,1.0,84.33333333333333,-22.0,15,1
Thailand,2018,61,40,1,1.0,50.0,1.0,67.66666666666667,13.0,16,1
Thailand,2019,60,27,1,1.0,61.0,1.0,60.0,-13.0,17,1
Thailand,2020,47,33,1,1.0,60.0,1.0,57.0,6.0,18,1
Thailand,2021,41,28,1,1.0,47.0,1.0,56.0,-5.0,19,1
Thailand,2022,36,26,1,1.0,41.0,1.0,49.333333333333336,-2.0,20,1
Thailand,2023,31,25,1,1.0,36.0,1.0,41.333333333333336,-1.0,21,1
Togo,1989,0,0,0,0.0,0.0,0.0,0.0,0.0,0,0
Togo,1990,0,0,0,0.0,0.0,0.0,0.0,0.0,0,1
Togo,1991,63,4,1,0.0,0.0,0.0,0.0,4.0,1,0
Togo,1992,5,2,0,1.0,63.0,0.3333333333333333,21.0,-2.0,0,1
Togo,1993,48,3,1,0.0,5.0,0.3333333333333333,22.666666666666668,1.0,1,0
Togo,1994,0,0,0,1.0,48.0,0.6666666666666666,38.666666666666664,-3.0,0,0
Togo,1995,0,0,0,0.0,0.0,0.3333333333333333,17.666666666666668,0.0,0,0
Togo,1996,0,0,0,0.0,0.0,0.3333333333333333,16.0,0.0,0,0
Togo,1997,0,0,0,0.0,0.0,0.0,0.0,0.0,0,0
Togo,1998,9,4,0,0.0,0.0,0.0,0.0,4.0,0,0
Togo,1999,0,0,0,0.0,9.0,0.0,3.0,-4.0,0,0
Togo,2000,0,0,0,0.0,0.0,0.0,3.0,0.0,0,0
Togo,2001,0,0,0,0.0,0.0,0.0,3.0,0.0,0,0
Togo,2002,0,0,0,0.0,0.0,0.0,0.0,0.0,0,0
Togo,2003,0,0,0,0.0,0.0,0.0,0.0,0.0,0,0
Togo,2004,0,0,0,0.0,0.0,0.0,0.0,0.0,0,1
Togo,2005,436,93,1,0.0,0.0,0.0,0.0,93.0,1,0
Togo,2006,0,0,0,1.0,436.0,0.3333333333333333,145.33333333333334,-93.0,0,0
Togo,2007,0,0,0,0.0,0.0,0.3333333333333333,145.33333333333334,0.0,0,0
Togo,2008,0,0,0,0.0,0.0,0.3333333333333333,145.33333333333334,0.0,0,0
Togo,2009,0,0,0,0.0,0.0,0.0,0.0,0.0,0,0
Togo,2010,0,0,0,0.0,0.0,0.0,0.0,0.0,0,0
Togo,2011,0,0,0,0.0,0.0,0.0,0.0,0.0,0,0
Togo,2012,0,0,0,0.0,0.0,0.0,0.0,0.0,0,0
Togo,2013,0,0,0,0.0,0.0,0.0,0.0,0.0,0,0
Togo,2014,0,0,0,0.0,0.0,0.0,0.0,0.0,0,0
Togo,2015,0,0,0,0.0,0.0,0.0,0.0,0.0,0,0
Togo,2016,0,0,0,0.0,0.0,0.0,0.0,0.0,0,0
Togo,2017,0,0,0,0.0,0.0,0.0,0.0,0.0,0,0
Togo,2018,0,0,0,0.0,0.0,0.0,0.0,0.0,0,0
Togo,2019,1,1,0,0.0,0.0,0.0,0.0,1.0,0,0
Togo,2020,0,0,0,0.0,1.0,0.0,0.3333333333333333,-1.0,0,0
Togo,2021,0,0,0,0.0,0.0,0.0,0.3333333333333333,0.0,0,1
Togo,2022,62,8,1,0.0,0.0,0.0,0.3333333333333333,8.0,1,1
Togo,2023,76,20,1,1.0,62.0,0.3333333333333333,20.666666666666668,12.0,2,1
Trinidad and Tobago,1989,0,0,0,0.0,0.0,0.0,0.0,0.0,0,1
Trinidad and Tobago,1990,39,3,1,0.0,0.0,0.0,0.0,3.0,1,0
Trinidad and Tobago,1991,0,0,0,1.0,39.0,0.5,19.5,-3.0,0,0
Trinidad and Tobago,1992,0,0,0,0.0,0.0,0.3333333333333333,13.0,0.0,0,0
Trinidad and Tobago,1993,0,0,0,0.0,0.0,0.3333333333333333,13.0,0.0,0,0
Trinidad and Tobago,1994,0,0,0,0.0,0.0,0.0,0.0,0.0,0,0
Trinidad and Tobago,1995,0,0,0,0.0,0.0,0.0,0.0,0.0,0,0
Trinidad and Tobago,1996,0,0,0,0.0,0.0,0.0,0.0,0.0,0,0
Trinidad and Tobago,1997,0,0,0,0.0,0.0,0.0,0.0,0.0,0,0
Trinidad and Tobago,1998,0,0,0,0.0,0.0,0.0,0.0,0.0,0,0
Trinidad and Tobago,1999,0,0,0,0.0,0.0,0.0,0.0,0.0,0,0
Trinidad and Tobago,2000,0,0,0,0.0,0.0,0.0,0.0,0.0,0,0
Trinidad and Tobago,2001,0,0,0,0.0,0.0,0.0,0.0,0.0,0,0
Trinidad and Tobago,2002,0,0,0,0.0,0.0,0.0,0.0,0.0,0,0
Trinidad and Tobago,2003,0,0,0,0.0,0.0,0.0,0.0,0.0,0,0
Trinidad and Tobago,2004,0,0,0,0.0,0.0,0.0,0.0,0.0,0,0
Trinidad and Tobago,2005,0,0,0,0.0,0.0,0.0,0.0,0.0,0,0
Trinidad and Tobago,2006,0,0,0,0.0,0.0,0.0,0.0,0.0,0,0
Trinidad and Tobago,2007,0,0,0,0.0,0.0,0.0,0.0,0.0,0,0
Trinidad and Tobago,2008,0,0,0,0.0,0.0,0.0,0.0,0.0,0,0
Trinidad and Tobago,2009,0,0,0,0.0,0.0,0.0,0.0,0.0,0,0
Trinidad and Tobago,2010,0,0,0,0.0,0.0,0.0,0.0,0.0,0,0
Trinidad and Tobago,2011,0,0,0,0.0,0.0,0.0,0.0,0.0,0,0
Trinidad and Tobago,2012,0,0,0,0.0,0.0,0.0,0.0,0.0,0,0
Trinidad and Tobago,2013,0,0,0,0.0,0.0,0.0,0.0,0.0,0,0
Trinidad and Tobago,2014,0,0,0,0.0,0.0,0.0,0.0,0.0,0,0
Trinidad and Tobago,2015,0,0,0,0.0,0.0,0.0,0.0,0.0,0,0
Trinidad and Tobago,2016,0,0,0,0.0,0.0,0.0,0.0,0.0,0,0
Trinidad and Tobago,2017,0,0,0,0.0,0.0,0.0,0.0,0.0,0,0
Trinidad and Tobago,2018,0,0,0,0.0,0.0,0.0,0.0,0.0,0,0
Trinidad and Tobago,2019,0,0,0,0.0,0.0,0.0,0.0,0.0,0,0
Trinidad and Tobago,2020,0,0,0,0.0,0.0,0.0,0.0,0.0,0,0
Trinidad and Tobago,2021,0,0,0,0.0,0.0,0.0,0.0,0.0,0,0
Trinidad and Tobago,2022,0,0,0,0.0,0.0,0.0,0.0,0.0,0,0
Trinidad and Tobago,2023,0,0,0,0.0,0.0,0.0,0.0,0.0,0,0
Tunisia,1989,0,0,0,0.0,0.0,0.0,0.0,0.0,0,0
Tunisia,1990,0,0,0,0.0,0.0,0.0,0.0,0.0,0,0
Tunisia,1991,0,0,0,0.0,0.0,0.0,0.0,0.0,0,0
Tunisia,1992,0,0,0,0.0,0.0,0.0,0.0,0.0,0,0
Tunisia,1993,0,0,0,0.0,0.0,0.0,0.0,0.0,0,0
Tunisia,1994,0,0,0,0.0,0.0,0.0,0.0,0.0,0,0
Tunisia,1995,0,0,0,0.0,0.0,0.0,0.0,0.0,0,0
Tunisia,1996,0,0,0,0.0,0.0,0.0,0.0,0.0,0,0
Tunisia,1997,0,0,0,0.0,0.0,0.0,0.0,0.0,0,0
Tunisia,1998,0,0,0,0.0,0.0,0.0,0.0,0.0,0,0
Tunisia,1999,0,0,0,0.0,0.0,0.0,0.0,0.0,0,0
Tunisia,2000,0,0,0,0.0,0.0,0.0,0.0,0.0,0,0
Tunisia,2001,0,0,0,0.0,0.0,0.0,0.0,0.0,0,0
Tunisia,2002,21,1,0,0.0,0.0,0.0,0.0,1.0,0,0
Tunisia,2003,0,0,0,0.0,21.0,0.0,7.0,-1.0,0,0
Tunisia,2004,0,0,0,0.0,0.0,0.0,7.0,0.0,0,0
Tunisia,2005,0,0,0,0.0,0.0,0.0,7.0,0.0,0,0
Tunisia,2006,0,0,0,0.0,0.0,0.0,0.0,0.0,0,0
Tunisia,2007,0,0,0,0.0,0.0,0.0,0.0,0.0,0,0
Tunisia,2008,0,0,0,0.0,0.0,0.0,0.0,0.0,0,0
Tunisia,2009,0,0,0,0.0,0.0,0.0,0.0,0.0,0,0
Tunisia,2010,0,0,0,0.0,0.0,0.0,0.0,0.0,0,0
Tunisia,2011,8,2,0,0.0,0.0,0.0,0.0,2.0,0,0
Tunisia,2012,3,2,0,0.0,8.0,0.0,2.6666666666666665,0.0,0,1
Tunisia,2013,29,8,1,0.0,3.0,0.0,3.6666666666666665,6.0,1,1
Tunisia,2014,51,22,1,1.0,29.0,0.3333333333333333,13.333333333333334,14.0,2,1
Tunisia,2015,137,26,1,1.0,51.0,0.6666666666666666,27.666666666666668,4.0,3,1
Tunisia,2016,88,15,1,1.0,137.0,1.0,72.33333333333333,-11.0,4,0
Tunisia,2017,15,10,0,1.0,88.0,1.0,92.0,-5.0,0,1
Tunisia,2018,25,13,1,0.0,15.0,0.6666666666666666,80.0,3.0,1,0
Tunisia,2019,20,9,0,1.0,25.0,0.6666666666666666,42.666666666666664,-4.0,0,0
Tunisia,2020,12,5,0,0.0,20.0,0.3333333333333333,20.0,-4.0,0,0
Tunisia,2021,18,9,0,0.0,12.0,0.3333333333333333,19.0,4.0,0,0
Tunisia,2022,3,1,0,0.0,18.0,0.0,16.666666666666668,-8.0,0,0
Tunisia,2023,3,1,0,0.0,3.0,0.0,11.0,0.0,0,0
Turkey,1989,538,201,1,0.0,0.0,0.0,0.0,0.0,1,1
Turkey,1990,630,223,1,1.0,538.0,1.0,538.0,22.0,2,1
Turkey,1991,448,158,1,1.0,630.0,1.0,584.0,-65.0,3,1
Turkey,1992,1926,341,1,1.0,448.0,1.0,538.6666666666666,183.0,4,1
Turkey,1993,2765,500,1,1.0,1926.0,1.0,1001.3333333333334,159.0,5,1
Turkey,1994,4182,638,1,1.0,2765.0,1.0,1713.0,138.0,6,1
Turkey,1995,3650,816,1,1.0,4182.0,1.0,2957.6666666666665,178.0,7,1
Turkey,1996,3811,647,1,1.0,3650.0,1.0,3532.3333333333335,-169.0,8,1
Turkey,1997,2600,498,1,1.0,3811.0,1.0,3881.0,-149.0,9,1
Turkey,1998,2058,328,1,1.0,2600.0,1.0,3353.6666666666665,-170.0,10,1
Turkey,1999,1155,267,1,1.0,2058.0,1.0,2823.0,-61.0,11,1
Turkey,2000,153,33,1,1.0,1155.0,1.0,1937.6666666666667,-234.0,12,1
Turkey,2001,120,33,1,1.0,153.0,1.0,1122.0,0.0,13,1
Turkey,2002,34,21,1,1.0,120.0,1.0,476.0,-12.0,14,1
Turkey,2003,150,43,1,1.0,34.0,1.0,102.33333333333333,22.0,15,1
Turkey,2004,221,124,1,1.0,150.0,1.0,101.33333333333333,81.0,16,1
Turkey,2005,295,114,1,1.0,221.0,1.0,135.0,-10.0,17,1
Turkey,2006,226,92,1,1.0,295.0,1.0,222.0,-22.0,18,1
Turkey,2007,502,137,1,1.0,226.0,1.0,247.33333333333334,45.0,19,1
Turkey,2008,491,129,1,1.0,502.0,1.0,341.0,-8.0,20,1
Turkey,2009,138,47,1,1.0,491.0,1.0,406.3333333333333,-82.0,21,1
Turkey,2010,234,78,1,1.0,138.0,1.0,377.0,31.0,22,1
Turkey,2011,410,114,1,1.0,234.0,1.0,287.6666666666667,36.0,23,1
Turkey,2012,789,141,1,1.0,410.0,1.0,260.6666666666667,27.0,24,1
Turkey,2013,75,9,1,1.0,789.0,1.0,477.6666666666667,-132.0,25,0
Turkey,2014,11,8,0,1.0,75.0,1.0,424.6666666666667,-1.0,0,1
Turkey,2015,1061,232,1,0.0,11.0,0.6666666666666666,291.6666666666667,224.0,1,1
Turkey,2016,1561,234,1,1.0,1061.0,0.6666666666666666,382.3333333333333,2.0,2,1
Turkey,2017,462,65,1,1.0,1561.0,0.6666666666666666,877.6666666666666,-169.0,3,1
Turkey,2018,461,181,1,1.0,462.0,1.0,1028.0,116.0,4,1
Turkey,2019,311,144,1,1.0,461.0,1.0,828.0,-37.0,5,1
Turkey,2020,226,116,1,1.0,311.0,1.0,411.3333333333333,-28.0,6,1
Turkey,2021,132,82,1,1.0,226.0,1.0,332.6666666666667,-34.0,7,1
Turkey,2022,107,65,1,1.0,132.0,1.0,223.0,-17.0,8,1
Turkey,2023,108,58,1,1.0,107.0,1.0,155.0,-7.0,9,1
Uganda,1989,1057,24,1,0.0,0.0,0.0,0.0,0.0,1,1
Uganda,1990,809,34,1,1.0,1057.0,1.0,1057.0,10.0,2,1
Uganda,1991,1018,21,1,1.0,809.0,1.0,933.0,-13.0,3,1
Uganda,1992,76,4,1,1.0,1018.0,1.0,961.3333333333334,-17.0,4,0
Uganda,1993,0,0,0,1.0,76.0,1.0,634.3333333333334,-4.0,0,1
Uganda,1994,160,18,1,0.0,0.0,0.6666666666666666,364.6666666666667,18.0,1,1
Uganda,1995,537,20,1,1.0,160.0,0.6666666666666666,78.66666666666667,2.0,2,1
Uganda,1996,1798,120,1,1.0,537.0,0.6666666666666666,232.33333333333334,100.0,3,1
Uganda,1997,1354,77,1,1.0,1798.0,1.0,831.6666666666666,-43.0,4,1
Uganda,1998,1214,121,1,1.0,1354.0,1.0,1229.6666666666667,44.0,5,1
Uganda,1999,1024,89,1,1.0,1214.0,1.0,1455.3333333333333,-32.0,6,1
Uganda,2000,1238,116,1,1.0,1024.0,1.0,1197.3333333333333,27.0,7,1
Uganda,2001,212,55,1,1.0,1238.0,1.0,1158.6666666666667,-61.0,8,1
Uganda,2002,1316,164,1,1.0,212.0,1.0,824.6666666666666,109.0,9,1
Uganda,2003,1628,194,1,1.0,1316.0,1.0,922.0,30.0,10,1
Uganda,2004,2004,251,1,1.0,1628.0,1.0,1052.0,57.0,11,1
Uganda,2005,922,221,1,1.0,2004.0,1.0,1649.3333333333333,-30.0,12,1
Uganda,2006,334,98,1,1.0,922.0,1.0,1518.0,-123.0,13,1
Uganda,2007,156,21,1,1.0,334.0,1.0,1086.6666666666667,-77.0,14,1
Uganda,2008,32,8,1,1.0,156.0,1.0,470.6666666666667,-13.0,15,1
Uganda,2009,59,6,1,1.0,32.0,1.0,174.0,-2.0,16,1
Uganda,2010,74,1,1,1.0,59.0,1.0,82.33333333333333,-5.0,17,0
Uganda,2011,0,0,0,1.0,74.0,1.0,55.0,-1.0,0,0
Uganda,2012,0,0,0,0.0,0.0,0.6666666666666666,44.333333333333336,0.0,0,0
Uganda,2013,0,0,0,0.0,0.0,0.3333333333333333,24.666666666666668,0.0,0,0
Uganda,2014,7,1,0,0.0,0.0,0.0,0.0,1.0,0,0
Uganda,2015,0,0,0,0.0,7.0,0.0,2.3333333333333335,-1.0,0,1
Uganda,2016,30,2,1,0.0,0.0,0.0,2.3333333333333335,2.0,1,0
Uganda,2017,0,1,0,1.0,30.0,0.3333333333333333,12.333333333333334,-1.0,0,0
Uganda,2018,2,2,0,0.0,0.0,0.3333333333333333,10.0,1.0,0,0
Uganda,2019,2,2,0,0.0,2.0,0.3333333333333333,10.666666666666666,0.0,0,0
Uganda,2020,0,0,0,0.0,2.0,0.0,1.3333333333333333,-2.0,0,0
Uganda,2021,23,12,0,0.0,0.0,0.0,1.3333333333333333,12.0,0,1
Uganda,2022,25,6,1,0.0,23.0,0.0,8.333333333333334,-6.0,1,1
Uganda,2023,79,12,1,1.0,25.0,0.3333333333333333,16.0,6.0,2,0
Ukraine,1989,0,0,0,0.0,0.0,0.0,0.0,0.0,0,0
Ukraine,1990,0,0,0,0.0,0.0,0.0,0.0,0.0,0,0
Ukraine,1991,0,0,0,0.0,0.0,0.0,0.0,0.0,0,0
Ukraine,1992,0,0,0,0.0,0.0,0.0,0.0,0.0,0,0
Ukraine,1993,0,0,0,0.0,0.0,0.0,0.0,0.0,0,0
Ukraine,1994,0,0,0,0.0,0.0,0.0,0.0,0.0,0,0
Ukraine,1995,0,0,0,0.0,0.0,0.0,0.0,0.0,0,0
Ukraine,1996,0,0,0,0.0,0.0,0.0,0.0,0.0,0,0
Ukraine,1997,0,0,0,0.0,0.0,0.0,0.0,0.0,0,0
Ukraine,1998,0,0,0,0.0,0.0,0.0,0.0,0.0,0,0
Ukraine,1999,0,0,0,0.0,0.0,0.0,0.0,0.0,0,0
Ukraine,2000,0,0,0,0.0,0.0,0.0,0.0,0.0,0,0
Ukraine,2001,0,0,0,0.0,0.0,0.0,0.0,0.0,0,0
Ukraine,2002,0,0,0,0.0,0.0,0.0,0.0,0.0,0,0
Ukraine,2003,0,0,0,0.0,0.0,0.0,0.0,0.0,0,0
Ukraine,2004,0,0,0,0.0,0.0,0.0,0.0,0.0,0,0
Ukraine,2005,0,0,0,0.0,0.0,0.0,0.0,0.0,0,0
Ukraine,2006,0,0,0,0.0,0.0,0.0,0.0,0.0,0,0
Ukraine,2007,0,0,0,0.0,0.0,0.0,0.0,0.0,0,0
Ukraine,2008,0,0,0,0.0,0.0,0.0,0.0,0.0,0,0
Ukraine,2009,0,0,0,0.0,0.0,0.0,0.0,0.0,0,0
Ukraine,2010,0,0,0,0.0,0.0,0.0,0.0,0.0,0,0
Ukraine,2011,0,0,0,0.0,0.0,0.0,0.0,0.0,0,0
Ukraine,2012,0,0,0,0.0,0.0,0.0,0.0,0.0,0,0
Ukraine,2013,0,0,0,0.0,0.0,0.0,0.0,0.0,0,1
Ukraine,2014,4946,1303,1,0.0,0.0,0.0,0.0,1303.0,1,1
Ukraine,2015,1894,871,1,1.0,4946.0,0.3333333333333333,1648.6666666666667,-432.0,2,1
Ukraine,2016,699,514,1,1.0,1894.0,0.6666666666666666,2280.0,-357.0,3,1
Ukraine,2017,447,216,1,1.0,699.0,1.0,2513.0,-298.0,4,1
Ukraine,2018,243,153,1,1.0,447.0,1.0,1013.3333333333334,-63.0,5,1
Ukraine,2019,311,199,1,1.0,243.0,1.0,463.0,46.0,6,1
Ukraine,2020,196,145,1,1.0,311.0,1.0,333.6666666666667,-54.0,7,1
Ukraine,2021,208,167,1,1.0,196.0,1.0,250.0,22.0,8,1
Ukraine,2022,92615,7429,1,1.0,208.0,1.0,238.33333333333334,7262.0,9,1
Ukraine,2023,75393,10181,1,1.0,92615.0,1.0,31006.333333333332,2752.0,10,1
United Arab Emirates,1989,0,0,0,0.0,0.0,0.0,0.0,0.0,0,0
United Arab Emirates,1990,0,0,0,0.0,0.0,0.0,0.0,0.0,0,0
United Arab Emirates,1991,0,0,0,0.0,0.0,0.0,0.0,0.0,0,0
United Arab Emirates,1992,0,0,0,0.0,0.0,0.0,0.0,0.0,0,0
United Arab Emirates,1993,0,0,0,0.0,0.0,0.0,0.0,0.0,0,0
United Arab Emirates,1994,0,0,0,0.0,0.0,0.0,0.0,0.0,0,0
United Arab Emirates,1995,0,0,0,0.0,0.0,0.0,0.0,0.0,0,0
United Arab Emirates,1996,0,0,0,0.0,0.0,0.0,0.0,0.0,0,0
United Arab Emirates,1997,0,0,0,0.0,0.0,0.0,0.0,0.0,0,0
United Arab Emirates,1998,0,0,0,0.0,0.0,0.0,0.0,0.0,0,0
United Arab Emirates,1999,0,0,0,0.0,0.0,0.0,0.0,0.0,0,0
United Arab Emirates,2000,0,0,0,0.0,0.0,0.0,0.0,0.0,0,0
United Arab Emirates,2001,0,0,0,0.0,0.0,0.0,0.0,0.0,0,0
United Arab Emirates,2002,0,0,0,0.0,0.0,0.0,0.0,0.0,0,0
United Arab Emirates,2003,0,0,0,0.0,0.0,0.0,0.0,0.0,0,0
United Arab Emirates,2004,0,0,0,0.0,0.0,0.0,0.0,0.0,0,0
United Arab Emirates,2005,0,0,0,0.0,0.0,0.0,0.0,0.0,0,0
United Arab Emirates,2006,0,0,0,0.0,0.0,0.0,0.0,0.0,0,0
United Arab Emirates,2007,0,0,0,0.0,0.0,0.0,0.0,0.0,0,0
United Arab Emirates,2008,0,0,0,0.0,0.0,0.0,0.0,0.0,0,0
United Arab Emirates,2009,0,0,0,0.0,0.0,0.0,0.0,0.0,0,0
United Arab Emirates,2010,1,1,0,0.0,0.0,0.0,0.0,1.0,0,0
United Arab Emirates,2011,0,0,0,0.0,1.0,0.0,0.3333333333333333,-1.0,0,0
United Arab Emirates,2012,0,0,0,0.0,0.0,0.0,0.3333333333333333,0.0,0,0
United Arab Emirates,2013,0,0,0,0.0,0.0,0.0,0.3333333333333333,0.0,0,0
United Arab Emirates,2014,0,0,0,0.0,0.0,0.0,0.0,0.0,0,0
United Arab Emirates,2015,0,0,0,0.0,0.0,0.0,0.0,0.0,0,0
United Arab Emirates,2016,0,0,0,0.0,0.0,0.0,0.0,0.0,0,0
United Arab Emirates,2017,0,0,0,0.0,0.0,0.0,0.0,0.0,0,0
United Arab Emirates,2018,0,0,0,0.0,0.0,0.0,0.0,0.0,0,0
United Arab Emirates,2019,0,0,0,0.0,0.0,0.0,0.0,0.0,0,0
United Arab Emirates,2020,0,0,0,0.0,0.0,0.0,0.0,0.0,0,0
United Arab Emirates,2021,0,0,0,0.0,0.0,0.0,0.0,0.0,0,0
United Arab Emirates,2022,3,1,0,0.0,0.0,0.0,0.0,1.0,0,0
United Arab Emirates,2023,0,0,0,0.0,3.0,0.0,1.0,-1.0,0,0
United Kingdom,1989,41,27,1,0.0,0.0,0.0,0.0,0.0,1,1
United Kingdom,1990,47,32,1,1.0,41.0,1.0,41.0,5.0,2,1
United Kingdom,1991,38,32,1,1.0,47.0,1.0,44.0,0.0,3,1
United Kingdom,1992,39,30,1,1.0,38.0,1.0,42.0,-2.0,4,1
United Kingdom,1993,47,34,1,1.0,39.0,1.0,41.333333333333336,4.0,5,0
United Kingdom,1994,16,16,0,1.0,47.0,1.0,41.333333333333336,-18.0,0,0
United Kingdom,1995,0,0,0,0.0,16.0,0.6666666666666666,34.0,-16.0,0,0
United Kingdom,1996,2,2,0,0.0,0.0,0.3333333333333333,21.0,2.0,0,0
United Kingdom,1997,5,4,0,0.0,2.0,0.0,6.0,2.0,0,1
United Kingdom,1998,31,3,1,0.0,5.0,0.0,2.3333333333333335,-1.0,1,0
United Kingdom,1999,0,0,0,1.0,31.0,0.3333333333333333,12.666666666666666,-3.0,0,0
United Kingdom,2000,1,1,0,0.0,0.0,0.3333333333333333,12.0,1.0,0,0
United Kingdom,2001,1,1,0,0.0,1.0,0.3333333333333333,10.666666666666666,0.0,0,0
United Kingdom,2002,3,4,0,0.0,1.0,0.0,0.6666666666666666,3.0,0,0
United Kingdom,2003,1,2,0,0.0,3.0,0.0,1.6666666666666667,-2.0,0,0
United Kingdom,2004,1,1,0,0.0,1.0,0.0,1.6666666666666667,-1.0,0,1
United Kingdom,2005,53,2,1,0.0,1.0,0.0,1.6666666666666667,1.0,1,0
United Kingdom,2006,0,1,0,1.0,53.0,0.3333333333333333,18.333333333333332,-1.0,0,0
United Kingdom,2007,0,0,0,0.0,0.0,0.3333333333333333,18.0,-1.0,0,0
United Kingdom,2008,0,0,0,0.0,0.0,0.3333333333333333,17.666666666666668,0.0,0,0
United Kingdom,2009,2,2,0,0.0,0.0,0.0,0.0,2.0,0,0
United Kingdom,2010,0,0,0,0.0,2.0,0.0,0.6666666666666666,-2.0,0,0
United Kingdom,2011,1,1,0,0.0,0.0,0.0,0.6666666666666666,1.0,0,0
United Kingdom,2012,0,0,0,0.0,1.0,0.0,1.0,-1.0,0,0
United Kingdom,2013,0,0,0,0.0,0.0,0.0,0.3333333333333333,0.0,0,0
United Kingdom,2014,0,0,0,0.0,0.0,0.0,0.3333333333333333,0.0,0,0
United Kingdom,2015,0,0,0,0.0,0.0,0.0,0.0,0.0,0,0
United Kingdom,2016,0,0,0,0.0,0.0,0.0,0.0,0.0,0,0
United Kingdom,2017,0,0,0,0.0,0.0,0.0,0.0,0.0,0,0
United Kingdom,2018,0,0,0,0.0,0.0,0.0,0.0,0.0,0,0
United Kingdom,2019,4,3,0,0.0,0.0,0.0,0.0,3.0,0,0
United Kingdom,2020,0,0,0,0.0,4.0,0.0,1.3333333333333333,-3.0,0,0
United Kingdom,2021,0,0,0,0.0,0.0,0.0,1.3333333333333333,0.0,0,0
United Kingdom,2022,0,0,0,0.0,0.0,0.0,1.3333333333333333,0.0,0,0
United Kingdom,2023,0,0,0,0.0,0.0,0.0,0.0,0.0,0,0
United States of America,1989,0,0,0,0.0,0.0,0.0,0.0,0.0,0,0
United States of America,1990,0,0,0,0.0,0.0,0.0,0.0,0.0,0,0
United States of America,1991,0,0,0,0.0,0.0,0.0,0.0,0.0,0,0
United States of America,1992,0,0,0,0.0,0.0,0.0,0.0,0.0,0,0
United States of America,1993,0,0,0,0.0,0.0,0.0,0.0,0.0,0,0
United States of America,1994,0,0,0,0.0,0.0,0.0,0.0,0.0,0,0
United States of America,1995,0,0,0,0.0,0.0,0.0,0.0,0.0,0,0
United States of America,1996,0,0,0,0.0,0.0,0.0,0.0,0.0,0,0
United States of America,1997,0,0,0,0.0,0.0,0.0,0.0,0.0,0,0
United States of America,1998,0,0,0,0.0,0.0,0.0,0.0,0.0,0,0
United States of America,1999,0,0,0,0.0,0.0,0.0,0.0,0.0,0,0
United States of America,2000,0,0,0,0.0,0.0,0.0,0.0,0.0,0,1
United States of America,2001,2986,3,1,0.0,0.0,0.0,0.0,3.0,1,0
United States of America,2002,0,0,0,1.0,2986.0,0.3333333333333333,995.3333333333334,-3.0,0,0
United States of America,2003,0,0,0,0.0,0.0,0.3333333333333333,995.3333333333334,0.0,0,0
United States of America,2004,0,0,0,0.0,0.0,0.3333333333333333,995.3333333333334,0.0,0,0
United States of America,2005,0,0,0,0.0,0.0,0.0,0.0,0.0,0,0
United States of America,2006,0,0,0,0.0,0.0,0.0,0.0,0.0,0,0
United States of America,2007,0,0,0,0.0,0.0,0.0,0.0,0.0,0,0
United States of America,2008,0,0,0,0.0,0.0,0.0,0.0,0.0,0,0
United States of America,2009,0,0,0,0.0,0.0,0.0,0.0,0.0,0,0
United States of America,2010,2,1,0,0.0,0.0,0.0,0.0,1.0,0,0
United States of America,2011,0,0,0,0.0,2.0,0.0,0.6666666666666666,-1.0,0,0
United States of America,2012,0,0,0,0.0,0.0,0.0,0.6666666666666666,0.0,0,0
United States of America,2013,0,0,0,0.0,0.0,0.0,0.6666666666666666,0.0,0,0
United States of America,2014,0,0,0,0.0,0.0,0.0,0.0,0.0,0,0
United States of America,2015,14,1,0,0.0,0.0,0.0,0.0,1.0,0,0
United States of America,2016,0,0,0,0.0,14.0,0.0,4.666666666666667,-1.0,0,0
United States of America,2017,8,1,0,0.0,0.0,0.0,4.666666666666667,1.0,0,0
United States of America,2018,1,1,0,0.0,8.0,0.0,7.333333333333333,0.0,0,0
United States of America,2019,4,1,0,0.0,1.0,0.0,3.0,0.0,0,0
United States of America,2020,0,0,0,0.0,4.0,0.0,4.333333333333333,-1.0,0,0
United States of America,2021,0,0,0,0.0,0.0,0.0,1.6666666666666667,0.0,0,0
United States of America,2022,1,1,0,0.0,0.0,0.0,1.3333333333333333,1.0,0,0
United States of America,2023,0,0,0,0.0,1.0,0.0,0.3333333333333333,-1.0,0,0
Uzbekistan,1989,0,0,0,0.0,0.0,0.0,0.0,0.0,0,0
Uzbekistan,1990,0,0,0,0.0,0.0,0.0,0.0,0.0,0,0
Uzbekistan,1991,0,0,0,0.0,0.0,0.0,0.0,0.0,0,0
Uzbekistan,1992,0,0,0,0.0,0.0,0.0,0.0,0.0,0,0
Uzbekistan,1993,0,0,0,0.0,0.0,0.0,0.0,0.0,0,0
Uzbekistan,1994,0,0,0,0.0,0.0,0.0,0.0,0.0,0,0
Uzbekistan,1995,0,0,0,0.0,0.0,0.0,0.0,0.0,0,0
Uzbekistan,1996,0,0,0,0.0,0.0,0.0,0.0,0.0,0,0
Uzbekistan,1997,0,0,0,0.0,0.0,0.0,0.0,0.0,0,0
Uzbekistan,1998,0,0,0,0.0,0.0,0.0,0.0,0.0,0,1
Uzbekistan,1999,50,6,1,0.0,0.0,0.0,0.0,6.0,1,1
Uzbekistan,2000,297,16,1,1.0,50.0,0.3333333333333333,16.666666666666668,10.0,2,0
Uzbekistan,2001,0,0,0,1.0,297.0,0.6666666666666666,115.66666666666667,-16.0,0,0
Uzbekistan,2002,0,0,0,0.0,0.0,0.6666666666666666,115.66666666666667,0.0,0,0
Uzbekistan,2003,0,0,0,0.0,0.0,0.3333333333333333,99.0,0.0,0,1
Uzbekistan,2004,37,8,1,0.0,0.0,0.0,0.0,8.0,1,0
Uzbekistan,2005,0,0,0,1.0,37.0,0.3333333333333333,12.333333333333334,-8.0,0,0
Uzbekistan,2006,0,0,0,0.0,0.0,0.3333333333333333,12.333333333333334,0.0,0,0
Uzbekistan,2007,0,0,0,0.0,0.0,0.3333333333333333,12.333333333333334,0.0,0,0
Uzbekistan,2008,0,0,0,0.0,0.0,0.0,0.0,0.0,0,0
Uzbekistan,2009,16,2,0,0.0,0.0,0.0,0.0,2.0,0,0
Uzbekistan,2010,0,0,0,0.0,16.0,0.0,5.333333333333333,-2.0,0,0
Uzbekistan,2011,0,0,0,0.0,0.0,0.0,5.333333333333333,0.0,0,0
Uzbekistan,2012,0,0,0,0.0,0.0,0.0,5.333333333333333,0.0,0,0
Uzbekistan,2013,0,0,0,0.0,0.0,0.0,0.0,0.0,0,0
Uzbekistan,2014,0,0,0,0.0,0.0,0.0,0.0,0.0,0,0
Uzbekistan,2015,0,0,0,0.0,0.0,0.0,0.0,0.0,0,0
Uzbekistan,2016,0,0,0,0.0,0.0,0.0,0.0,0.0,0,0
Uzbekistan,2017,0,0,0,0.0,0.0,0.0,0.0,0.0,0,0
Uzbekistan,2018,0,0,0,0.0,0.0,0.0,0.0,0.0,0,0
Uzbekistan,2019,0,0,0,0.0,0.0,0.0,0.0,0.0,0,0
Uzbekistan,2020,0,0,0,0.0,0.0,0.0,0.0,0.0,0,0
Uzbekistan,2021,0,0,0,0.0,0.0,0.0,0.0,0.0,0,0
Uzbekistan,2022,0,0,0,0.0,0.0,0.0,0.0,0.0,0,0
Uzbekistan,2023,0,0,0,0.0,0.0,0.0,0.0,0.0,0,0
Venezuela,1989,58,54,1,0.0,0.0,0.0,0.0,0.0,1,1
Venezuela,1990,64,66,1,1.0,58.0,1.0,58.0,12.0,2,1
Venezuela,1991,30,38,1,1.0,64.0,1.0,61.0,-28.0,3,1
Venezuela,1992,223,75,1,1.0,30.0,1.0,50.666666666666664,37.0,4,1
Venezuela,1993,63,75,1,1.0,223.0,1.0,105.66666666666667,0.0,5,1
Venezuela,1994,164,47,1,1.0,63.0,1.0,105.33333333333333,-28.0,6,1
Venezuela,1995,28,45,1,1.0,164.0,1.0,150.0,-2.0,7,1
Venezuela,1996,33,53,1,1.0,28.0,1.0,85.0,8.0,8,1
Venezuela,1997,33,5,1,1.0,33.0,1.0,75.0,-48.0,9,0
Venezuela,1998,10,14,0,1.0,33.0,1.0,31.333333333333332,9.0,0,1
Venezuela,1999,26,41,1,0.0,10.0,0.6666666666666666,25.333333333333332,27.0,1,1
Venezuela,2000,27,40,1,1.0,26.0,0.6666666666666666,23.0,-1.0,2,1
Venezuela,2001,27,50,1,1.0,27.0,0.6666666666666666,21.0,10.0,3,1
Venezuela,2002,27,30,1,1.0,27.0,1.0,26.666666666666668,-20.0,4,1
Venezuela,2003,25,40,1,1.0,27.0,1.0,27.0,10.0,5,1
Venezuela,2004,31,50,1,1.0,25.0,1.0,26.333333333333332,10.0,6,1
Venezuela,2005,30,32,1,1.0,31.0,1.0,27.666666666666668,-18.0,7,0
Venezuela,2006,22,21,0,1.0,30.0,1.0,28.666666666666668,-11.0,0,0
Venezuela,2007,17,25,0,0.0,22.0,0.6666666666666666,27.666666666666668,4.0,0,1
Venezuela,2008,27,44,1,0.0,17.0,0.3333333333333333,23.0,19.0,1,1
Venezuela,2009,27,49,1,1.0,27.0,0.3333333333333333,22.0,5.0,2,0
Venezuela,2010,23,44,0,1.0,27.0,0.6666666666666666,23.666666666666668,-5.0,0,0
Venezuela,2011,11,22,0,0.0,23.0,0.6666666666666666,25.666666666666668,-22.0,0,1
Venezuela,2012,33,29,1,0.0,11.0,0.3333333333333333,20.333333333333332,7.0,1,0
Venezuela,2013,9,41,0,1.0,33.0,0.3333333333333333,22.333333333333332,12.0,0,1
Venezuela,2014,49,42,1,0.0,9.0,0.3333333333333333,17.666666666666668,1.0,1,1
Venezuela,2015,32,30,1,1.0,49.0,0.6666666666666666,30.333333333333332,-12.0,2,1
Venezuela,2016,60,60,1,1.0,32.0,0.6666666666666666,30.0,30.0,3,1
Venezuela,2017,76,94,1,1.0,60.0,1.0,47.0,34.0,4,1
Venezuela,2018,94,91,1,1.0,76.0,1.0,56.0,-3.0,5,1
Venezuela,2019,83,76,1,1.0,94.0,1.0,76.66666666666667,-15.0,6,0
Venezuela,2020,5,4,0,1.0,83.0,1.0,84.33333333333333,-72.0,0,0
Venezuela,2021,20,10,0,0.0,5.0,0.6666666666666666,60.666666666666664,6.0,0,1
Venezuela,2022,39,23,1,0.0,20.0,0.3333333333333333,36.0,13.0,1,0
Venezuela,2023,16,15,0,1.0,39.0,0.3333333333333333,21.333333333333332,-8.0,0,0
Yemen (North Yemen),1989,0,0,0,0.0,0.0,0.0,0.0,0.0,0,0
Yemen (North Yemen),1990,0,0,0,0.0,0.0,0.0,0.0,0.0,0,0
Yemen (North Yemen),1991,0,0,0,0.0,0.0,0.0,0.0,0.0,0,0
Yemen (North Yemen),1992,0,0,0,0.0,0.0,0.0,0.0,0.0,0,0
Yemen (North Yemen),1993,0,0,0,0.0,0.0,0.0,0.0,0.0,0,1
Yemen (North Yemen),1994,1489,72,1,0.0,0.0,0.0,0.0,72.0,1,0
Yemen (North Yemen),1995,0,0,0,1.0,1489.0,0.3333333333333333,496.3333333333333,-72.0,0,0
Yemen (North Yemen),1996,0,0,0,0.0,0.0,0.3333333333333333,496.3333333333333,0.0,0,0
Yemen (North Yemen),1997,0,0,0,0.0,0.0,0.3333333333333333,496.3333333333333,0.0,0,0
Yemen (North Yemen),1998,0,0,0,0.0,0.0,0.0,0.0,0.0,0,0
Yemen (North Yemen),1999,0,0,0,0.0,0.0,0.0,0.0,0.0,0,0
Yemen (North Yemen),2000,19,1,0,0.0,0.0,0.0,0.0,1.0,0,0
Yemen (North Yemen),2001,0,0,0,0.0,19.0,0.0,6.333333333333333,-1.0,0,0
Yemen (North Yemen),2002,2,1,0,0.0,0.0,0.0,6.333333333333333,1.0,0,0
Yemen (North Yemen),2003,6,1,0,0.0,2.0,0.0,7.0,0.0,0,1
Yemen (North Yemen),2004,29,2,1,0.0,6.0,0.0,2.6666666666666665,1.0,1,0
Yemen (North Yemen),2005,0,0,0,1.0,29.0,0.3333333333333333,12.333333333333334,-2.0,0,0
Yemen (North Yemen),2006,0,0,0,0.0,0.0,0.3333333333333333,11.666666666666666,0.0,0,0
Yemen (North Yemen),2007,0,0,0,0.0,0.0,0.3333333333333333,9.666666666666666,0.0,0,0
Yemen (North Yemen),2008,21,2,0,0.0,0.0,0.0,0.0,2.0,0,1
Yemen (North Yemen),2009,94,5,1,0.0,21.0,0.0,7.0,3.0,1,1
Yemen (North Yemen),2010,201,63,1,1.0,94.0,0.3333333333333333,38.333333333333336,58.0,2,1
Yemen (North Yemen),2011,1430,219,1,1.0,201.0,0.6666666666666666,105.33333333333333,156.0,3,1
Yemen (North Yemen),2012,2461,253,1,1.0,1430.0,1.0,575.0,34.0,4,1
Yemen (North Yemen),2013,578,126,1,1.0,2461.0,1.0,1364.0,-127.0,5,1
Yemen (North Yemen),2014,2364,281,1,1.0,578.0,1.0,1489.6666666666667,155.0,6,1
Yemen (North Yemen),2015,8125,605,1,1.0,2364.0,1.0,1801.0,324.0,7,1
Yemen (North Yemen),2016,4027,343,1,1.0,8125.0,1.0,3689.0,-262.0,8,1
Yemen (North Yemen),2017,3620,397,1,1.0,4027.0,1.0,4838.666666666667,54.0,9,1
Yemen (North Yemen),2018,4996,387,1,1.0,3620.0,1.0,5257.333333333333,-10.0,10,1
Yemen (North Yemen),2019,2959,304,1,1.0,4996.0,1.0,4214.333333333333,-83.0,11,1
Yemen (North Yemen),2020,6754,657,1,1.0,2959.0,1.0,3858.3333333333335,353.0,12,1
Yemen (North Yemen),2021,23463,768,1,1.0,6754.0,1.0,4903.0,111.0,13,1
Yemen (North Yemen),2022,3220,455,1,1.0,23463.0,1.0,11058.666666666666,-313.0,14,1
Yemen (North Yemen),2023,931,319,1,1.0,3220.0,1.0,11145.666666666666,-136.0,15,1
Zambia,1989,87,25,1,0.0,0.0,0.0,0.0,0.0,1,1
Zambia,1990,40,9,1,1.0,87.0,1.0,87.0,-16.0,2,0
Zambia,1991,0,0,0,1.0,40.0,1.0,63.5,-9.0,0,0
Zambia,1992,0,0,0,0.0,0.0,0.6666666666666666,42.333333333333336,0.0,0,0
Zambia,1993,1,1,0,0.0,0.0,0.3333333333333333,13.333333333333334,1.0,0,0
Zambia,1994,0,0,0,0.0,1.0,0.0,0.3333333333333333,-1.0,0,0
Zambia,1995,0,0,0,0.0,0.0,0.0,0.3333333333333333,0.0,0,0
Zambia,1996,0,0,0,0.0,0.0,0.0,0.3333333333333333,0.0,0,0
Zambia,1997,0,0,0,0.0,0.0,0.0,0.0,0.0,0,0
Zambia,1998,0,0,0,0.0,0.0,0.0,0.0,0.0,0,0
Zambia,1999,0,0,0,0.0,0.0,0.0,0.0,0.0,0,0
Zambia,2000,1,1,0,0.0,0.0,0.0,0.0,1.0,0,0
Zambia,2001,7,2,0,0.0,1.0,0.0,0.3333333333333333,1.0,0,0
Zambia,2002,0,0,0,0.0,7.0,0.0,2.6666666666666665,-2.0,0,0
Zambia,2003,0,0,0,0.0,0.0,0.0,2.6666666666666665,0.0,0,0
Zambia,2004,0,0,0,0.0,0.0,0.0,2.3333333333333335,0.0,0,0
Zambia,2005,0,0,0,0.0,0.0,0.0,0.0,0.0,0,0
Zambia,2006,0,0,0,0.0,0.0,0.0,0.0,0.0,0,0
Zambia,2007,0,0,0,0.0,0.0,0.0,0.0,0.0,0,0
Zambia,2008,0,0,0,0.0,0.0,0.0,0.0,0.0,0,0
Zambia,2009,0,0,0,0.0,0.0,0.0,0.0,0.0,0,0
Zambia,2010,0,0,0,0.0,0.0,0.0,0.0,0.0,0,0
Zambia,2011,0,0,0,0.0,0.0,0.0,0.0,0.0,0,0
Zambia,2012,0,0,0,0.0,0.0,0.0,0.0,0.0,0,0
Zambia,2013,0,0,0,0.0,0.0,0.0,0.0,0.0,0,0
Zambia,2014,0,0,0,0.0,0.0,0.0,0.0,0.0,0,0
Zambia,2015,0,0,0,0.0,0.0,0.0,0.0,0.0,0,0
Zambia,2016,0,0,0,0.0,0.0,0.0,0.0,0.0,0,0
Zambia,2017,0,0,0,0.0,0.0,0.0,0.0,0.0,0,0
Zambia,2018,0,0,0,0.0,0.0,0.0,0.0,0.0,0,0
Zambia,2019,0,0,0,0.0,0.0,0.0,0.0,0.0,0,0
Zambia,2020,0,0,0,0.0,0.0,0.0,0.0,0.0,0,0
Zambia,2021,0,0,0,0.0,0.0,0.0,0.0,0.0,0,0
Zambia,2022,0,0,0,0.0,0.0,0.0,0.0,0.0,0,0
Zambia,2023,0,0,0,0.0,0.0,0.0,0.0,0.0,0,0
Zimbabwe (Rhodesia),1989,37,3,1,0.0,0.0,0.0,0.0,0.0,1,0
Zimbabwe (Rhodesia),1990,14,3,0,1.0,37.0,1.0,37.0,0.0,0,0
Zimbabwe (Rhodesia),1991,0,0,0,0.0,14.0,0.5,25.5,-3.0,0,0
Zimbabwe (Rhodesia),1992,0,0,0,0.0,0.0,0.3333333333333333,17.0,0.0,0,0
Zimbabwe (Rhodesia),1993,0,0,0,0.0,0.0,0.0,4.666666666666667,0.0,0,0
Zimbabwe (Rhodesia),1994,0,0,0,0.0,0.0,0.0,0.0,0.0,0,0
Zimbabwe (Rhodesia),1995,4,2,0,0.0,0.0,0.0,0.0,2.0,0,0
Zimbabwe (Rhodesia),1996,0,0,0,0.0,4.0,0.0,1.3333333333333333,-2.0,0,0
Zimbabwe (Rhodesia),1997,0,0,0,0.0,0.0,0.0,1.3333333333333333,0.0,0,0
Zimbabwe (Rhodesia),1998,1,1,0,0.0,0.0,0.0,1.3333333333333333,1.0,0,0
Zimbabwe (Rhodesia),1999,1,1,0,0.0,1.0,0.0,0.3333333333333333,0.0,0,0
Zimbabwe (Rhodesia),2000,0,0,0,0.0,1.0,0.0,0.6666666666666666,-1.0,0,0
Zimbabwe (Rhodesia),2001,0,1,0,0.0,0.0,0.0,0.6666666666666666,1.0,0,0
Zimbabwe (Rhodesia),2002,0,0,0,0.0,0.0,0.0,0.3333333333333333,-1.0,0,0
Zimbabwe (Rhodesia),2003,0,1,0,0.0,0.0,0.0,0.0,1.0,0,0
Zimbabwe (Rhodesia),2004,0,0,0,0.0,0.0,0.0,0.0,-1.0,0,0
Zimbabwe (Rhodesia),2005,0,0,0,0.0,0.0,0.0,0.0,0.0,0,0
Zimbabwe (Rhodesia),2006,0,0,0,0.0,0.0,0.0,0.0,0.0,0,0
Zimbabwe (Rhodesia),2007,0,2,0,0.0,0.0,0.0,0.0,2.0,0,1
Zimbabwe (Rhodesia),2008,253,40,1,0.0,0.0,0.0,0.0,38.0,1,0
Zimbabwe (Rhodesia),2009,0,1,0,1.0,253.0,0.3333333333333333,84.33333333333333,-39.0,0,0
Zimbabwe (Rhodesia),2010,0,0,0,0.0,0.0,0.3333333333333333,84.33333333333333,-1.0,0,0
Zimbabwe (Rhodesia),2011,1,1,0,0.0,0.0,0.3333333333333333,84.33333333333333,1.0,0,0
Zimbabwe (Rhodesia),2012,1,1,0,0.0,1.0,0.0,0.3333333333333333,0.0,0,0
Zimbabwe (Rhodesia),2013,0,0,0,0.0,1.0,0.0,0.6666666666666666,-1.0,0,0
Zimbabwe (Rhodesia),2014,0,0,0,0.0,0.0,0.0,0.6666666666666666,0.0,0,0
Zimbabwe (Rhodesia),2015,0,0,0,0.0,0.0,0.0,0.3333333333333333,0.0,0,0
Zimbabwe (Rhodesia),2016,0,0,0,0.0,0.0,0.0,0.0,0.0,0,0
Zimbabwe (Rhodesia),2017,0,0,0,0.0,0.0,0.0,0.0,0.0,0,0
Zimbabwe (Rhodesia),2018,4,2,0,0.0,0.0,0.0,0.0,2.0,0,0
Zimbabwe (Rhodesia),2019,8,8,0,0.0,4.0,0.0,1.3333333333333333,6.0,0,0
Zimbabwe (Rhodesia),2020,2,1,0,0.0,8.0,0.0,4.0,-7.0,0,0
Zimbabwe (Rhodesia),2021,0,0,0,0.0,2.0,0.0,4.666666666666667,-1.0,0,0
Zimbabwe (Rhodesia),2022,0,0,0,0.0,0.0,0.0,3.3333333333333335,0.0,0,0
Zimbabwe (Rhodesia),2023,0,0,0,0.0,0.0,0.0,0.6666666666666666,0.0,0,0
