Country,Year,total_deaths,conflict_events,Conflict,prev_conflict,prev_year_deaths,rolling_conflict_3yr,rolling_deaths_3yr,event_change,conflict_streak,Future_Conflict,Conflict_Probability,Risk_Level
Afghanistan,1989,5411,145,1,0.0,0.0,0.0,0.0,0.0,1,1,0.8223020940359717,Critical
Afghanistan,1990,1514,45,1,1.0,5411.0,1.0,5411.0,-100.0,2,1,0.9680137559548141,Critical
Afghanistan,1991,3553,64,1,1.0,1514.0,1.0,3462.5,19.0,3,1,0.9552644160899252,Critical
Afghanistan,1992,4385,76,1,1.0,3553.0,1.0,3492.6666666666665,12.0,4,1,0.9767469026387232,Critical
Afghanistan,1993,4105,115,1,1.0,4385.0,1.0,3150.6666666666665,39.0,5,1,0.9965025630622559,Critical
Afghanistan,1994,9056,244,1,1.0,4105.0,1.0,4014.3333333333335,129.0,6,1,0.9970295161274437,Critical
Afghanistan,1995,5618,219,1,1.0,9056.0,1.0,5848.666666666667,-25.0,7,1,0.9847826487382956,Critical
Afghanistan,1996,3595,234,1,1.0,5618.0,1.0,6259.666666666667,15.0,8,1,0.993233210313659,Critical
Afghanistan,1997,6721,199,1,1.0,3595.0,1.0,6089.666666666667,-35.0,9,1,0.9855889128980176,Critical
Afghanistan,1998,12174,217,1,1.0,6721.0,1.0,5311.333333333333,18.0,10,1,0.9952443200451522,Critical
Afghanistan,1999,5065,189,1,1.0,12174.0,1.0,7496.666666666667,-28.0,11,1,0.9801864742152261,Critical
Afghanistan,2000,5394,207,1,1.0,5065.0,1.0,7986.666666666667,18.0,12,1,0.9955336890906968,Critical
Afghanistan,2001,5553,263,1,1.0,5394.0,1.0,7544.333333333333,56.0,13,1,0.9955092357353201,Critical
Afghanistan,2002,1157,94,1,1.0,5553.0,1.0,5337.333333333333,-169.0,14,1,0.989692867062542,Critical
Afghanistan,2003,944,186,1,1.0,1157.0,1.0,4034.6666666666665,92.0,15,1,0.9972846092768833,Critical
Afghanistan,2004,817,241,1,1.0,944.0,1.0,2551.333333333333,55.0,16,1,0.9971999084434464,Critical
Afghanistan,2005,1711,430,1,1.0,817.0,1.0,972.6666666666666,189.0,17,1,0.9970916880179813,Critical
Afghanistan,2006,4982,848,1,1.0,1711.0,1.0,1157.3333333333333,418.0,18,1,0.9981478119188599,Critical
Afghanistan,2007,7037,1044,1,1.0,4982.0,1.0,2503.333333333333,196.0,19,1,0.9983608279744577,Critical
Afghanistan,2008,5661,1115,1,1.0,7037.0,1.0,4576.666666666667,71.0,20,1,0.9986535077267431,Critical
Afghanistan,2009,6499,1514,1,1.0,5661.0,1.0,5893.333333333333,399.0,21,1,0.998706129084256,Critical
Afghanistan,2010,7151,1806,1,1.0,6499.0,1.0,6399.0,292.0,22,1,0.998706129084256,Critical
Afghanistan,2011,7563,2197,1,1.0,7151.0,1.0,6437.0,391.0,23,1,0.998706129084256,Critical
Afghanistan,2012,7783,2301,1,1.0,7563.0,1.0,7071.0,104.0,24,1,0.998706129084256,Critical
Afghanistan,2013,8131,1926,1,1.0,7783.0,1.0,7499.0,-375.0,25,1,0.9838830350070511,Critical
Afghanistan,2014,12549,2119,1,1.0,8131.0,1.0,7825.666666666667,193.0,26,1,0.9956035970222739,Critical
Afghanistan,2015,18018,2266,1,1.0,12549.0,1.0,9487.666666666666,147.0,27,1,0.999048063359568,Critical
Afghanistan,2016,19025,2428,1,1.0,18018.0,1.0,12899.333333333334,162.0,28,1,0.999048063359568,Critical
Afghanistan,2017,19784,2482,1,1.0,19025.0,1.0,16530.666666666668,54.0,29,1,0.999048063359568,Critical
Afghanistan,2018,26895,3724,1,1.0,19784.0,1.0,18942.33333333333,1242.0,30,1,0.999048063359568,Critical
Afghanistan,2019,30435,4682,1,1.0,26895.0,1.0,21901.33333333333,958.0,31,1,0.999048063359568,Critical
Afghanistan,2020,20834,3317,1,1.0,30435.0,1.0,25704.666666666668,-1365.0,32,1,0.9897159425330829,Critical
Afghanistan,2021,36386,4512,1,1.0,20834.0,1.0,26054.666666666668,1195.0,33,1,0.999048063359568,Critical
Afghanistan,2022,1574,416,1,1.0,36386.0,1.0,29218.33333333333,-4096.0,34,1,0.9897159425330829,Critical
Afghanistan,2023,360,176,1,1.0,1574.0,1.0,19598.0,-240.0,35,1,0.9822769901660369,Critical
Albania,1989,0,0,0,0.0,0.0,0.0,0.0,0.0,0,0,0.07155524891198818,Low
Albania,1990,0,0,0,0.0,0.0,0.0,0.0,0.0,0,0,0.07155524891198818,Low
Albania,1991,0,0,0,0.0,0.0,0.0,0.0,0.0,0,0,0.07155524891198818,Low
Albania,1992,0,0,0,0.0,0.0,0.0,0.0,0.0,0,0,0.07155524891198818,Low
Albania,1993,0,0,0,0.0,0.0,0.0,0.0,0.0,0,0,0.07155524891198818,Low
Albania,1994,0,0,0,0.0,0.0,0.0,0.0,0.0,0,0,0.07155524891198818,Low
Albania,1995,0,0,0,0.0,0.0,0.0,0.0,0.0,0,0,0.07155524891198818,Low
Albania,1996,0,0,0,0.0,0.0,0.0,0.0,0.0,0,0,0.07155524891198818,Low
Albania,1997,0,0,0,0.0,0.0,0.0,0.0,0.0,0,0,0.07155524891198818,Low
Albania,1998,0,0,0,0.0,0.0,0.0,0.0,0.0,0,1,0.07155524891198818,Low
Albania,1999,26,10,1,0.0,0.0,0.0,0.0,10.0,1,0,0.4070792985395843,Medium
Albania,2000,0,0,0,1.0,26.0,0.3333333333333333,8.666666666666666,-10.0,0,0,0.1758709710839839,Low
Albania,2001,0,0,0,0.0,0.0,0.3333333333333333,8.666666666666666,0.0,0,0,0.10250039947000317,Low
Albania,2002,0,0,0,0.0,0.0,0.3333333333333333,8.666666666666666,0.0,0,0,0.10250039947000317,Low
Albania,2003,0,0,0,0.0,0.0,0.0,0.0,0.0,0,0,0.07155524891198818,Low
Albania,2004,0,0,0,0.0,0.0,0.0,0.0,0.0,0,0,0.07155524891198818,Low
Albania,2005,0,0,0,0.0,0.0,0.0,0.0,0.0,0,0,0.07155524891198818,Low
Albania,2006,0,0,0,0.0,0.0,0.0,0.0,0.0,0,0,0.07155524891198818,Low
Albania,2007,0,0,0,0.0,0.0,0.0,0.0,0.0,0,0,0.07155524891198818,Low
Albania,2008,0,0,0,0.0,0.0,0.0,0.0,0.0,0,0,0.07155524891198818,Low
Albania,2009,0,0,0,0.0,0.0,0.0,0.0,0.0,0,0,0.07155524891198818,Low
Albania,2010,0,0,0,0.0,0.0,0.0,0.0,0.0,0,0,0.07155524891198818,Low
Albania,2011,0,0,0,0.0,0.0,0.0,0.0,0.0,0,0,0.07155524891198818,Low
Albania,2012,0,0,0,0.0,0.0,0.0,0.0,0.0,0,0,0.07155524891198818,Low
Albania,2013,0,0,0,0.0,0.0,0.0,0.0,0.0,0,0,0.07155524891198818,Low
Albania,2014,0,0,0,0.0,0.0,0.0,0.0,0.0,0,0,0.07155524891198818,Low
Albania,2015,0,0,0,0.0,0.0,0.0,0.0,0.0,0,0,0.07155524891198818,Low
Albania,2016,0,0,0,0.0,0.0,0.0,0.0,0.0,0,0,0.07155524891198818,Low
Albania,2017,0,0,0,0.0,0.0,0.0,0.0,0.0,0,0,0.07155524891198818,Low
Albania,2018,0,0,0,0.0,0.0,0.0,0.0,0.0,0,0,0.07155524891198818,Low
Albania,2019,0,0,0,0.0,0.0,0.0,0.0,0.0,0,0,0.07155524891198818,Low
Albania,2020,0,0,0,0.0,0.0,0.0,0.0,0.0,0,0,0.07155524891198818,Low
Albania,2021,0,0,0,0.0,0.0,0.0,0.0,0.0,0,0,0.07155524891198818,Low
Albania,2022,0,0,0,0.0,0.0,0.0,0.0,0.0,0,0,0.07155524891198818,Low
Albania,2023,0,0,0,0.0,0.0,0.0,0.0,0.0,0,0,0.07155524891198818,Low
Algeria,1989,0,0,0,0.0,0.0,0.0,0.0,0.0,0,0,0.07155524891198818,Low
Algeria,1990,1,1,0,0.0,0.0,0.0,0.0,1.0,0,1,0.2020203200114487,Low
Algeria,1991,34,4,1,0.0,1.0,0.0,0.5,3.0,1,1,0.5896471095390112,High
Algeria,1992,274,120,1,1.0,34.0,0.3333333333333333,11.666666666666666,116.0,2,1,0.884019805380377,Critical
Algeria,1993,826,269,1,1.0,274.0,0.6666666666666666,103.0,149.0,3,1,0.9798550954205408,Critical
Algeria,1994,1943,350,1,1.0,826.0,1.0,378.0,81.0,4,1,0.985065425343839,Critical
Algeria,1995,3059,394,1,1.0,1943.0,1.0,1014.3333333333334,44.0,5,1,0.9955523024478932,Critical
Algeria,1996,1091,123,1,1.0,3059.0,1.0,1942.6666666666667,-271.0,6,1,0.9852218490359466,Critical
Algeria,1997,2008,128,1,1.0,1091.0,1.0,2031.0,5.0,7,1,0.9887692139383436,Critical
Algeria,1998,3284,383,1,1.0,2008.0,1.0,2052.6666666666665,255.0,8,1,0.9968365124992744,Critical
Algeria,1999,1168,226,1,1.0,3284.0,1.0,2127.6666666666665,-157.0,9,1,0.9855708482699419,Critical
Algeria,2000,1193,252,1,1.0,1168.0,1.0,2153.333333333333,26.0,10,1,0.9920838883606575,Critical
Algeria,2001,674,80,1,1.0,1193.0,1.0,1881.6666666666667,-172.0,11,1,0.9768681661299464,Critical
Algeria,2002,1058,225,1,1.0,674.0,1.0,1011.6666666666666,145.0,12,1,0.9971140148179444,Critical
Algeria,2003,714,209,1,1.0,1058.0,1.0,975.0,-16.0,13,1,0.9789234371480366,Critical
Algeria,2004,500,219,1,1.0,714.0,1.0,815.3333333333334,10.0,14,1,0.995230549509931,Critical
Algeria,2005,232,72,1,1.0,500.0,1.0,757.3333333333334,-147.0,15,1,0.9813410057871105,Critical
Algeria,2006,292,91,1,1.0,232.0,1.0,482.0,19.0,16,1,0.9913909063296777,Critical
Algeria,2007,495,128,1,1.0,292.0,1.0,341.3333333333333,37.0,17,1,0.9975317100489138,Critical
Algeria,2008,345,111,1,1.0,495.0,1.0,339.6666666666667,-17.0,18,1,0.9880979289266838,Critical
Algeria,2009,541,191,1,1.0,345.0,1.0,377.3333333333333,80.0,19,1,0.9980127260028382,Critical
Algeria,2010,252,92,1,1.0,541.0,1.0,460.3333333333333,-99.0,20,1,0.9889015506246541,Critical
Algeria,2011,276,125,1,1.0,252.0,1.0,379.3333333333333,33.0,21,1,0.9979593430313086,Critical
Algeria,2012,264,124,1,1.0,276.0,1.0,356.3333333333333,-1.0,22,1,0.9891559571180917,Critical
Algeria,2013,222,73,1,1.0,264.0,1.0,264.0,-51.0,23,1,0.9841664285143099,Critical
Algeria,2014,111,43,1,1.0,222.0,1.0,254.0,-30.0,24,1,0.9803335263521342,Critical
Algeria,2015,110,46,1,1.0,111.0,1.0,199.0,3.0,25,1,0.9802295551911826,Critical
Algeria,2016,89,27,1,1.0,110.0,1.0,147.66666666666666,-19.0,26,1,0.9757484066585941,Critical
Algeria,2017,77,26,1,1.0,89.0,1.0,103.33333333333331,-1.0,27,1,0.9793904389591009,Critical
Algeria,2018,35,10,1,1.0,77.0,1.0,92.0,-16.0,28,0,0.8723530154794477,Critical
Algeria,2019,15,9,0,1.0,35.0,1.0,67.0,-1.0,0,1,0.6589314325929325,High
Algeria,2020,28,17,1,0.0,15.0,0.6666666666666666,42.333333333333336,8.0,1,0,0.6401563114342866,High
Algeria,2021,18,6,0,1.0,28.0,0.6666666666666666,26.0,-11.0,0,0,0.26383636871433114,Medium
Algeria,2022,14,3,0,0.0,18.0,0.3333333333333333,20.33333333333333,-3.0,0,0,0.2307032949804399,Low
Algeria,2023,1,1,0,0.0,14.0,0.3333333333333333,20.0,-2.0,0,0,0.29906701488881327,Medium
Angola,1989,2873,260,1,0.0,0.0,0.0,0.0,0.0,1,1,0.8223020940359717,Critical
Angola,1990,2609,181,1,1.0,2873.0,1.0,2873.0,-79.0,2,1,0.9615810985683991,Critical
Angola,1991,516,19,1,1.0,2609.0,1.0,2741.0,-162.0,3,1,0.9481424082278125,Critical
Angola,1992,2352,38,1,1.0,516.0,1.0,1999.3333333333333,19.0,4,1,0.987724651367672,Critical
Angola,1993,12398,220,1,1.0,2352.0,1.0,1825.6666666666667,182.0,5,1,0.996118579005205,Critical
Angola,1994,4009,320,1,1.0,12398.0,1.0,5088.666666666667,100.0,6,1,0.9939254441179819,Critical
Angola,1995,238,76,1,1.0,4009.0,1.0,6253.0,-244.0,7,1,0.9853445501365834,Critical
Angola,1996,32,28,1,1.0,238.0,1.0,5548.333333333333,-48.0,8,1,0.9526661789780112,Critical
Angola,1997,105,35,1,1.0,32.0,1.0,1426.3333333333333,7.0,9,1,0.8364120717335174,Critical
Angola,1998,1191,110,1,1.0,105.0,1.0,125.0,75.0,10,1,0.9915866691218933,Critical
Angola,1999,2666,245,1,1.0,1191.0,1.0,442.6666666666667,135.0,11,1,0.9799006725556795,Critical
Angola,2000,1209,130,1,1.0,2666.0,1.0,1320.6666666666667,-115.0,12,1,0.9852008431585211,Critical
Angola,2001,2158,124,1,1.0,1209.0,1.0,1688.6666666666667,-6.0,13,1,0.975770479845448,Critical
Angola,2002,579,69,1,1.0,2158.0,1.0,2011.0,-55.0,14,1,0.9878698489972373,Critical
Angola,2003,84,37,1,1.0,579.0,1.0,1315.3333333333333,-32.0,15,1,0.9878872243727286,Critical
Angola,2004,38,19,1,1.0,84.0,1.0,940.3333333333334,-18.0,16,0,0.6870233259412256,High
Angola,2005,15,13,0,1.0,38.0,1.0,233.66666666666663,-6.0,0,0,0.40940286363945916,Medium
Angola,2006,3,12,0,0.0,15.0,0.6666666666666666,45.66666666666666,-1.0,0,1,0.4586919705430821,Medium
Angola,2007,26,22,1,0.0,3.0,0.3333333333333333,18.666666666666668,10.0,1,0,0.4581478176745813,Medium
Angola,2008,4,9,0,1.0,26.0,0.3333333333333333,14.666666666666666,-13.0,0,1,0.3962830978661298,Medium
Angola,2009,25,9,1,0.0,4.0,0.3333333333333333,11.0,0.0,1,0,0.3785321099861286,Medium
Angola,2010,10,4,0,1.0,25.0,0.6666666666666666,18.33333333333333,-5.0,0,0,0.21140280663012156,Low
Angola,2011,1,2,0,0.0,10.0,0.3333333333333333,13.0,-2.0,0,0,0.27216713867613523,Medium
Angola,2012,0,0,0,0.0,1.0,0.3333333333333333,12.0,-2.0,0,0,0.16639216749101268,Low
Angola,2013,2,1,0,0.0,0.0,0.0,3.6666666666666665,1.0,0,0,0.3274637362652375,Medium
Angola,2014,0,6,0,0.0,2.0,0.0,1.0,5.0,0,0,0.34884795263585405,Medium
Angola,2015,1,2,0,0.0,0.0,0.0,0.6666666666666666,-4.0,0,1,0.09232485122102618,Low
Angola,2016,26,18,1,0.0,1.0,0.0,1.0,16.0,1,1,0.7823255902048157,Critical
Angola,2017,26,24,1,1.0,26.0,0.3333333333333333,9.0,6.0,2,0,0.46823122290415947,Medium
Angola,2018,24,6,0,1.0,26.0,0.6666666666666666,17.666666666666668,-18.0,0,1,0.5718275906149317,High
Angola,2019,26,11,1,0.0,24.0,0.6666666666666666,25.33333333333333,5.0,1,1,0.7218164236629915,High
Angola,2020,29,26,1,1.0,26.0,0.6666666666666666,25.33333333333333,15.0,2,0,0.8319219922360684,Critical
Angola,2021,13,4,0,1.0,29.0,0.6666666666666666,26.33333333333333,-22.0,0,0,0.4250090226623126,Medium
Angola,2022,21,17,0,0.0,13.0,0.6666666666666666,22.666666666666668,13.0,0,0,0.3027647565911314,Medium
Angola,2023,0,1,0,0.0,21.0,0.3333333333333333,21.0,-16.0,0,1,0.5227768242065474,High
Argentina,1989,0,0,0,0.0,0.0,0.0,0.0,0.0,0,0,0.07155524891198818,Low
Argentina,1990,0,0,0,0.0,0.0,0.0,0.0,0.0,0,0,0.07155524891198818,Low
Argentina,1991,0,0,0,0.0,0.0,0.0,0.0,0.0,0,0,0.07155524891198818,Low
Argentina,1992,0,1,0,0.0,0.0,0.0,0.0,1.0,0,0,0.2020203200114487,Low
Argentina,1993,0,0,0,0.0,0.0,0.0,0.0,-1.0,0,1,0.1307577716278981,Low
Argentina,1994,86,1,1,0.0,0.0,0.0,0.0,1.0,1,0,0.5343815338445682,High
Argentina,1995,0,0,0,1.0,86.0,0.3333333333333333,28.666666666666668,-1.0,0,0,0.20694464279112484,Low
Argentina,1996,0,0,0,0.0,0.0,0.3333333333333333,28.666666666666668,0.0,0,0,0.03850212975056352,Low
Argentina,1997,0,0,0,0.0,0.0,0.3333333333333333,28.666666666666668,0.0,0,0,0.03850212975056352,Low
Argentina,1998,0,0,0,0.0,0.0,0.0,0.0,0.0,0,0,0.07155524891198818,Low
Argentina,1999,0,0,0,0.0,0.0,0.0,0.0,0.0,0,0,0.07155524891198818,Low
Argentina,2000,0,0,0,0.0,0.0,0.0,0.0,0.0,0,0,0.07155524891198818,Low
Argentina,2001,0,0,0,0.0,0.0,0.0,0.0,0.0,0,0,0.07155524891198818,Low
Argentina,2002,0,0,0,0.0,0.0,0.0,0.0,0.0,0,0,0.07155524891198818,Low
Argentina,2003,0,0,0,0.0,0.0,0.0,0.0,0.0,0,0,0.07155524891198818,Low
Argentina,2004,0,0,0,0.0,0.0,0.0,0.0,0.0,0,0,0.07155524891198818,Low
Argentina,2005,0,0,0,0.0,0.0,0.0,0.0,0.0,0,0,0.07155524891198818,Low
Argentina,2006,0,0,0,0.0,0.0,0.0,0.0,0.0,0,0,0.07155524891198818,Low
Argentina,2007,0,0,0,0.0,0.0,0.0,0.0,0.0,0,0,0.07155524891198818,Low
Argentina,2008,0,0,0,0.0,0.0,0.0,0.0,0.0,0,0,0.07155524891198818,Low
Argentina,2009,0,0,0,0.0,0.0,0.0,0.0,0.0,0,0,0.07155524891198818,Low
Argentina,2010,0,0,0,0.0,0.0,0.0,0.0,0.0,0,0,0.07155524891198818,Low
Argentina,2011,0,0,0,0.0,0.0,0.0,0.0,0.0,0,0,0.07155524891198818,Low
Argentina,2012,0,0,0,0.0,0.0,0.0,0.0,0.0,0,0,0.07155524891198818,Low
Argentina,2013,0,0,0,0.0,0.0,0.0,0.0,0.0,0,0,0.07155524891198818,Low
Argentina,2014,0,0,0,0.0,0.0,0.0,0.0,0.0,0,0,0.07155524891198818,Low
Argentina,2015,0,0,0,0.0,0.0,0.0,0.0,0.0,0,0,0.07155524891198818,Low
Argentina,2016,0,0,0,0.0,0.0,0.0,0.0,0.0,0,0,0.07155524891198818,Low
Argentina,2017,0,0,0,0.0,0.0,0.0,0.0,0.0,0,0,0.07155524891198818,Low
Argentina,2018,0,0,0,0.0,0.0,0.0,0.0,0.0,0,0,0.07155524891198818,Low
Argentina,2019,0,0,0,0.0,0.0,0.0,0.0,0.0,0,0,0.07155524891198818,Low
Argentina,2020,0,0,0,0.0,0.0,0.0,0.0,0.0,0,0,0.07155524891198818,Low
Argentina,2021,0,0,0,0.0,0.0,0.0,0.0,0.0,0,0,0.07155524891198818,Low
Argentina,2022,0,0,0,0.0,0.0,0.0,0.0,0.0,0,0,0.07155524891198818,Low
Argentina,2023,0,0,0,0.0,0.0,0.0,0.0,0.0,0,0,0.07155524891198818,Low
Armenia,1989,0,0,0,0.0,0.0,0.0,0.0,0.0,0,0,0.07155524891198818,Low
Armenia,1990,0,0,0,0.0,0.0,0.0,0.0,0.0,0,0,0.07155524891198818,Low
Armenia,1991,0,0,0,0.0,0.0,0.0,0.0,0.0,0,1,0.07155524891198818,Low
Armenia,1992,85,9,1,0.0,0.0,0.0,0.0,9.0,1,1,0.4815946127053407,Medium
Armenia,1993,37,7,1,1.0,85.0,0.3333333333333333,28.33333333333333,-2.0,2,1,0.7008985905316616,High
Armenia,1994,30,1,1,1.0,37.0,0.6666666666666666,40.66666666666666,-6.0,3,0,0.570466190841163,High
Armenia,1995,7,5,0,1.0,30.0,1.0,50.66666666666666,4.0,0,0,0.7404179588229706,High
Armenia,1996,0,0,0,0.0,7.0,0.6666666666666666,24.666666666666668,-5.0,0,0,0.1286527647613705,Low
Armenia,1997,0,0,0,0.0,0.0,0.3333333333333333,12.333333333333334,0.0,0,0,0.042589081917392045,Low
Armenia,1998,0,0,0,0.0,0.0,0.0,2.333333333333333,0.0,0,0,0.20634890404888742,Low
Armenia,1999,0,0,0,0.0,0.0,0.0,0.0,0.0,0,0,0.07155524891198818,Low
Armenia,2000,0,0,0,0.0,0.0,0.0,0.0,0.0,0,0,0.07155524891198818,Low
Armenia,2001,0,0,0,0.0,0.0,0.0,0.0,0.0,0,0,0.07155524891198818,Low
Armenia,2002,0,0,0,0.0,0.0,0.0,0.0,0.0,0,0,0.07155524891198818,Low
Armenia,2003,0,0,0,0.0,0.0,0.0,0.0,0.0,0,0,0.07155524891198818,Low
Armenia,2004,0,0,0,0.0,0.0,0.0,0.0,0.0,0,0,0.07155524891198818,Low
Armenia,2005,1,1,0,0.0,0.0,0.0,0.0,1.0,0,0,0.2020203200114487,Low
Armenia,2006,2,2,0,0.0,1.0,0.0,0.3333333333333333,1.0,0,0,0.14504711020612582,Low
Armenia,2007,0,0,0,0.0,2.0,0.0,1.0,-2.0,0,0,0.12341657020059493,Low
Armenia,2008,0,0,0,0.0,0.0,0.0,1.0,0.0,0,0,0.1924230177346629,Low
Armenia,2009,0,0,0,0.0,0.0,0.0,0.6666666666666666,0.0,0,0,0.11405812144190554,Low
Armenia,2010,0,0,0,0.0,0.0,0.0,0.0,0.0,0,0,0.07155524891198818,Low
Armenia,2011,0,0,0,0.0,0.0,0.0,0.0,0.0,0,0,0.07155524891198818,Low
Armenia,2012,9,5,0,0.0,0.0,0.0,0.0,5.0,0,0,0.07088415122368724,Low
Armenia,2013,1,1,0,0.0,9.0,0.0,3.0,-4.0,0,0,0.07044421477062594,Low
Armenia,2014,0,0,0,0.0,1.0,0.0,3.333333333333333,-1.0,0,0,0.20069429734483732,Low
Armenia,2015,16,8,0,0.0,0.0,0.0,3.333333333333333,8.0,0,0,0.44274125281602805,Medium
Armenia,2016,4,1,0,0.0,16.0,0.0,5.666666666666667,-7.0,0,0,0.10868526803036525,Low
Armenia,2017,0,0,0,0.0,4.0,0.0,6.666666666666667,-1.0,0,0,0.24594509534816278,Low
Armenia,2018,1,1,0,0.0,0.0,0.0,6.666666666666667,1.0,0,0,0.29424656030845964,Medium
Armenia,2019,2,2,0,0.0,1.0,0.0,1.6666666666666667,1.0,0,0,0.26082511822206206,Medium
Armenia,2020,10,8,0,0.0,2.0,0.0,1.0,6.0,0,0,0.26590428179822634,Medium
Armenia,2021,10,8,0,0.0,10.0,0.0,4.333333333333333,0.0,0,1,0.3430307894698734,Medium
Armenia,2022,154,8,1,0.0,10.0,0.0,7.333333333333333,0.0,1,0,0.5960944378542401,High
Armenia,2023,20,10,0,1.0,154.0,0.3333333333333333,58.0,2.0,0,0,0.2210991146866435,Low
Australia,1989,0,0,0,0.0,0.0,0.0,0.0,0.0,0,0,0.07155524891198818,Low
Australia,1990,0,0,0,0.0,0.0,0.0,0.0,0.0,0,0,0.07155524891198818,Low
Australia,1991,0,0,0,0.0,0.0,0.0,0.0,0.0,0,0,0.07155524891198818,Low
Australia,1992,0,0,0,0.0,0.0,0.0,0.0,0.0,0,0,0.07155524891198818,Low
Australia,1993,0,0,0,0.0,0.0,0.0,0.0,0.0,0,0,0.07155524891198818,Low
Australia,1994,0,0,0,0.0,0.0,0.0,0.0,0.0,0,0,0.07155524891198818,Low
Australia,1995,0,0,0,0.0,0.0,0.0,0.0,0.0,0,0,0.07155524891198818,Low
Australia,1996,0,0,0,0.0,0.0,0.0,0.0,0.0,0,0,0.07155524891198818,Low
Australia,1997,0,0,0,0.0,0.0,0.0,0.0,0.0,0,0,0.07155524891198818,Low
Australia,1998,0,0,0,0.0,0.0,0.0,0.0,0.0,0,0,0.07155524891198818,Low
Australia,1999,0,0,0,0.0,0.0,0.0,0.0,0.0,0,0,0.07155524891198818,Low
Australia,2000,0,0,0,0.0,0.0,0.0,0.0,0.0,0,0,0.07155524891198818,Low
Australia,2001,0,0,0,0.0,0.0,0.0,0.0,0.0,0,0,0.07155524891198818,Low
Australia,2002,0,0,0,0.0,0.0,0.0,0.0,0.0,0,0,0.07155524891198818,Low
Australia,2003,0,0,0,0.0,0.0,0.0,0.0,0.0,0,0,0.07155524891198818,Low
Australia,2004,0,0,0,0.0,0.0,0.0,0.0,0.0,0,0,0.07155524891198818,Low
Australia,2005,0,0,0,0.0,0.0,0.0,0.0,0.0,0,0,0.07155524891198818,Low
Australia,2006,0,0,0,0.0,0.0,0.0,0.0,0.0,0,0,0.07155524891198818,Low
Australia,2007,0,0,0,0.0,0.0,0.0,0.0,0.0,0,0,0.07155524891198818,Low
Australia,2008,0,0,0,0.0,0.0,0.0,0.0,0.0,0,0,0.07155524891198818,Low
Australia,2009,0,0,0,0.0,0.0,0.0,0.0,0.0,0,0,0.07155524891198818,Low
Australia,2010,0,0,0,0.0,0.0,0.0,0.0,0.0,0,0,0.07155524891198818,Low
Australia,2011,0,0,0,0.0,0.0,0.0,0.0,0.0,0,0,0.07155524891198818,Low
Australia,2012,0,0,0,0.0,0.0,0.0,0.0,0.0,0,0,0.07155524891198818,Low
Australia,2013,0,0,0,0.0,0.0,0.0,0.0,0.0,0,0,0.07155524891198818,Low
Australia,2014,0,0,0,0.0,0.0,0.0,0.0,0.0,0,0,0.07155524891198818,Low
Australia,2015,0,0,0,0.0,0.0,0.0,0.0,0.0,0,0,0.07155524891198818,Low
Australia,2016,0,0,0,0.0,0.0,0.0,0.0,0.0,0,0,0.07155524891198818,Low
Australia,2017,0,0,0,0.0,0.0,0.0,0.0,0.0,0,0,0.07155524891198818,Low
Australia,2018,2,2,0,0.0,0.0,0.0,0.0,2.0,0,0,0.18758822948971413,Low
Australia,2019,0,0,0,0.0,2.0,0.0,0.6666666666666666,-2.0,0,0,0.13337412408881957,Low
Australia,2020,0,0,0,0.0,0.0,0.0,0.6666666666666666,0.0,0,0,0.11405812144190554,Low
Australia,2021,0,0,0,0.0,0.0,0.0,0.6666666666666666,0.0,0,0,0.11405812144190554,Low
Australia,2022,0,0,0,0.0,0.0,0.0,0.0,0.0,0,0,0.07155524891198818,Low
Australia,2023,0,0,0,0.0,0.0,0.0,0.0,0.0,0,0,0.07155524891198818,Low
Austria,1989,0,0,0,0.0,0.0,0.0,0.0,0.0,0,0,0.07155524891198818,Low
Austria,1990,0,0,0,0.0,0.0,0.0,0.0,0.0,0,0,0.07155524891198818,Low
Austria,1991,0,0,0,0.0,0.0,0.0,0.0,0.0,0,0,0.07155524891198818,Low
Austria,1992,0,0,0,0.0,0.0,0.0,0.0,0.0,0,0,0.07155524891198818,Low
Austria,1993,0,0,0,0.0,0.0,0.0,0.0,0.0,0,0,0.07155524891198818,Low
Austria,1994,0,0,0,0.0,0.0,0.0,0.0,0.0,0,0,0.07155524891198818,Low
Austria,1995,0,0,0,0.0,0.0,0.0,0.0,0.0,0,0,0.07155524891198818,Low
Austria,1996,0,0,0,0.0,0.0,0.0,0.0,0.0,0,0,0.07155524891198818,Low
Austria,1997,0,0,0,0.0,0.0,0.0,0.0,0.0,0,0,0.07155524891198818,Low
Austria,1998,0,0,0,0.0,0.0,0.0,0.0,0.0,0,0,0.07155524891198818,Low
Austria,1999,0,0,0,0.0,0.0,0.0,0.0,0.0,0,0,0.07155524891198818,Low
Austria,2000,0,0,0,0.0,0.0,0.0,0.0,0.0,0,0,0.07155524891198818,Low
Austria,2001,0,0,0,0.0,0.0,0.0,0.0,0.0,0,0,0.07155524891198818,Low
Austria,2002,0,0,0,0.0,0.0,0.0,0.0,0.0,0,0,0.07155524891198818,Low
Austria,2003,0,0,0,0.0,0.0,0.0,0.0,0.0,0,0,0.07155524891198818,Low
Austria,2004,0,0,0,0.0,0.0,0.0,0.0,0.0,0,0,0.07155524891198818,Low
Austria,2005,0,0,0,0.0,0.0,0.0,0.0,0.0,0,0,0.07155524891198818,Low
Austria,2006,0,0,0,0.0,0.0,0.0,0.0,0.0,0,0,0.07155524891198818,Low
Austria,2007,0,0,0,0.0,0.0,0.0,0.0,0.0,0,0,0.07155524891198818,Low
Austria,2008,0,0,0,0.0,0.0,0.0,0.0,0.0,0,0,0.07155524891198818,Low
Austria,2009,0,0,0,0.0,0.0,0.0,0.0,0.0,0,0,0.07155524891198818,Low
Austria,2010,0,0,0,0.0,0.0,0.0,0.0,0.0,0,0,0.07155524891198818,Low
Austria,2011,0,0,0,0.0,0.0,0.0,0.0,0.0,0,0,0.07155524891198818,Low
Austria,2012,0,0,0,0.0,0.0,0.0,0.0,0.0,0,0,0.07155524891198818,Low
Austria,2013,0,0,0,0.0,0.0,0.0,0.0,0.0,0,0,0.07155524891198818,Low
Austria,2014,0,0,0,0.0,0.0,0.0,0.0,0.0,0,0,0.07155524891198818,Low
Austria,2015,0,0,0,0.0,0.0,0.0,0.0,0.0,0,0,0.07155524891198818,Low
Austria,2016,0,0,0,0.0,0.0,0.0,0.0,0.0,0,0,0.07155524891198818,Low
Austria,2017,0,0,0,0.0,0.0,0.0,0.0,0.0,0,0,0.07155524891198818,Low
Austria,2018,0,0,0,0.0,0.0,0.0,0.0,0.0,0,0,0.07155524891198818,Low
Austria,2019,0,0,0,0.0,0.0,0.0,0.0,0.0,0,0,0.07155524891198818,Low
Austria,2020,4,1,0,0.0,0.0,0.0,0.0,1.0,0,0,0.2020203200114487,Low
Austria,2021,0,0,0,0.0,4.0,0.0,1.3333333333333333,-1.0,0,0,0.1511927892361622,Low
Austria,2022,0,0,0,0.0,0.0,0.0,1.3333333333333333,0.0,0,0,0.191773195624242,Low
Austria,2023,0,0,0,0.0,0.0,0.0,1.3333333333333333,0.0,0,0,0.191773195624242,Low
Azerbaijan,1989,0,0,0,0.0,0.0,0.0,0.0,0.0,0,0,0.07155524891198818,Low
Azerbaijan,1990,0,0,0,0.0,0.0,0.0,0.0,0.0,0,1,0.07155524891198818,Low
Azerbaijan,1991,35,3,1,0.0,0.0,0.0,0.0,3.0,1,1,0.5983763437101017,High
Azerbaijan,1992,2856,182,1,1.0,35.0,0.3333333333333333,11.666666666666666,179.0,2,1,0.8468781760167465,Critical
Azerbaijan,1993,1194,72,1,1.0,2856.0,0.6666666666666666,963.6666666666666,-110.0,3,1,0.9424879529132268,Critical
Azerbaijan,1994,1489,58,1,1.0,1194.0,1.0,1361.6666666666667,-14.0,4,1,0.9587972184319575,Critical
Azerbaijan,1995,55,10,1,1.0,1489.0,1.0,1846.3333333333333,-48.0,5,0,0.9808384450467027,Critical
Azerbaijan,1996,5,3,0,1.0,55.0,1.0,912.6666666666666,-7.0,0,1,0.7761008753904667,Critical
Azerbaijan,1997,29,3,1,0.0,5.0,0.6666666666666666,516.3333333333334,0.0,1,1,0.7534423945141207,Critical
Azerbaijan,1998,34,4,1,1.0,29.0,0.6666666666666666,29.666666666666668,1.0,2,0,0.6498770575985092,High
Azerbaijan,1999,18,6,0,1.0,34.0,0.6666666666666666,22.666666666666668,2.0,0,0,0.3508590986034244,Medium
Azerbaijan,2000,13,7,0,0.0,18.0,0.6666666666666666,27.0,1.0,0,0,0.2486027899581542,Low
Azerbaijan,2001,6,5,0,0.0,13.0,0.3333333333333333,21.666666666666668,-2.0,0,0,0.2787903147402565,Medium
Azerbaijan,2002,0,0,0,0.0,6.0,0.0,12.333333333333334,-5.0,0,0,0.15925143343353598,Low
Azerbaijan,2003,0,0,0,0.0,0.0,0.0,6.333333333333333,0.0,0,0,0.20152262086964845,Low
Azerbaijan,2004,8,3,0,0.0,0.0,0.0,2.0,3.0,0,0,0.40236318828992007,Medium
Azerbaijan,2005,24,22,0,0.0,8.0,0.0,2.6666666666666665,19.0,0,0,0.483786877672855,Medium
Azerbaijan,2006,5,8,0,0.0,24.0,0.0,10.666666666666666,-14.0,0,0,0.1845032136898787,Low
Azerbaijan,2007,12,11,0,0.0,5.0,0.0,12.333333333333334,3.0,0,1,0.6900120078709604,High
Azerbaijan,2008,30,7,1,0.0,12.0,0.0,13.666666666666666,-4.0,1,0,0.4447177477774287,Medium
Azerbaijan,2009,7,6,0,1.0,30.0,0.3333333333333333,15.666666666666666,-1.0,0,0,0.23416874343458327,Low
Azerbaijan,2010,20,14,0,0.0,7.0,0.3333333333333333,16.333333333333332,8.0,0,0,0.46770578195375123,Medium
Azerbaijan,2011,21,20,0,0.0,20.0,0.3333333333333333,19.0,6.0,0,0,0.4459549907103184,Medium
Azerbaijan,2012,16,12,0,0.0,21.0,0.0,16.0,-8.0,0,0,0.17028361997406444,Low
Azerbaijan,2013,11,10,0,0.0,16.0,0.0,19.0,-2.0,0,1,0.49290772508264374,Medium
Azerbaijan,2014,46,33,1,0.0,11.0,0.0,16.0,23.0,1,1,0.9220167954374027,Critical
Azerbaijan,2015,63,43,1,1.0,46.0,0.3333333333333333,24.33333333333333,10.0,2,1,0.5887855029396258,High
Azerbaijan,2016,137,31,1,1.0,63.0,0.6666666666666666,40.0,-12.0,3,1,0.8359994599506706,Critical
Azerbaijan,2017,36,21,1,1.0,137.0,1.0,82.0,-10.0,4,0,0.5311710862495673,High
Azerbaijan,2018,16,17,0,1.0,36.0,1.0,78.66666666666667,-4.0,0,0,0.4122180126749702,Medium
Azerbaijan,2019,9,10,0,0.0,16.0,0.6666666666666666,63.0,-7.0,0,1,0.2245531347125669,Low
Azerbaijan,2020,7636,141,1,0.0,9.0,0.3333333333333333,20.33333333333333,131.0,1,1,0.927740108002871,Critical
Azerbaijan,2021,30,18,1,1.0,7636.0,0.3333333333333333,2553.6666666666665,-123.0,2,1,0.9658661710027799,Critical
Azerbaijan,2022,154,9,1,1.0,30.0,0.6666666666666666,2558.333333333333,-9.0,3,1,0.7670710067692951,Critical
Azerbaijan,2023,442,11,1,1.0,154.0,1.0,2606.6666666666665,2.0,4,0,0.9428250537418836,Critical
Bahrain,1989,0,0,0,0.0,0.0,0.0,0.0,0.0,0,0,0.07155524891198818,Low
Bahrain,1990,0,0,0,0.0,0.0,0.0,0.0,0.0,0,0,0.07155524891198818,Low
Bahrain,1991,0,0,0,0.0,0.0,0.0,0.0,0.0,0,0,0.07155524891198818,Low
Bahrain,1992,0,0,0,0.0,0.0,0.0,0.0,0.0,0,0,0.07155524891198818,Low
Bahrain,1993,0,0,0,0.0,0.0,0.0,0.0,0.0,0,0,0.07155524891198818,Low
Bahrain,1994,0,0,0,0.0,0.0,0.0,0.0,0.0,0,0,0.07155524891198818,Low
Bahrain,1995,0,0,0,0.0,0.0,0.0,0.0,0.0,0,0,0.07155524891198818,Low
Bahrain,1996,0,0,0,0.0,0.0,0.0,0.0,0.0,0,0,0.07155524891198818,Low
Bahrain,1997,0,0,0,0.0,0.0,0.0,0.0,0.0,0,0,0.07155524891198818,Low
Bahrain,1998,0,0,0,0.0,0.0,0.0,0.0,0.0,0,0,0.07155524891198818,Low
Bahrain,1999,0,0,0,0.0,0.0,0.0,0.0,0.0,0,0,0.07155524891198818,Low
Bahrain,2000,0,0,0,0.0,0.0,0.0,0.0,0.0,0,0,0.07155524891198818,Low
Bahrain,2001,0,0,0,0.0,0.0,0.0,0.0,0.0,0,0,0.07155524891198818,Low
Bahrain,2002,0,0,0,0.0,0.0,0.0,0.0,0.0,0,0,0.07155524891198818,Low
Bahrain,2003,0,0,0,0.0,0.0,0.0,0.0,0.0,0,0,0.07155524891198818,Low
Bahrain,2004,0,0,0,0.0,0.0,0.0,0.0,0.0,0,0,0.07155524891198818,Low
Bahrain,2005,0,0,0,0.0,0.0,0.0,0.0,0.0,0,0,0.07155524891198818,Low
Bahrain,2006,0,0,0,0.0,0.0,0.0,0.0,0.0,0,0,0.07155524891198818,Low
Bahrain,2007,0,0,0,0.0,0.0,0.0,0.0,0.0,0,0,0.07155524891198818,Low
Bahrain,2008,0,0,0,0.0,0.0,0.0,0.0,0.0,0,0,0.07155524891198818,Low
Bahrain,2009,0,0,0,0.0,0.0,0.0,0.0,0.0,0,0,0.07155524891198818,Low
Bahrain,2010,0,0,0,0.0,0.0,0.0,0.0,0.0,0,1,0.07155524891198818,Low
Bahrain,2011,26,24,1,0.0,0.0,0.0,0.0,24.0,1,0,0.5775754596609682,High
Bahrain,2012,0,0,0,1.0,26.0,0.3333333333333333,8.666666666666666,-24.0,0,0,0.20833520007086884,Low
Bahrain,2013,0,0,0,0.0,0.0,0.3333333333333333,8.666666666666666,0.0,0,0,0.10250039947000317,Low
Bahrain,2014,0,0,0,0.0,0.0,0.3333333333333333,8.666666666666666,0.0,0,0,0.10250039947000317,Low
Bahrain,2015,0,0,0,0.0,0.0,0.0,0.0,0.0,0,0,0.07155524891198818,Low
Bahrain,2016,0,0,0,0.0,0.0,0.0,0.0,0.0,0,0,0.07155524891198818,Low
Bahrain,2017,0,0,0,0.0,0.0,0.0,0.0,0.0,0,0,0.07155524891198818,Low
Bahrain,2018,0,0,0,0.0,0.0,0.0,0.0,0.0,0,0,0.07155524891198818,Low
Bahrain,2019,0,0,0,0.0,0.0,0.0,0.0,0.0,0,0,0.07155524891198818,Low
Bahrain,2020,0,0,0,0.0,0.0,0.0,0.0,0.0,0,0,0.07155524891198818,Low
Bahrain,2021,0,0,0,0.0,0.0,0.0,0.0,0.0,0,0,0.07155524891198818,Low
Bahrain,2022,0,0,0,0.0,0.0,0.0,0.0,0.0,0,0,0.07155524891198818,Low
Bahrain,2023,0,0,0,0.0,0.0,0.0,0.0,0.0,0,0,0.07155524891198818,Low
Bangladesh,1989,81,20,1,0.0,0.0,0.0,0.0,0.0,1,1,0.8223020940359717,Critical
Bangladesh,1990,94,27,1,1.0,81.0,1.0,81.0,7.0,2,1,0.8753520153990737,Critical
Bangladesh,1991,107,36,1,1.0,94.0,1.0,87.5,9.0,3,1,0.9446349341650654,Critical
Bangladesh,1992,225,29,1,1.0,107.0,1.0,94.0,-7.0,4,1,0.8704450118841726,Critical
Bangladesh,1993,43,18,1,1.0,225.0,1.0,142.0,-11.0,5,1,0.9713581334964789,Critical
Bangladesh,1994,32,6,1,1.0,43.0,1.0,125.0,-12.0,6,0,0.5676147550168391,High
Bangladesh,1995,14,13,0,1.0,32.0,1.0,100.0,7.0,0,1,0.8792888251750166,Critical
Bangladesh,1996,46,23,1,0.0,14.0,0.6666666666666666,29.666666666666668,10.0,1,0,0.5019042376481968,High
Bangladesh,1997,16,11,0,1.0,46.0,0.6666666666666666,30.666666666666668,-12.0,0,0,0.39410834439702547,Medium
Bangladesh,1998,21,11,0,0.0,16.0,0.3333333333333333,25.33333333333333,0.0,0,0,0.29087635297784,Medium
Bangladesh,1999,14,19,0,0.0,21.0,0.3333333333333333,27.666666666666668,8.0,0,1,0.7070679940109611,High
Bangladesh,2000,105,8,1,0.0,14.0,0.0,17.0,-11.0,1,1,0.669386636525011,High
Bangladesh,2001,72,29,1,1.0,105.0,0.3333333333333333,46.66666666666666,21.0,2,0,0.7738743375225129,Critical
Bangladesh,2002,7,5,0,1.0,72.0,0.6666666666666666,63.66666666666666,-24.0,0,0,0.472888855242986,Medium
Bangladesh,2003,8,15,0,0.0,7.0,0.6666666666666666,61.333333333333336,10.0,0,1,0.8179805330385397,Critical
Bangladesh,2004,75,38,1,0.0,8.0,0.3333333333333333,29.0,23.0,1,1,0.9343869798406962,Critical
Bangladesh,2005,80,66,1,1.0,75.0,0.3333333333333333,30.0,28.0,2,1,0.9000472530496162,Critical
Bangladesh,2006,96,74,1,1.0,80.0,0.6666666666666666,54.333333333333336,8.0,3,0,0.7011556124511255,High
Bangladesh,2007,18,13,0,1.0,96.0,1.0,83.66666666666667,-61.0,0,0,0.3193433814135852,Medium
Bangladesh,2008,13,11,0,0.0,18.0,0.6666666666666666,64.66666666666667,-2.0,0,0,0.27242751164156676,Medium
Bangladesh,2009,10,9,0,0.0,13.0,0.3333333333333333,42.333333333333336,-2.0,0,0,0.3115492965580064,Medium
Bangladesh,2010,5,8,0,0.0,10.0,0.0,13.666666666666666,-1.0,0,0,0.3299074411778079,Medium
Bangladesh,2011,0,1,0,0.0,5.0,0.0,9.333333333333334,-7.0,0,0,0.14601171872045116,Low
Bangladesh,2012,2,2,0,0.0,0.0,0.0,5.0,1.0,0,1,0.41220804744212997,Medium
Bangladesh,2013,54,38,1,0.0,2.0,0.0,2.333333333333333,36.0,1,0,0.7484997308249725,High
Bangladesh,2014,2,2,0,1.0,54.0,0.3333333333333333,18.666666666666668,-36.0,0,0,0.1392810686148387,Low
Bangladesh,2015,10,8,0,0.0,2.0,0.3333333333333333,19.33333333333333,6.0,0,1,0.48870777713066027,Medium
Bangladesh,2016,73,25,1,0.0,10.0,0.3333333333333333,22.0,17.0,1,1,0.9000180402331567,Critical
Bangladesh,2017,48,23,1,1.0,73.0,0.3333333333333333,28.33333333333333,-2.0,2,1,0.7149858906589509,High
Bangladesh,2018,28,20,1,1.0,48.0,0.6666666666666666,43.66666666666666,-3.0,3,0,0.6209444511174418,High
Bangladesh,2019,3,3,0,1.0,28.0,1.0,49.66666666666666,-17.0,0,0,0.3870354557509309,Medium
Bangladesh,2020,5,5,0,0.0,3.0,0.6666666666666666,26.33333333333333,2.0,0,0,0.17946789107227604,Low
Bangladesh,2021,2,3,0,0.0,5.0,0.3333333333333333,12.0,-2.0,0,0,0.19563081642612717,Low
Bangladesh,2022,13,9,0,0.0,2.0,0.0,3.333333333333333,6.0,0,0,0.2636570410999673,Medium
Bangladesh,2023,12,11,0,0.0,13.0,0.0,6.666666666666667,2.0,0,1,0.6986593344959038,High
Belgium,1989,0,0,0,0.0,0.0,0.0,0.0,0.0,0,0,0.07155524891198818,Low
Belgium,1990,0,0,0,0.0,0.0,0.0,0.0,0.0,0,0,0.07155524891198818,Low
Belgium,1991,0,0,0,0.0,0.0,0.0,0.0,0.0,0,0,0.07155524891198818,Low
Belgium,1992,0,0,0,0.0,0.0,0.0,0.0,0.0,0,0,0.07155524891198818,Low
Belgium,1993,0,0,0,0.0,0.0,0.0,0.0,0.0,0,0,0.07155524891198818,Low
Belgium,1994,0,0,0,0.0,0.0,0.0,0.0,0.0,0,0,0.07155524891198818,Low
Belgium,1995,0,0,0,0.0,0.0,0.0,0.0,0.0,0,0,0.07155524891198818,Low
Belgium,1996,0,0,0,0.0,0.0,0.0,0.0,0.0,0,0,0.07155524891198818,Low
Belgium,1997,0,0,0,0.0,0.0,0.0,0.0,0.0,0,0,0.07155524891198818,Low
Belgium,1998,0,0,0,0.0,0.0,0.0,0.0,0.0,0,0,0.07155524891198818,Low
Belgium,1999,0,0,0,0.0,0.0,0.0,0.0,0.0,0,0,0.07155524891198818,Low
Belgium,2000,0,0,0,0.0,0.0,0.0,0.0,0.0,0,0,0.07155524891198818,Low
Belgium,2001,0,0,0,0.0,0.0,0.0,0.0,0.0,0,0,0.07155524891198818,Low
Belgium,2002,0,0,0,0.0,0.0,0.0,0.0,0.0,0,0,0.07155524891198818,Low
Belgium,2003,0,0,0,0.0,0.0,0.0,0.0,0.0,0,0,0.07155524891198818,Low
Belgium,2004,0,0,0,0.0,0.0,0.0,0.0,0.0,0,0,0.07155524891198818,Low
Belgium,2005,0,0,0,0.0,0.0,0.0,0.0,0.0,0,0,0.07155524891198818,Low
Belgium,2006,0,0,0,0.0,0.0,0.0,0.0,0.0,0,0,0.07155524891198818,Low
Belgium,2007,0,0,0,0.0,0.0,0.0,0.0,0.0,0,0,0.07155524891198818,Low
Belgium,2008,0,0,0,0.0,0.0,0.0,0.0,0.0,0,0,0.07155524891198818,Low
Belgium,2009,0,0,0,0.0,0.0,0.0,0.0,0.0,0,0,0.07155524891198818,Low
Belgium,2010,0,0,0,0.0,0.0,0.0,0.0,0.0,0,0,0.07155524891198818,Low
Belgium,2011,0,0,0,0.0,0.0,0.0,0.0,0.0,0,0,0.07155524891198818,Low
Belgium,2012,0,0,0,0.0,0.0,0.0,0.0,0.0,0,0,0.07155524891198818,Low
Belgium,2013,0,0,0,0.0,0.0,0.0,0.0,0.0,0,0,0.07155524891198818,Low
Belgium,2014,0,0,0,0.0,0.0,0.0,0.0,0.0,0,0,0.07155524891198818,Low
Belgium,2015,0,0,0,0.0,0.0,0.0,0.0,0.0,0,1,0.07155524891198818,Low
Belgium,2016,34,3,1,0.0,0.0,0.0,0.0,3.0,1,0,0.5983763437101017,High
Belgium,2017,0,0,0,1.0,34.0,0.3333333333333333,11.333333333333334,-3.0,0,0,0.21022051829254643,Low
Belgium,2018,4,2,0,0.0,0.0,0.3333333333333333,11.333333333333334,2.0,0,0,0.42971578788996956,Medium
Belgium,2019,0,0,0,0.0,4.0,0.3333333333333333,12.666666666666666,-2.0,0,0,0.16849566075650874,Low
Belgium,2020,0,0,0,0.0,0.0,0.0,1.3333333333333333,0.0,0,0,0.191773195624242,Low
Belgium,2021,0,0,0,0.0,0.0,0.0,1.3333333333333333,0.0,0,0,0.191773195624242,Low
Belgium,2022,0,0,0,0.0,0.0,0.0,0.0,0.0,0,0,0.07155524891198818,Low
Belgium,2023,2,1,0,0.0,0.0,0.0,0.0,1.0,0,0,0.2020203200114487,Low
Benin,1989,0,0,0,0.0,0.0,0.0,0.0,0.0,0,0,0.07155524891198818,Low
Benin,1990,0,0,0,0.0,0.0,0.0,0.0,0.0,0,0,0.07155524891198818,Low
Benin,1991,0,0,0,0.0,0.0,0.0,0.0,0.0,0,0,0.07155524891198818,Low
Benin,1992,0,0,0,0.0,0.0,0.0,0.0,0.0,0,0,0.07155524891198818,Low
Benin,1993,0,0,0,0.0,0.0,0.0,0.0,0.0,0,0,0.07155524891198818,Low
Benin,1994,0,0,0,0.0,0.0,0.0,0.0,0.0,0,0,0.07155524891198818,Low
Benin,1995,0,0,0,0.0,0.0,0.0,0.0,0.0,0,0,0.07155524891198818,Low
Benin,1996,0,0,0,0.0,0.0,0.0,0.0,0.0,0,0,0.07155524891198818,Low
Benin,1997,0,0,0,0.0,0.0,0.0,0.0,0.0,0,0,0.07155524891198818,Low
Benin,1998,0,0,0,0.0,0.0,0.0,0.0,0.0,0,0,0.07155524891198818,Low
Benin,1999,0,0,0,0.0,0.0,0.0,0.0,0.0,0,0,0.07155524891198818,Low
Benin,2000,0,0,0,0.0,0.0,0.0,0.0,0.0,0,0,0.07155524891198818,Low
Benin,2001,0,0,0,0.0,0.0,0.0,0.0,0.0,0,0,0.07155524891198818,Low
Benin,2002,0,0,0,0.0,0.0,0.0,0.0,0.0,0,0,0.07155524891198818,Low
Benin,2003,0,0,0,0.0,0.0,0.0,0.0,0.0,0,0,0.07155524891198818,Low
Benin,2004,0,0,0,0.0,0.0,0.0,0.0,0.0,0,0,0.07155524891198818,Low
Benin,2005,0,0,0,0.0,0.0,0.0,0.0,0.0,0,0,0.07155524891198818,Low
Benin,2006,0,0,0,0.0,0.0,0.0,0.0,0.0,0,0,0.07155524891198818,Low
Benin,2007,0,0,0,0.0,0.0,0.0,0.0,0.0,0,0,0.07155524891198818,Low
Benin,2008,0,0,0,0.0,0.0,0.0,0.0,0.0,0,0,0.07155524891198818,Low
Benin,2009,0,0,0,0.0,0.0,0.0,0.0,0.0,0,0,0.07155524891198818,Low
Benin,2010,0,0,0,0.0,0.0,0.0,0.0,0.0,0,0,0.07155524891198818,Low
Benin,2011,0,0,0,0.0,0.0,0.0,0.0,0.0,0,0,0.07155524891198818,Low
Benin,2012,0,0,0,0.0,0.0,0.0,0.0,0.0,0,0,0.07155524891198818,Low
Benin,2013,0,0,0,0.0,0.0,0.0,0.0,0.0,0,0,0.07155524891198818,Low
Benin,2014,0,0,0,0.0,0.0,0.0,0.0,0.0,0,0,0.07155524891198818,Low
Benin,2015,0,0,0,0.0,0.0,0.0,0.0,0.0,0,0,0.07155524891198818,Low
Benin,2016,0,0,0,0.0,0.0,0.0,0.0,0.0,0,0,0.07155524891198818,Low
Benin,2017,0,0,0,0.0,0.0,0.0,0.0,0.0,0,0,0.07155524891198818,Low
Benin,2018,0,0,0,0.0,0.0,0.0,0.0,0.0,0,0,0.07155524891198818,Low
Benin,2019,1,1,0,0.0,0.0,0.0,0.0,1.0,0,0,0.2020203200114487,Low
Benin,2020,1,1,0,0.0,1.0,0.0,0.3333333333333333,0.0,0,0,0.22410571693746784,Low
Benin,2021,11,6,0,0.0,1.0,0.0,0.6666666666666666,5.0,0,1,0.317775163713566,Medium
Benin,2022,30,8,1,0.0,11.0,0.0,4.333333333333333,2.0,1,1,0.7348879676373798,High
Benin,2023,46,20,1,1.0,30.0,0.3333333333333333,14.0,12.0,2,1,0.8392971167264288,Critical
Bhutan,1989,0,0,0,0.0,0.0,0.0,0.0,0.0,0,0,0.07155524891198818,Low
Bhutan,1990,0,0,0,0.0,0.0,0.0,0.0,0.0,0,0,0.07155524891198818,Low
Bhutan,1991,0,0,0,0.0,0.0,0.0,0.0,0.0,0,0,0.07155524891198818,Low
Bhutan,1992,0,0,0,0.0,0.0,0.0,0.0,0.0,0,0,0.07155524891198818,Low
Bhutan,1993,0,0,0,0.0,0.0,0.0,0.0,0.0,0,0,0.07155524891198818,Low
Bhutan,1994,0,0,0,0.0,0.0,0.0,0.0,0.0,0,0,0.07155524891198818,Low
Bhutan,1995,0,0,0,0.0,0.0,0.0,0.0,0.0,0,0,0.07155524891198818,Low
Bhutan,1996,0,0,0,0.0,0.0,0.0,0.0,0.0,0,0,0.07155524891198818,Low
Bhutan,1997,4,1,0,0.0,0.0,0.0,0.0,1.0,0,0,0.2020203200114487,Low
Bhutan,1998,0,0,0,0.0,4.0,0.0,1.3333333333333333,-1.0,0,0,0.1511927892361622,Low
Bhutan,1999,0,0,0,0.0,0.0,0.0,1.3333333333333333,0.0,0,0,0.191773195624242,Low
Bhutan,2000,0,0,0,0.0,0.0,0.0,1.3333333333333333,0.0,0,0,0.191773195624242,Low
Bhutan,2001,0,0,0,0.0,0.0,0.0,0.0,0.0,0,0,0.07155524891198818,Low
Bhutan,2002,0,0,0,0.0,0.0,0.0,0.0,0.0,0,0,0.07155524891198818,Low
Bhutan,2003,0,0,0,0.0,0.0,0.0,0.0,0.0,0,0,0.07155524891198818,Low
Bhutan,2004,0,1,0,0.0,0.0,0.0,0.0,1.0,0,0,0.2020203200114487,Low
Bhutan,2005,0,0,0,0.0,0.0,0.0,0.0,-1.0,0,0,0.1307577716278981,Low
Bhutan,2006,0,0,0,0.0,0.0,0.0,0.0,0.0,0,0,0.07155524891198818,Low
Bhutan,2007,0,0,0,0.0,0.0,0.0,0.0,0.0,0,0,0.07155524891198818,Low
Bhutan,2008,0,0,0,0.0,0.0,0.0,0.0,0.0,0,0,0.07155524891198818,Low
Bhutan,2009,0,0,0,0.0,0.0,0.0,0.0,0.0,0,0,0.07155524891198818,Low
Bhutan,2010,0,0,0,0.0,0.0,0.0,0.0,0.0,0,0,0.07155524891198818,Low
Bhutan,2011,0,0,0,0.0,0.0,0.0,0.0,0.0,0,0,0.07155524891198818,Low
Bhutan,2012,0,0,0,0.0,0.0,0.0,0.0,0.0,0,0,0.07155524891198818,Low
Bhutan,2013,0,0,0,0.0,0.0,0.0,0.0,0.0,0,0,0.07155524891198818,Low
Bhutan,2014,0,0,0,0.0,0.0,0.0,0.0,0.0,0,0,0.07155524891198818,Low
Bhutan,2015,0,0,0,0.0,0.0,0.0,0.0,0.0,0,0,0.07155524891198818,Low
Bhutan,2016,0,0,0,0.0,0.0,0.0,0.0,0.0,0,0,0.07155524891198818,Low
Bhutan,2017,0,0,0,0.0,0.0,0.0,0.0,0.0,0,0,0.07155524891198818,Low
Bhutan,2018,0,0,0,0.0,0.0,0.0,0.0,0.0,0,0,0.07155524891198818,Low
Bhutan,2019,0,0,0,0.0,0.0,0.0,0.0,0.0,0,0,0.07155524891198818,Low
Bhutan,2020,0,0,0,0.0,0.0,0.0,0.0,0.0,0,0,0.07155524891198818,Low
Bhutan,2021,0,0,0,0.0,0.0,0.0,0.0,0.0,0,0,0.07155524891198818,Low
Bhutan,2022,0,0,0,0.0,0.0,0.0,0.0,0.0,0,0,0.07155524891198818,Low
Bhutan,2023,0,0,0,0.0,0.0,0.0,0.0,0.0,0,0,0.07155524891198818,Low
Bolivia,1989,0,0,0,0.0,0.0,0.0,0.0,0.0,0,0,0.07155524891198818,Low
Bolivia,1990,0,0,0,0.0,0.0,0.0,0.0,0.0,0,0,0.07155524891198818,Low
Bolivia,1991,0,0,0,0.0,0.0,0.0,0.0,0.0,0,0,0.07155524891198818,Low
Bolivia,1992,0,0,0,0.0,0.0,0.0,0.0,0.0,0,0,0.07155524891198818,Low
Bolivia,1993,0,0,0,0.0,0.0,0.0,0.0,0.0,0,0,0.07155524891198818,Low
Bolivia,1994,0,0,0,0.0,0.0,0.0,0.0,0.0,0,0,0.07155524891198818,Low
Bolivia,1995,0,0,0,0.0,0.0,0.0,0.0,0.0,0,0,0.07155524891198818,Low
Bolivia,1996,0,0,0,0.0,0.0,0.0,0.0,0.0,0,0,0.07155524891198818,Low
Bolivia,1997,0,0,0,0.0,0.0,0.0,0.0,0.0,0,0,0.07155524891198818,Low
Bolivia,1998,2,1,0,0.0,0.0,0.0,0.0,1.0,0,0,0.2020203200114487,Low
Bolivia,1999,0,0,0,0.0,2.0,0.0,0.6666666666666666,-1.0,0,1,0.24111742643615458,Low
Bolivia,2000,50,9,1,0.0,0.0,0.0,0.6666666666666666,9.0,1,0,0.45241129146027115,Medium
Bolivia,2001,0,0,0,1.0,50.0,0.3333333333333333,17.333333333333332,-9.0,0,0,0.08729870617431024,Low
Bolivia,2002,0,0,0,0.0,0.0,0.3333333333333333,16.666666666666668,0.0,0,0,0.03831370476934365,Low
Bolivia,2003,0,0,0,0.0,0.0,0.3333333333333333,16.666666666666668,0.0,0,0,0.03831370476934365,Low
Bolivia,2004,0,0,0,0.0,0.0,0.0,0.0,0.0,0,0,0.07155524891198818,Low
Bolivia,2005,0,0,0,0.0,0.0,0.0,0.0,0.0,0,0,0.07155524891198818,Low
Bolivia,2006,0,0,0,0.0,0.0,0.0,0.0,0.0,0,0,0.07155524891198818,Low
Bolivia,2007,0,0,0,0.0,0.0,0.0,0.0,0.0,0,0,0.07155524891198818,Low
Bolivia,2008,0,0,0,0.0,0.0,0.0,0.0,0.0,0,0,0.07155524891198818,Low
Bolivia,2009,0,0,0,0.0,0.0,0.0,0.0,0.0,0,0,0.07155524891198818,Low
Bolivia,2010,0,0,0,0.0,0.0,0.0,0.0,0.0,0,0,0.07155524891198818,Low
Bolivia,2011,0,0,0,0.0,0.0,0.0,0.0,0.0,0,0,0.07155524891198818,Low
Bolivia,2012,0,0,0,0.0,0.0,0.0,0.0,0.0,0,0,0.07155524891198818,Low
Bolivia,2013,0,0,0,0.0,0.0,0.0,0.0,0.0,0,0,0.07155524891198818,Low
Bolivia,2014,0,0,0,0.0,0.0,0.0,0.0,0.0,0,0,0.07155524891198818,Low
Bolivia,2015,0,0,0,0.0,0.0,0.0,0.0,0.0,0,0,0.07155524891198818,Low
Bolivia,2016,0,0,0,0.0,0.0,0.0,0.0,0.0,0,0,0.07155524891198818,Low
Bolivia,2017,0,0,0,0.0,0.0,0.0,0.0,0.0,0,0,0.07155524891198818,Low
Bolivia,2018,0,0,0,0.0,0.0,0.0,0.0,0.0,0,0,0.07155524891198818,Low
Bolivia,2019,0,0,0,0.0,0.0,0.0,0.0,0.0,0,0,0.07155524891198818,Low
Bolivia,2020,0,0,0,0.0,0.0,0.0,0.0,0.0,0,0,0.07155524891198818,Low
Bolivia,2021,1,1,0,0.0,0.0,0.0,0.0,1.0,0,0,0.2020203200114487,Low
Bolivia,2022,0,0,0,0.0,1.0,0.0,0.3333333333333333,-1.0,0,0,0.20646866026789099,Low
Bolivia,2023,1,1,0,0.0,0.0,0.0,0.3333333333333333,1.0,0,0,0.15018933965983913,Low
Bosnia-Herzegovina,1989,0,0,0,0.0,0.0,0.0,0.0,0.0,0,0,0.07155524891198818,Low
Bosnia-Herzegovina,1990,0,0,0,0.0,0.0,0.0,0.0,0.0,0,0,0.07155524891198818,Low
Bosnia-Herzegovina,1991,0,0,0,0.0,0.0,0.0,0.0,0.0,0,1,0.07155524891198818,Low
Bosnia-Herzegovina,1992,25171,3769,1,0.0,0.0,0.0,0.0,3769.0,1,1,0.7008760003386343,High
Bosnia-Herzegovina,1993,13787,2828,1,1.0,25171.0,0.3333333333333333,8390.333333333334,-941.0,2,1,0.9651659351290521,Critical
Bosnia-Herzegovina,1994,7312,1862,1,1.0,13787.0,0.6666666666666666,12986.0,-966.0,3,1,0.9225205746625682,Critical
Bosnia-Herzegovina,1995,17265,881,1,1.0,7312.0,1.0,15423.333333333334,-981.0,4,0,0.955743283636697,Critical
Bosnia-Herzegovina,1996,0,0,0,1.0,17265.0,1.0,12788.0,-881.0,0,0,0.13481596472315213,Low
Bosnia-Herzegovina,1997,0,0,0,0.0,0.0,0.6666666666666666,8192.333333333334,0.0,0,0,0.6068105201931296,High
Bosnia-Herzegovina,1998,0,0,0,0.0,0.0,0.3333333333333333,5755.0,0.0,0,0,0.2376911380552241,Low
Bosnia-Herzegovina,1999,0,0,0,0.0,0.0,0.0,0.0,0.0,0,0,0.07155524891198818,Low
Bosnia-Herzegovina,2000,0,0,0,0.0,0.0,0.0,0.0,0.0,0,0,0.07155524891198818,Low
Bosnia-Herzegovina,2001,0,0,0,0.0,0.0,0.0,0.0,0.0,0,0,0.07155524891198818,Low
Bosnia-Herzegovina,2002,0,0,0,0.0,0.0,0.0,0.0,0.0,0,0,0.07155524891198818,Low
Bosnia-Herzegovina,2003,0,0,0,0.0,0.0,0.0,0.0,0.0,0,0,0.07155524891198818,Low
Bosnia-Herzegovina,2004,0,0,0,0.0,0.0,0.0,0.0,0.0,0,0,0.07155524891198818,Low
Bosnia-Herzegovina,2005,0,0,0,0.0,0.0,0.0,0.0,0.0,0,0,0.07155524891198818,Low
Bosnia-Herzegovina,2006,0,0,0,0.0,0.0,0.0,0.0,0.0,0,0,0.07155524891198818,Low
Bosnia-Herzegovina,2007,0,0,0,0.0,0.0,0.0,0.0,0.0,0,0,0.07155524891198818,Low
Bosnia-Herzegovina,2008,0,0,0,0.0,0.0,0.0,0.0,0.0,0,0,0.07155524891198818,Low
Bosnia-Herzegovina,2009,0,0,0,0.0,0.0,0.0,0.0,0.0,0,0,0.07155524891198818,Low
Bosnia-Herzegovina,2010,0,0,0,0.0,0.0,0.0,0.0,0.0,0,0,0.07155524891198818,Low
Bosnia-Herzegovina,2011,0,0,0,0.0,0.0,0.0,0.0,0.0,0,0,0.07155524891198818,Low
Bosnia-Herzegovina,2012,0,0,0,0.0,0.0,0.0,0.0,0.0,0,0,0.07155524891198818,Low
Bosnia-Herzegovina,2013,0,0,0,0.0,0.0,0.0,0.0,0.0,0,0,0.07155524891198818,Low
Bosnia-Herzegovina,2014,0,0,0,0.0,0.0,0.0,0.0,0.0,0,0,0.07155524891198818,Low
Bosnia-Herzegovina,2015,0,0,0,0.0,0.0,0.0,0.0,0.0,0,0,0.07155524891198818,Low
Bosnia-Herzegovina,2016,0,0,0,0.0,0.0,0.0,0.0,0.0,0,0,0.07155524891198818,Low
Bosnia-Herzegovina,2017,0,0,0,0.0,0.0,0.0,0.0,0.0,0,0,0.07155524891198818,Low
Bosnia-Herzegovina,2018,0,0,0,0.0,0.0,0.0,0.0,0.0,0,0,0.07155524891198818,Low
Bosnia-Herzegovina,2019,0,0,0,0.0,0.0,0.0,0.0,0.0,0,0,0.07155524891198818,Low
Bosnia-Herzegovina,2020,0,0,0,0.0,0.0,0.0,0.0,0.0,0,0,0.07155524891198818,Low
Bosnia-Herzegovina,2021,0,0,0,0.0,0.0,0.0,0.0,0.0,0,0,0.07155524891198818,Low
Bosnia-Herzegovina,2022,0,0,0,0.0,0.0,0.0,0.0,0.0,0,0,0.07155524891198818,Low
Bosnia-Herzegovina,2023,0,0,0,0.0,0.0,0.0,0.0,0.0,0,0,0.07155524891198818,Low
Botswana,1989,0,0,0,0.0,0.0,0.0,0.0,0.0,0,0,0.07155524891198818,Low
Botswana,1990,1,1,0,0.0,0.0,0.0,0.0,1.0,0,0,0.2020203200114487,Low
Botswana,1991,0,0,0,0.0,1.0,0.0,0.5,-1.0,0,0,0.18469351643235768,Low
Botswana,1992,0,0,0,0.0,0.0,0.0,0.3333333333333333,0.0,0,0,0.11040342782141219,Low
Botswana,1993,0,0,0,0.0,0.0,0.0,0.3333333333333333,0.0,0,0,0.11040342782141219,Low
Botswana,1994,0,0,0,0.0,0.0,0.0,0.0,0.0,0,0,0.07155524891198818,Low
Botswana,1995,0,0,0,0.0,0.0,0.0,0.0,0.0,0,0,0.07155524891198818,Low
Botswana,1996,0,0,0,0.0,0.0,0.0,0.0,0.0,0,0,0.07155524891198818,Low
Botswana,1997,0,0,0,0.0,0.0,0.0,0.0,0.0,0,0,0.07155524891198818,Low
Botswana,1998,0,0,0,0.0,0.0,0.0,0.0,0.0,0,0,0.07155524891198818,Low
Botswana,1999,0,0,0,0.0,0.0,0.0,0.0,0.0,0,0,0.07155524891198818,Low
Botswana,2000,0,0,0,0.0,0.0,0.0,0.0,0.0,0,0,0.07155524891198818,Low
Botswana,2001,0,0,0,0.0,0.0,0.0,0.0,0.0,0,0,0.07155524891198818,Low
Botswana,2002,0,0,0,0.0,0.0,0.0,0.0,0.0,0,0,0.07155524891198818,Low
Botswana,2003,0,0,0,0.0,0.0,0.0,0.0,0.0,0,0,0.07155524891198818,Low
Botswana,2004,0,0,0,0.0,0.0,0.0,0.0,0.0,0,0,0.07155524891198818,Low
Botswana,2005,0,0,0,0.0,0.0,0.0,0.0,0.0,0,0,0.07155524891198818,Low
Botswana,2006,0,0,0,0.0,0.0,0.0,0.0,0.0,0,0,0.07155524891198818,Low
Botswana,2007,0,0,0,0.0,0.0,0.0,0.0,0.0,0,0,0.07155524891198818,Low
Botswana,2008,0,0,0,0.0,0.0,0.0,0.0,0.0,0,0,0.07155524891198818,Low
Botswana,2009,0,0,0,0.0,0.0,0.0,0.0,0.0,0,0,0.07155524891198818,Low
Botswana,2010,0,0,0,0.0,0.0,0.0,0.0,0.0,0,0,0.07155524891198818,Low
Botswana,2011,0,0,0,0.0,0.0,0.0,0.0,0.0,0,0,0.07155524891198818,Low
Botswana,2012,0,0,0,0.0,0.0,0.0,0.0,0.0,0,0,0.07155524891198818,Low
Botswana,2013,0,0,0,0.0,0.0,0.0,0.0,0.0,0,0,0.07155524891198818,Low
Botswana,2014,0,0,0,0.0,0.0,0.0,0.0,0.0,0,0,0.07155524891198818,Low
Botswana,2015,0,0,0,0.0,0.0,0.0,0.0,0.0,0,0,0.07155524891198818,Low
Botswana,2016,0,0,0,0.0,0.0,0.0,0.0,0.0,0,0,0.07155524891198818,Low
Botswana,2017,0,0,0,0.0,0.0,0.0,0.0,0.0,0,0,0.07155524891198818,Low
Botswana,2018,0,0,0,0.0,0.0,0.0,0.0,0.0,0,0,0.07155524891198818,Low
Botswana,2019,0,0,0,0.0,0.0,0.0,0.0,0.0,0,0,0.07155524891198818,Low
Botswana,2020,0,0,0,0.0,0.0,0.0,0.0,0.0,0,0,0.07155524891198818,Low
Botswana,2021,0,0,0,0.0,0.0,0.0,0.0,0.0,0,0,0.07155524891198818,Low
Botswana,2022,0,0,0,0.0,0.0,0.0,0.0,0.0,0,0,0.07155524891198818,Low
Botswana,2023,0,0,0,0.0,0.0,0.0,0.0,0.0,0,0,0.07155524891198818,Low
Brazil,1989,0,0,0,0.0,0.0,0.0,0.0,0.0,0,0,0.07155524891198818,Low
Brazil,1990,0,0,0,0.0,0.0,0.0,0.0,0.0,0,0,0.07155524891198818,Low
Brazil,1991,0,0,0,0.0,0.0,0.0,0.0,0.0,0,0,0.07155524891198818,Low
Brazil,1992,0,0,0,0.0,0.0,0.0,0.0,0.0,0,1,0.07155524891198818,Low
Brazil,1993,43,5,1,0.0,0.0,0.0,0.0,5.0,1,1,0.527990275030204,High
Brazil,1994,32,7,1,1.0,43.0,0.3333333333333333,14.333333333333334,2.0,2,1,0.6713734856313743,High
Brazil,1995,51,8,1,1.0,32.0,0.6666666666666666,25.0,1.0,3,0,0.5967740447111128,High
Brazil,1996,20,3,0,1.0,51.0,1.0,42.0,-5.0,0,1,0.6703802292535225,High
Brazil,1997,41,14,1,0.0,20.0,0.6666666666666666,34.333333333333336,11.0,1,0,0.5075100680129692,High
Brazil,1998,16,6,0,1.0,41.0,0.6666666666666666,37.333333333333336,-8.0,0,1,0.5185288796748027,High
Brazil,1999,86,31,1,0.0,16.0,0.3333333333333333,25.666666666666668,25.0,1,1,0.9066574671977576,Critical
Brazil,2000,64,27,1,1.0,86.0,0.6666666666666666,47.66666666666666,-4.0,2,1,0.8459295407214986,Critical
Brazil,2001,81,14,1,1.0,64.0,0.6666666666666666,55.333333333333336,-13.0,3,1,0.7696054233577426,Critical
Brazil,2002,65,21,1,1.0,81.0,1.0,77.0,7.0,4,1,0.8693940356353473,Critical
Brazil,2003,51,12,1,1.0,65.0,1.0,70.0,-9.0,5,1,0.9087166559615792,Critical
Brazil,2004,86,12,1,1.0,51.0,1.0,65.66666666666667,0.0,6,1,0.8831019764436155,Critical
Brazil,2005,60,18,1,1.0,86.0,1.0,67.33333333333333,6.0,7,0,0.9460493929623991,Critical
Brazil,2006,23,4,0,1.0,60.0,1.0,65.66666666666667,-14.0,0,1,0.6571690657621329,High
Brazil,2007,40,9,1,0.0,23.0,0.6666666666666666,56.333333333333336,5.0,1,0,0.5970807784212996,High
Brazil,2008,20,5,0,1.0,40.0,0.6666666666666666,41.0,-4.0,0,1,0.5020222466576902,High
Brazil,2009,40,3,1,0.0,20.0,0.3333333333333333,27.666666666666668,-2.0,1,0,0.42961205643648886,Medium
Brazil,2010,4,2,0,1.0,40.0,0.6666666666666666,33.333333333333336,-1.0,0,1,0.6191841034549497,High
Brazil,2011,34,4,1,0.0,4.0,0.3333333333333333,21.33333333333333,2.0,1,1,0.6646494256695702,High
Brazil,2012,275,7,1,1.0,34.0,0.6666666666666666,26.0,3.0,2,1,0.6862356944783196,High
Brazil,2013,28,10,1,1.0,275.0,0.6666666666666666,104.33333333333331,3.0,3,0,0.9558111399322278,Critical
Brazil,2014,4,4,0,1.0,28.0,1.0,112.33333333333331,-6.0,0,1,0.5642826212872258,High
Brazil,2015,83,17,1,0.0,4.0,0.6666666666666666,102.33333333333331,13.0,1,1,0.8544447523282016,Critical
Brazil,2016,156,58,1,1.0,83.0,0.6666666666666666,38.333333333333336,41.0,2,1,0.9580008146116225,Critical
Brazil,2017,3062,316,1,1.0,156.0,0.6666666666666666,81.0,258.0,3,1,0.927478305316377,Critical
Brazil,2018,2662,357,1,1.0,3062.0,1.0,1100.3333333333333,41.0,4,1,0.9792697537276072,Critical
Brazil,2019,1731,636,1,1.0,2662.0,1.0,1960.0,279.0,5,1,0.9961843678526973,Critical
Brazil,2020,2670,744,1,1.0,1731.0,1.0,2485.0,108.0,6,1,0.996721398663652,Critical
Brazil,2021,2661,843,1,1.0,2670.0,1.0,2354.333333333333,99.0,7,1,0.9969506711436592,Critical
Brazil,2022,1703,1514,1,1.0,2661.0,1.0,2354.0,671.0,8,1,0.9969023013467667,Critical
Brazil,2023,2481,2159,1,1.0,1703.0,1.0,2344.6666666666665,645.0,9,1,0.9971184909712535,Critical
Burkina Faso,1989,0,0,0,0.0,0.0,0.0,0.0,0.0,0,0,0.07155524891198818,Low
Burkina Faso,1990,0,0,0,0.0,0.0,0.0,0.0,0.0,0,0,0.07155524891198818,Low
Burkina Faso,1991,0,0,0,0.0,0.0,0.0,0.0,0.0,0,0,0.07155524891198818,Low
Burkina Faso,1992,0,0,0,0.0,0.0,0.0,0.0,0.0,0,0,0.07155524891198818,Low
Burkina Faso,1993,0,0,0,0.0,0.0,0.0,0.0,0.0,0,0,0.07155524891198818,Low
Burkina Faso,1994,0,0,0,0.0,0.0,0.0,0.0,0.0,0,0,0.07155524891198818,Low
Burkina Faso,1995,0,0,0,0.0,0.0,0.0,0.0,0.0,0,0,0.07155524891198818,Low
Burkina Faso,1996,0,0,0,0.0,0.0,0.0,0.0,0.0,0,0,0.07155524891198818,Low
Burkina Faso,1997,0,0,0,0.0,0.0,0.0,0.0,0.0,0,0,0.07155524891198818,Low
Burkina Faso,1998,0,0,0,0.0,0.0,0.0,0.0,0.0,0,0,0.07155524891198818,Low
Burkina Faso,1999,0,0,0,0.0,0.0,0.0,0.0,0.0,0,0,0.07155524891198818,Low
Burkina Faso,2000,0,0,0,0.0,0.0,0.0,0.0,0.0,0,0,0.07155524891198818,Low
Burkina Faso,2001,0,0,0,0.0,0.0,0.0,0.0,0.0,0,0,0.07155524891198818,Low
Burkina Faso,2002,0,0,0,0.0,0.0,0.0,0.0,0.0,0,0,0.07155524891198818,Low
Burkina Faso,2003,0,0,0,0.0,0.0,0.0,0.0,0.0,0,0,0.07155524891198818,Low
Burkina Faso,2004,0,0,0,0.0,0.0,0.0,0.0,0.0,0,0,0.07155524891198818,Low
Burkina Faso,2005,0,0,0,0.0,0.0,0.0,0.0,0.0,0,0,0.07155524891198818,Low
Burkina Faso,2006,0,0,0,0.0,0.0,0.0,0.0,0.0,0,0,0.07155524891198818,Low
Burkina Faso,2007,0,0,0,0.0,0.0,0.0,0.0,0.0,0,0,0.07155524891198818,Low
Burkina Faso,2008,0,0,0,0.0,0.0,0.0,0.0,0.0,0,0,0.07155524891198818,Low
Burkina Faso,2009,0,0,0,0.0,0.0,0.0,0.0,0.0,0,0,0.07155524891198818,Low
Burkina Faso,2010,0,0,0,0.0,0.0,0.0,0.0,0.0,0,0,0.07155524891198818,Low
Burkina Faso,2011,0,0,0,0.0,0.0,0.0,0.0,0.0,0,0,0.07155524891198818,Low
Burkina Faso,2012,0,0,0,0.0,0.0,0.0,0.0,0.0,0,0,0.07155524891198818,Low
Burkina Faso,2013,0,0,0,0.0,0.0,0.0,0.0,0.0,0,0,0.07155524891198818,Low
Burkina Faso,2014,0,0,0,0.0,0.0,0.0,0.0,0.0,0,0,0.07155524891198818,Low
Burkina Faso,2015,0,0,0,0.0,0.0,0.0,0.0,0.0,0,1,0.07155524891198818,Low
Burkina Faso,2016,26,2,1,0.0,0.0,0.0,0.0,2.0,1,1,0.6756032947779685,High
Burkina Faso,2017,54,27,1,1.0,26.0,0.3333333333333333,8.666666666666666,25.0,2,1,0.9120016600427256,Critical
Burkina Faso,2018,195,65,1,1.0,54.0,0.6666666666666666,26.666666666666668,38.0,3,1,0.9190743879162183,Critical
Burkina Faso,2019,1246,222,1,1.0,195.0,1.0,91.66666666666669,157.0,4,1,0.9800629520935875,Critical
Burkina Faso,2020,1167,166,1,1.0,1246.0,1.0,498.3333333333333,-56.0,5,1,0.9788425727100261,Critical
Burkina Faso,2021,1458,191,1,1.0,1167.0,1.0,869.3333333333334,25.0,6,1,0.9905675157719006,Critical
Burkina Faso,2022,2704,237,1,1.0,1458.0,1.0,1290.3333333333333,46.0,7,1,0.9970986076044233,Critical
Burkina Faso,2023,6122,599,1,1.0,2704.0,1.0,1776.3333333333333,362.0,8,1,0.9969023013467667,Critical
Burundi,1989,0,0,0,0.0,0.0,0.0,0.0,0.0,0,0,0.07155524891198818,Low
Burundi,1990,7,1,0,0.0,0.0,0.0,0.0,1.0,0,1,0.2020203200114487,Low
Burundi,1991,342,21,1,0.0,7.0,0.0,3.5,20.0,1,1,0.8482111575234063,Critical
Burundi,1992,61,3,1,1.0,342.0,0.3333333333333333,116.33333333333331,-18.0,2,1,0.9217670235172268,Critical
Burundi,1993,10218,454,1,1.0,61.0,0.6666666666666666,136.66666666666666,451.0,3,1,0.9028066912671113,Critical
Burundi,1994,897,46,1,1.0,10218.0,1.0,3540.333333333333,-408.0,4,1,0.927853822126164,Critical
Burundi,1995,2828,126,1,1.0,897.0,1.0,3725.3333333333335,80.0,5,1,0.9945313462381126,Critical
Burundi,1996,18184,188,1,1.0,2828.0,1.0,4647.666666666667,62.0,6,1,0.9970312443518353,Critical
Burundi,1997,4395,200,1,1.0,18184.0,1.0,7303.0,12.0,7,1,0.991514902795423,Critical
Burundi,1998,1797,122,1,1.0,4395.0,1.0,8469.0,-78.0,8,1,0.9855310990202152,Critical
Burundi,1999,1852,200,1,1.0,1797.0,1.0,8125.333333333333,78.0,9,1,0.9935969855117427,Critical
Burundi,2000,2442,250,1,1.0,1852.0,1.0,2681.333333333333,50.0,10,1,0.996783679599263,Critical
Burundi,2001,1634,188,1,1.0,2442.0,1.0,2030.3333333333333,-62.0,11,1,0.9824273637240872,Critical
Burundi,2002,1990,239,1,1.0,1634.0,1.0,1976.0,51.0,12,1,0.9969057732151968,Critical
Burundi,2003,1283,208,1,1.0,1990.0,1.0,2022.0,-31.0,13,1,0.9795442552647774,Critical
Burundi,2004,734,89,1,1.0,1283.0,1.0,1635.6666666666667,-119.0,14,1,0.9868290748869881,Critical
Burundi,2005,485,120,1,1.0,734.0,1.0,1335.6666666666667,31.0,15,1,0.9978867060900575,Critical
Burundi,2006,251,55,1,1.0,485.0,1.0,834.0,-65.0,16,1,0.9770484034897652,Critical
Burundi,2007,79,25,1,1.0,251.0,1.0,490.0,-30.0,17,1,0.980741004953479,Critical
Burundi,2008,257,48,1,1.0,79.0,1.0,271.6666666666667,23.0,18,0,0.6736560714418824,High
Burundi,2009,0,3,0,1.0,257.0,1.0,195.66666666666663,-45.0,0,0,0.3391157158118434,Medium
Burundi,2010,0,0,0,0.0,0.0,0.6666666666666666,112.0,-3.0,0,0,0.027940115135823992,Low
Burundi,2011,4,6,0,0.0,0.0,0.3333333333333333,85.66666666666667,6.0,0,0,0.1637852569625093,Low
Burundi,2012,14,7,0,0.0,4.0,0.0,1.3333333333333333,1.0,0,0,0.17431767523568095,Low
Burundi,2013,16,7,0,0.0,14.0,0.0,6.0,0.0,0,1,0.4416914281949084,Medium
Burundi,2014,61,9,1,0.0,16.0,0.0,11.333333333333334,2.0,1,1,0.701788110856311,High
Burundi,2015,265,42,1,1.0,61.0,0.3333333333333333,30.33333333333333,33.0,2,1,0.9139725809777272,Critical
Burundi,2016,93,75,1,1.0,265.0,0.6666666666666666,114.0,33.0,3,1,0.978979931148294,Critical
Burundi,2017,43,43,1,1.0,93.0,1.0,139.66666666666666,-32.0,4,1,0.9365367076615276,Critical
Burundi,2018,116,60,1,1.0,43.0,1.0,133.66666666666666,17.0,5,1,0.8778213015788419,Critical
Burundi,2019,75,51,1,1.0,116.0,1.0,84.0,-9.0,6,1,0.7960857526543031,Critical
Burundi,2020,145,78,1,1.0,75.0,1.0,78.0,27.0,7,1,0.9225030252609198,Critical
Burundi,2021,81,50,1,1.0,145.0,1.0,112.0,-28.0,8,1,0.9630528876956915,Critical
Burundi,2022,48,42,1,1.0,81.0,1.0,100.33333333333331,-8.0,9,1,0.9580241016790313,Critical
Burundi,2023,125,39,1,1.0,48.0,1.0,91.33333333333331,-3.0,10,1,0.7945955467491698,Critical
Cambodia (Kampuchea),1989,814,43,1,0.0,0.0,0.0,0.0,0.0,1,1,0.8223020940359717,Critical
Cambodia (Kampuchea),1990,377,25,1,1.0,814.0,1.0,814.0,-18.0,2,1,0.9451651120089889,Critical
Cambodia (Kampuchea),1991,322,18,1,1.0,377.0,1.0,595.5,-7.0,3,1,0.9317023331143232,Critical
Cambodia (Kampuchea),1992,193,17,1,1.0,322.0,1.0,504.3333333333333,-1.0,4,1,0.9646920632292246,Critical
Cambodia (Kampuchea),1993,484,82,1,1.0,193.0,1.0,297.3333333333333,65.0,5,1,0.9953768267648458,Critical
Cambodia (Kampuchea),1994,572,73,1,1.0,484.0,1.0,333.0,-9.0,6,1,0.98346756803528,Critical
Cambodia (Kampuchea),1995,723,100,1,1.0,572.0,1.0,416.3333333333333,27.0,7,1,0.9956854709114127,Critical
Cambodia (Kampuchea),1996,846,89,1,1.0,723.0,1.0,593.0,-11.0,8,1,0.9861299087519133,Critical
Cambodia (Kampuchea),1997,444,50,1,1.0,846.0,1.0,713.6666666666666,-39.0,9,1,0.9786629514457591,Critical
Cambodia (Kampuchea),1998,274,35,1,1.0,444.0,1.0,671.0,-15.0,10,0,0.9848515495570925,Critical
Cambodia (Kampuchea),1999,0,1,0,1.0,274.0,1.0,521.3333333333334,-34.0,0,0,0.29610519198021384,Medium
Cambodia (Kampuchea),2000,4,4,0,0.0,0.0,0.6666666666666666,239.33333333333331,3.0,0,0,0.06397252768293586,Low
Cambodia (Kampuchea),2001,0,0,0,0.0,4.0,0.3333333333333333,92.66666666666669,-4.0,0,0,0.11309944676881545,Low
Cambodia (Kampuchea),2002,0,0,0,0.0,0.0,0.0,1.3333333333333333,0.0,0,0,0.191773195624242,Low
Cambodia (Kampuchea),2003,1,1,0,0.0,0.0,0.0,1.3333333333333333,1.0,0,0,0.2367747097331808,Low
Cambodia (Kampuchea),2004,0,0,0,0.0,1.0,0.0,0.3333333333333333,-1.0,0,0,0.20646866026789099,Low
Cambodia (Kampuchea),2005,0,0,0,0.0,0.0,0.0,0.3333333333333333,0.0,0,0,0.11040342782141219,Low
Cambodia (Kampuchea),2006,0,0,0,0.0,0.0,0.0,0.3333333333333333,0.0,0,0,0.11040342782141219,Low
Cambodia (Kampuchea),2007,2,1,0,0.0,0.0,0.0,0.0,1.0,0,0,0.2020203200114487,Low
Cambodia (Kampuchea),2008,2,1,0,0.0,2.0,0.0,0.6666666666666666,0.0,0,0,0.3451214901884244,Medium
Cambodia (Kampuchea),2009,2,1,0,0.0,2.0,0.0,1.3333333333333333,0.0,0,0,0.2657189342134749,Medium
Cambodia (Kampuchea),2010,0,0,0,0.0,2.0,0.0,2.0,-1.0,0,0,0.20585430563885762,Low
Cambodia (Kampuchea),2011,10,3,0,0.0,0.0,0.0,1.3333333333333333,3.0,0,0,0.4020034790853573,Medium
Cambodia (Kampuchea),2012,1,2,0,0.0,10.0,0.0,4.0,-1.0,0,0,0.2033125472600288,Low
Cambodia (Kampuchea),2013,0,0,0,0.0,1.0,0.0,3.6666666666666665,-2.0,0,0,0.13381444368393677,Low
Cambodia (Kampuchea),2014,0,0,0,0.0,0.0,0.0,3.6666666666666665,0.0,0,0,0.14605807669347048,Low
Cambodia (Kampuchea),2015,0,0,0,0.0,0.0,0.0,0.3333333333333333,0.0,0,0,0.11040342782141219,Low
Cambodia (Kampuchea),2016,0,0,0,0.0,0.0,0.0,0.0,0.0,0,0,0.07155524891198818,Low
Cambodia (Kampuchea),2017,0,0,0,0.0,0.0,0.0,0.0,0.0,0,0,0.07155524891198818,Low
Cambodia (Kampuchea),2018,0,0,0,0.0,0.0,0.0,0.0,0.0,0,0,0.07155524891198818,Low
Cambodia (Kampuchea),2019,0,0,0,0.0,0.0,0.0,0.0,0.0,0,0,0.07155524891198818,Low
Cambodia (Kampuchea),2020,0,0,0,0.0,0.0,0.0,0.0,0.0,0,0,0.07155524891198818,Low
Cambodia (Kampuchea),2021,0,0,0,0.0,0.0,0.0,0.0,0.0,0,0,0.07155524891198818,Low
Cambodia (Kampuchea),2022,0,0,0,0.0,0.0,0.0,0.0,0.0,0,0,0.07155524891198818,Low
Cambodia (Kampuchea),2023,0,0,0,0.0,0.0,0.0,0.0,0.0,0,0,0.07155524891198818,Low
Cameroon,1989,0,0,0,0.0,0.0,0.0,0.0,0.0,0,0,0.07155524891198818,Low
Cameroon,1990,6,1,0,0.0,0.0,0.0,0.0,1.0,0,1,0.2020203200114487,Low
Cameroon,1991,50,1,1,0.0,6.0,0.0,3.0,0.0,1,1,0.6723562417850212,High
Cameroon,1992,25,3,1,1.0,50.0,0.3333333333333333,18.666666666666668,2.0,2,1,0.6334515496473478,High
Cameroon,1993,47,5,1,1.0,25.0,0.6666666666666666,27.0,2.0,3,1,0.7883928234009359,Critical
Cameroon,1994,102,7,1,1.0,47.0,1.0,40.66666666666666,2.0,4,0,0.52097173525727,High
Cameroon,1995,0,0,0,1.0,102.0,1.0,58.0,-7.0,0,1,0.6365858047220097,High
Cameroon,1996,56,3,1,0.0,0.0,0.6666666666666666,49.66666666666666,3.0,1,0,0.30809945114271203,Medium
Cameroon,1997,0,0,0,1.0,56.0,0.6666666666666666,52.66666666666666,-3.0,0,1,0.531800344591561,High
Cameroon,1998,52,4,1,0.0,0.0,0.3333333333333333,18.666666666666668,4.0,1,0,0.41846105139821355,Medium
Cameroon,1999,0,0,0,1.0,52.0,0.6666666666666666,36.0,-4.0,0,0,0.46168342452956407,Medium
Cameroon,2000,2,4,0,0.0,0.0,0.3333333333333333,17.333333333333332,4.0,0,0,0.25830518330233504,Medium
Cameroon,2001,0,2,0,0.0,2.0,0.3333333333333333,18.0,-2.0,0,0,0.1975484629526901,Low
Cameroon,2002,0,0,0,0.0,0.0,0.0,0.6666666666666666,-2.0,0,0,0.0988327068551863,Low
Cameroon,2003,0,0,0,0.0,0.0,0.0,0.6666666666666666,0.0,0,0,0.11405812144190554,Low
Cameroon,2004,0,1,0,0.0,0.0,0.0,0.0,1.0,0,0,0.2020203200114487,Low
Cameroon,2005,0,3,0,0.0,0.0,0.0,0.0,2.0,0,0,0.18758822948971413,Low
Cameroon,2006,0,0,0,0.0,0.0,0.0,0.0,-3.0,0,0,0.04689460677171628,Low
Cameroon,2007,0,0,0,0.0,0.0,0.0,0.0,0.0,0,0,0.07155524891198818,Low
Cameroon,2008,0,1,0,0.0,0.0,0.0,0.0,1.0,0,0,0.2020203200114487,Low
Cameroon,2009,0,1,0,0.0,0.0,0.0,0.0,0.0,0,0,0.07155524891198818,Low
Cameroon,2010,0,0,0,0.0,0.0,0.0,0.0,-1.0,0,0,0.1307577716278981,Low
Cameroon,2011,0,0,0,0.0,0.0,0.0,0.0,0.0,0,0,0.07155524891198818,Low
Cameroon,2012,0,0,0,0.0,0.0,0.0,0.0,0.0,0,0,0.07155524891198818,Low
Cameroon,2013,1,1,0,0.0,0.0,0.0,0.0,1.0,0,1,0.2020203200114487,Low
Cameroon,2014,1047,51,1,0.0,1.0,0.0,0.3333333333333333,50.0,1,1,0.7299113667484414,High
Cameroon,2015,1263,62,1,1.0,1047.0,0.3333333333333333,349.3333333333333,11.0,2,1,0.894776737061109,Critical
Cameroon,2016,491,97,1,1.0,1263.0,0.6666666666666666,770.3333333333334,35.0,3,1,0.9728848327765858,Critical
Cameroon,2017,410,138,1,1.0,491.0,1.0,933.6666666666666,41.0,4,1,0.9913656330348518,Critical
Cameroon,2018,1013,253,1,1.0,410.0,1.0,721.3333333333334,115.0,5,1,0.9960021784603763,Critical
Cameroon,2019,868,248,1,1.0,1013.0,1.0,638.0,-5.0,6,1,0.9745185580989459,Critical
Cameroon,2020,792,261,1,1.0,868.0,1.0,763.6666666666666,13.0,7,1,0.992643270034301,Critical
Cameroon,2021,827,278,1,1.0,792.0,1.0,891.0,17.0,8,1,0.9768712103692466,Critical
Cameroon,2022,667,225,1,1.0,827.0,1.0,829.0,-53.0,9,1,0.976367167720421,Critical
Cameroon,2023,638,294,1,1.0,667.0,1.0,762.0,69.0,10,1,0.9970110855240731,Critical
Canada,1989,0,0,0,0.0,0.0,0.0,0.0,0.0,0,0,0.07155524891198818,Low
Canada,1990,0,0,0,0.0,0.0,0.0,0.0,0.0,0,0,0.07155524891198818,Low
Canada,1991,0,0,0,0.0,0.0,0.0,0.0,0.0,0,0,0.07155524891198818,Low
Canada,1992,0,0,0,0.0,0.0,0.0,0.0,0.0,0,0,0.07155524891198818,Low
Canada,1993,0,0,0,0.0,0.0,0.0,0.0,0.0,0,0,0.07155524891198818,Low
Canada,1994,3,3,0,0.0,0.0,0.0,0.0,3.0,0,0,0.08814327318334579,Low
Canada,1995,24,9,0,0.0,3.0,0.0,1.0,6.0,0,0,0.25296785212233763,Medium
Canada,1996,2,1,0,0.0,24.0,0.0,9.0,-8.0,0,0,0.11062576174636336,Low
Canada,1997,2,1,0,0.0,2.0,0.0,9.666666666666666,0.0,0,1,0.3647276276106213,Medium
Canada,1998,27,9,1,0.0,2.0,0.0,9.333333333333334,8.0,1,0,0.5598073667471698,High
Canada,1999,11,3,0,1.0,27.0,0.3333333333333333,10.333333333333334,-6.0,0,0,0.22405167201738607,Low
Canada,2000,23,8,0,0.0,11.0,0.3333333333333333,13.333333333333334,5.0,0,0,0.34723062774833036,Medium
Canada,2001,1,1,0,0.0,23.0,0.3333333333333333,20.33333333333333,-7.0,0,0,0.2116380312600882,Low
Canada,2002,0,0,0,0.0,1.0,0.0,11.666666666666666,-1.0,0,0,0.25703453762864614,Medium
Canada,2003,0,0,0,0.0,0.0,0.0,8.0,0.0,0,0,0.2510739500937631,Medium
Canada,2004,0,0,0,0.0,0.0,0.0,0.3333333333333333,0.0,0,0,0.11040342782141219,Low
Canada,2005,0,0,0,0.0,0.0,0.0,0.0,0.0,0,0,0.07155524891198818,Low
Canada,2006,0,0,0,0.0,0.0,0.0,0.0,0.0,0,0,0.07155524891198818,Low
Canada,2007,0,0,0,0.0,0.0,0.0,0.0,0.0,0,0,0.07155524891198818,Low
Canada,2008,0,0,0,0.0,0.0,0.0,0.0,0.0,0,0,0.07155524891198818,Low
Canada,2009,0,0,0,0.0,0.0,0.0,0.0,0.0,0,0,0.07155524891198818,Low
Canada,2010,0,0,0,0.0,0.0,0.0,0.0,0.0,0,0,0.07155524891198818,Low
Canada,2011,0,0,0,0.0,0.0,0.0,0.0,0.0,0,0,0.07155524891198818,Low
Canada,2012,0,0,0,0.0,0.0,0.0,0.0,0.0,0,0,0.07155524891198818,Low
Canada,2013,0,0,0,0.0,0.0,0.0,0.0,0.0,0,0,0.07155524891198818,Low
Canada,2014,0,0,0,0.0,0.0,0.0,0.0,0.0,0,0,0.07155524891198818,Low
Canada,2015,0,0,0,0.0,0.0,0.0,0.0,0.0,0,0,0.07155524891198818,Low
Canada,2016,0,0,0,0.0,0.0,0.0,0.0,0.0,0,0,0.07155524891198818,Low
Canada,2017,0,0,0,0.0,0.0,0.0,0.0,0.0,0,0,0.07155524891198818,Low
Canada,2018,0,0,0,0.0,0.0,0.0,0.0,0.0,0,0,0.07155524891198818,Low
Canada,2019,0,0,0,0.0,0.0,0.0,0.0,0.0,0,0,0.07155524891198818,Low
Canada,2020,0,0,0,0.0,0.0,0.0,0.0,0.0,0,0,0.07155524891198818,Low
Canada,2021,0,0,0,0.0,0.0,0.0,0.0,0.0,0,0,0.07155524891198818,Low
Canada,2022,0,0,0,0.0,0.0,0.0,0.0,0.0,0,0,0.07155524891198818,Low
Canada,2023,0,0,0,0.0,0.0,0.0,0.0,0.0,0,0,0.07155524891198818,Low
Central African Republic,1989,0,0,0,0.0,0.0,0.0,0.0,0.0,0,0,0.07155524891198818,Low
Central African Republic,1990,0,0,0,0.0,0.0,0.0,0.0,0.0,0,0,0.07155524891198818,Low
Central African Republic,1991,0,1,0,0.0,0.0,0.0,0.0,1.0,0,0,0.2020203200114487,Low
Central African Republic,1992,3,1,0,0.0,0.0,0.0,0.0,0.0,0,0,0.07155524891198818,Low
Central African Republic,1993,4,3,0,0.0,3.0,0.0,1.0,2.0,0,0,0.3607397737298632,Medium
Central African Republic,1994,0,0,0,0.0,4.0,0.0,2.333333333333333,-3.0,0,0,0.1393265213111813,Low
Central African Republic,1995,0,0,0,0.0,0.0,0.0,2.333333333333333,0.0,0,0,0.20634890404888742,Low
Central African Republic,1996,0,0,0,0.0,0.0,0.0,1.3333333333333333,0.0,0,0,0.191773195624242,Low
Central African Republic,1997,0,0,0,0.0,0.0,0.0,0.0,0.0,0,0,0.07155524891198818,Low
Central African Republic,1998,0,0,0,0.0,0.0,0.0,0.0,0.0,0,0,0.07155524891198818,Low
Central African Republic,1999,5,1,0,0.0,0.0,0.0,0.0,1.0,0,0,0.2020203200114487,Low
Central African Republic,2000,6,1,0,0.0,5.0,0.0,1.6666666666666667,0.0,0,1,0.3397824672105463,Medium
Central African Republic,2001,216,21,1,0.0,6.0,0.0,3.6666666666666665,20.0,1,1,0.7402381960783456,High
Central African Republic,2002,152,14,1,1.0,216.0,0.3333333333333333,75.66666666666667,-7.0,2,0,0.3433895415569751,Medium
Central African Republic,2003,19,5,0,1.0,152.0,0.6666666666666666,124.66666666666669,-9.0,0,0,0.35697296719680194,Medium
Central African Republic,2004,23,3,0,0.0,19.0,0.6666666666666666,129.0,-2.0,0,0,0.20109443223428167,Low
Central African Republic,2005,8,6,0,0.0,23.0,0.3333333333333333,64.66666666666667,3.0,0,1,0.658778578770749,High
Central African Republic,2006,190,42,1,0.0,8.0,0.0,16.666666666666668,36.0,1,1,0.9456806397734268,Critical
Central African Republic,2007,143,23,1,1.0,190.0,0.3333333333333333,73.66666666666667,-19.0,2,0,0.25868223663651635,Medium
Central African Republic,2008,8,5,0,1.0,143.0,0.6666666666666666,113.66666666666669,-18.0,0,1,0.529429252718906,High
Central African Republic,2009,244,61,1,0.0,8.0,0.6666666666666666,113.66666666666669,56.0,1,1,0.9357636728597126,Critical
Central African Republic,2010,148,43,1,1.0,244.0,0.6666666666666666,131.66666666666666,-18.0,2,1,0.8693587995551472,Critical
Central African Republic,2011,195,23,1,1.0,148.0,0.6666666666666666,133.33333333333334,-20.0,3,1,0.8567848867918811,Critical
Central African Republic,2012,132,31,1,1.0,195.0,1.0,195.66666666666663,8.0,4,1,0.9755975930397957,Critical
Central African Republic,2013,3396,186,1,1.0,132.0,1.0,158.33333333333334,155.0,5,1,0.9882789665314032,Critical
Central African Republic,2014,3493,461,1,1.0,3396.0,1.0,1241.0,275.0,6,1,0.9967004778469988,Critical
Central African Republic,2015,745,150,1,1.0,3493.0,1.0,2340.333333333333,-311.0,7,1,0.9854273175464766,Critical
Central African Republic,2016,688,70,1,1.0,745.0,1.0,2544.6666666666665,-80.0,8,1,0.9856262934714795,Critical
Central African Republic,2017,1865,222,1,1.0,688.0,1.0,1642.0,152.0,9,1,0.9974715798106835,Critical
Central African Republic,2018,640,88,1,1.0,1865.0,1.0,1099.3333333333333,-134.0,10,1,0.9811248470028999,Critical
Central African Republic,2019,501,64,1,1.0,640.0,1.0,1064.3333333333333,-24.0,11,1,0.9762283512885688,Critical
Central African Republic,2020,299,56,1,1.0,501.0,1.0,1002.0,-8.0,12,1,0.9854552059125449,Critical
Central African Republic,2021,1080,167,1,1.0,299.0,1.0,480.0,111.0,13,1,0.995376524355413,Critical
Central African Republic,2022,773,105,1,1.0,1080.0,1.0,626.6666666666666,-62.0,14,1,0.9841397714395714,Critical
Central African Republic,2023,423,86,1,1.0,773.0,1.0,717.3333333333334,-19.0,15,1,0.9876632865629669,Critical
Chad,1989,50,3,1,0.0,0.0,0.0,0.0,0.0,1,1,0.8223020940359717,Critical
Chad,1990,686,19,1,1.0,50.0,1.0,50.0,16.0,2,1,0.9486900206032474,Critical
Chad,1991,95,6,1,1.0,686.0,1.0,368.0,-13.0,3,1,0.9410232177647821,Critical
Chad,1992,1190,31,1,1.0,95.0,1.0,277.0,25.0,4,1,0.9783227785196708,Critical
Chad,1993,313,15,1,1.0,1190.0,1.0,657.0,-16.0,5,1,0.9762306832866504,Critical
Chad,1994,521,17,1,1.0,313.0,1.0,532.6666666666666,2.0,6,1,0.9899265665935021,Critical
Chad,1995,53,17,1,1.0,521.0,1.0,674.6666666666666,0.0,7,0,0.9887375774054834,Critical
Chad,1996,4,3,0,1.0,53.0,1.0,295.6666666666667,-14.0,0,1,0.6616130354390941,High
Chad,1997,134,8,1,0.0,4.0,0.6666666666666666,192.66666666666663,5.0,1,1,0.867483397382389,Critical
Chad,1998,198,9,1,1.0,134.0,0.6666666666666666,63.66666666666666,1.0,2,1,0.7982938723829094,Critical
Chad,1999,394,12,1,1.0,198.0,0.6666666666666666,112.0,3.0,3,1,0.9416714709299038,Critical
Chad,2000,1070,14,1,1.0,394.0,1.0,242.0,2.0,4,1,0.9691211629262619,Critical
Chad,2001,230,6,1,1.0,1070.0,1.0,554.0,-8.0,5,1,0.9745824688416036,Critical
Chad,2002,297,9,1,1.0,230.0,1.0,564.6666666666666,3.0,6,1,0.9885747174632028,Critical
Chad,2003,37,4,1,1.0,297.0,1.0,532.3333333333334,-5.0,7,1,0.98189742516988,Critical
Chad,2004,80,10,1,1.0,37.0,1.0,188.0,6.0,8,1,0.825319413538094,Critical
Chad,2005,267,8,1,1.0,80.0,1.0,138.0,-2.0,9,1,0.9605624165161244,Critical
Chad,2006,1956,62,1,1.0,267.0,1.0,128.0,54.0,10,1,0.9880324903481763,Critical
Chad,2007,431,19,1,1.0,1956.0,1.0,767.6666666666666,-43.0,11,1,0.9642346817673755,Critical
Chad,2008,994,15,1,1.0,431.0,1.0,884.6666666666666,-4.0,12,1,0.9803516489191637,Critical
Chad,2009,135,12,1,1.0,994.0,1.0,1127.0,-3.0,13,0,0.9076772557520295,Critical
Chad,2010,4,1,0,1.0,135.0,1.0,520.0,-11.0,0,0,0.30009524494378065,Medium
Chad,2011,0,0,0,0.0,4.0,0.6666666666666666,377.6666666666667,-1.0,0,0,0.0785094273966681,Low
Chad,2012,0,0,0,0.0,0.0,0.3333333333333333,46.333333333333336,0.0,0,0,0.03849581918333227,Low
Chad,2013,0,0,0,0.0,0.0,0.0,1.3333333333333333,0.0,0,0,0.191773195624242,Low
Chad,2014,16,3,0,0.0,0.0,0.0,0.0,3.0,0,1,0.08814327318334579,Low
Chad,2015,397,29,1,0.0,16.0,0.0,5.333333333333333,26.0,1,1,0.8071002690256052,Critical
Chad,2016,26,7,1,1.0,397.0,0.3333333333333333,137.66666666666666,-22.0,2,1,0.9203144279626272,Critical
Chad,2017,91,6,1,1.0,26.0,0.6666666666666666,146.33333333333334,-1.0,3,1,0.633949870897804,High
Chad,2018,168,12,1,1.0,91.0,1.0,171.33333333333334,6.0,4,1,0.967637625427849,Critical
Chad,2019,253,23,1,1.0,168.0,1.0,95.0,11.0,5,1,0.9686636271453409,Critical
Chad,2020,249,26,1,1.0,253.0,1.0,170.66666666666666,3.0,6,1,0.9842539393595452,Critical
Chad,2021,667,13,1,1.0,249.0,1.0,223.33333333333331,-13.0,7,1,0.9544407399575511,Critical
Chad,2022,114,12,1,1.0,667.0,1.0,389.6666666666667,-1.0,8,1,0.9870175623533004,Critical
Chad,2023,112,11,1,1.0,114.0,1.0,343.3333333333333,-1.0,9,1,0.9841442158722484,Critical
China,1989,2600,3,1,0.0,0.0,0.0,0.0,0.0,1,0,0.8223020940359717,Critical
China,1990,22,3,0,1.0,2600.0,1.0,2600.0,0.0,0,0,0.19065147108088645,Low
China,1991,0,0,0,0.0,22.0,0.5,1311.0,-3.0,0,0,0.23382044829793205,Low
China,1992,0,0,0,0.0,0.0,0.3333333333333333,874.0,0.0,0,0,0.04723332336004455,Low
China,1993,0,0,0,0.0,0.0,0.0,7.333333333333333,0.0,0,0,0.20640959053754032,Low
China,1994,0,0,0,0.0,0.0,0.0,0.0,0.0,0,0,0.07155524891198818,Low
China,1995,0,0,0,0.0,0.0,0.0,0.0,0.0,0,0,0.07155524891198818,Low
China,1996,0,0,0,0.0,0.0,0.0,0.0,0.0,0,0,0.07155524891198818,Low
China,1997,4,2,0,0.0,0.0,0.0,0.0,2.0,0,0,0.18758822948971413,Low
China,1998,0,0,0,0.0,4.0,0.0,1.3333333333333333,-2.0,0,0,0.10784420218140489,Low
China,1999,0,3,0,0.0,0.0,0.0,1.3333333333333333,3.0,0,0,0.4020034790853573,Medium
China,2000,0,0,0,0.0,0.0,0.0,1.3333333333333333,-3.0,0,0,0.15658471934102527,Low
China,2001,0,0,0,0.0,0.0,0.0,0.0,0.0,0,0,0.07155524891198818,Low
China,2002,0,0,0,0.0,0.0,0.0,0.0,0.0,0,0,0.07155524891198818,Low
China,2003,0,0,0,0.0,0.0,0.0,0.0,0.0,0,0,0.07155524891198818,Low
China,2004,0,0,0,0.0,0.0,0.0,0.0,0.0,0,0,0.07155524891198818,Low
China,2005,12,2,0,0.0,0.0,0.0,0.0,2.0,0,0,0.18758822948971413,Low
China,2006,0,0,0,0.0,12.0,0.0,4.0,-2.0,0,0,0.1618406847427121,Low
China,2007,0,1,0,0.0,0.0,0.0,4.0,1.0,0,1,0.40004865623578895,Medium
China,2008,87,16,1,0.0,0.0,0.0,4.0,15.0,1,1,0.767507177777624,Critical
China,2009,189,5,1,1.0,87.0,0.3333333333333333,29.0,-11.0,2,0,0.47821461864173764,Medium
China,2010,0,0,0,1.0,189.0,0.6666666666666666,92.0,-5.0,0,0,0.3497011173914479,Medium
China,2011,0,0,0,0.0,0.0,0.6666666666666666,92.0,0.0,0,0,0.027167127778015433,Low
China,2012,0,0,0,0.0,0.0,0.3333333333333333,63.0,0.0,0,0,0.04148056756144328,Low
China,2013,0,0,0,0.0,0.0,0.0,0.0,0.0,0,0,0.07155524891198818,Low
China,2014,0,0,0,0.0,0.0,0.0,0.0,0.0,0,0,0.07155524891198818,Low
China,2015,5,1,0,0.0,0.0,0.0,0.0,1.0,0,0,0.2020203200114487,Low
China,2016,0,0,0,0.0,5.0,0.0,1.6666666666666667,-1.0,0,0,0.20410546063960086,Low
China,2017,6,2,0,0.0,0.0,0.0,1.6666666666666667,2.0,0,0,0.44584940356420966,Medium
China,2018,0,0,0,0.0,6.0,0.0,3.6666666666666665,-2.0,0,0,0.13986650610650775,Low
China,2019,0,0,0,0.0,0.0,0.0,2.0,0.0,0,0,0.21876333824927105,Low
China,2020,0,0,0,0.0,0.0,0.0,2.0,0.0,0,0,0.21876333824927105,Low
China,2021,0,0,0,0.0,0.0,0.0,0.0,0.0,0,0,0.07155524891198818,Low
China,2022,0,0,0,0.0,0.0,0.0,0.0,0.0,0,0,0.07155524891198818,Low
China,2023,1,1,0,0.0,0.0,0.0,0.0,1.0,0,0,0.2020203200114487,Low
Colombia,1989,384,53,1,0.0,0.0,0.0,0.0,0.0,1,1,0.8223020940359717,Critical
Colombia,1990,712,100,1,1.0,384.0,1.0,384.0,47.0,2,1,0.9636641979550273,Critical
Colombia,1991,872,128,1,1.0,712.0,1.0,548.0,28.0,3,1,0.8959474906772842,Critical
Colombia,1992,1500,103,1,1.0,872.0,1.0,656.0,-25.0,4,1,0.9585661563152224,Critical
Colombia,1993,302,47,1,1.0,1500.0,1.0,1028.0,-56.0,5,1,0.9813751195202745,Critical
Colombia,1994,1211,70,1,1.0,302.0,1.0,891.3333333333334,23.0,6,1,0.9839151324348497,Critical
Colombia,1995,943,77,1,1.0,1211.0,1.0,1004.3333333333334,7.0,7,1,0.9846443600150218,Critical
Colombia,1996,1401,150,1,1.0,943.0,1.0,818.6666666666666,73.0,8,1,0.995815160440436,Critical
Colombia,1997,891,181,1,1.0,1401.0,1.0,1185.0,31.0,9,1,0.9971454710045717,Critical
Colombia,1998,1646,145,1,1.0,891.0,1.0,1078.3333333333333,-36.0,10,1,0.9783276294026535,Critical
Colombia,1999,2638,394,1,1.0,1646.0,1.0,1312.6666666666667,249.0,11,1,0.9967131034644505,Critical
Colombia,2000,4388,1334,1,1.0,2638.0,1.0,1725.0,940.0,12,1,0.9967492518056639,Critical
Colombia,2001,4611,1365,1,1.0,4388.0,1.0,2890.6666666666665,31.0,13,1,0.9947037670354105,Critical
Colombia,2002,6012,1908,1,1.0,4611.0,1.0,3879.0,543.0,14,1,0.9982429166378248,Critical
Colombia,2003,4678,2264,1,1.0,6012.0,1.0,5003.666666666667,356.0,15,1,0.998574340731113,Critical
Colombia,2004,3380,1745,1,1.0,4678.0,1.0,5100.333333333333,-519.0,16,1,0.9816665756738162,Critical
Colombia,2005,2888,1291,1,1.0,3380.0,1.0,4690.0,-454.0,17,1,0.9800268813152389,Critical
Colombia,2006,945,364,1,1.0,2888.0,1.0,3648.6666666666665,-927.0,18,1,0.9725057145428211,Critical
Colombia,2007,683,319,1,1.0,945.0,1.0,2404.333333333333,-45.0,19,1,0.9867394190979487,Critical
Colombia,2008,643,336,1,1.0,683.0,1.0,1505.3333333333333,17.0,20,1,0.9866103609911541,Critical
Colombia,2009,501,137,1,1.0,643.0,1.0,757.0,-199.0,21,1,0.9820642275908543,Critical
Colombia,2010,442,88,1,1.0,501.0,1.0,609.0,-49.0,22,1,0.9891495331952668,Critical
Colombia,2011,227,60,1,1.0,442.0,1.0,528.6666666666666,-28.0,23,1,0.9890398392644183,Critical
Colombia,2012,227,37,1,1.0,227.0,1.0,390.0,-23.0,24,1,0.9877549416789185,Critical
Colombia,2013,140,22,1,1.0,227.0,1.0,298.6666666666667,-15.0,25,1,0.9825037545296075,Critical
Colombia,2014,157,48,1,1.0,140.0,1.0,198.0,26.0,26,1,0.9939849798828984,Critical
Colombia,2015,144,33,1,1.0,157.0,1.0,174.66666666666666,-15.0,27,1,0.9769503842497302,Critical
Colombia,2016,85,101,1,1.0,144.0,1.0,147.0,68.0,28,1,0.995967620593012,Critical
Colombia,2017,107,155,1,1.0,85.0,1.0,128.66666666666666,54.0,29,1,0.973276631359548,Critical
Colombia,2018,253,170,1,1.0,107.0,1.0,112.0,15.0,30,1,0.9901122017400621,Critical
Colombia,2019,219,109,1,1.0,253.0,1.0,148.33333333333334,-61.0,31,1,0.9732564365931042,Critical
Colombia,2020,196,144,1,1.0,219.0,1.0,193.0,35.0,32,1,0.9969806542451263,Critical
Colombia,2021,291,160,1,1.0,196.0,1.0,222.66666666666663,16.0,33,1,0.9951089949713696,Critical
Colombia,2022,360,172,1,1.0,291.0,1.0,235.33333333333331,12.0,34,1,0.9906422342701382,Critical
Colombia,2023,534,413,1,1.0,360.0,1.0,282.3333333333333,241.0,35,1,0.9977765536244216,Critical
Comoros,1989,29,2,1,0.0,0.0,0.0,0.0,0.0,1,0,0.8223020940359717,Critical
Comoros,1990,0,0,0,1.0,29.0,1.0,29.0,-2.0,0,0,0.3518283979040768,Medium
Comoros,1991,0,0,0,0.0,0.0,0.5,14.5,0.0,0,0,0.03461634883941909,Low
Comoros,1992,0,0,0,0.0,0.0,0.3333333333333333,9.666666666666666,0.0,0,0,0.05964934164206118,Low
Comoros,1993,0,0,0,0.0,0.0,0.0,0.0,0.0,0,0,0.07155524891198818,Low
Comoros,1994,0,0,0,0.0,0.0,0.0,0.0,0.0,0,0,0.07155524891198818,Low
Comoros,1995,0,0,0,0.0,0.0,0.0,0.0,0.0,0,0,0.07155524891198818,Low
Comoros,1996,0,0,0,0.0,0.0,0.0,0.0,0.0,0,1,0.07155524891198818,Low
Comoros,1997,56,2,1,0.0,0.0,0.0,0.0,2.0,1,1,0.6756032947779685,High
Comoros,1998,40,3,1,1.0,56.0,0.3333333333333333,18.666666666666668,1.0,2,0,0.4804162742231039,Medium
Comoros,1999,0,0,0,1.0,40.0,0.6666666666666666,32.0,-3.0,0,0,0.41075020607803375,Medium
Comoros,2000,0,0,0,0.0,0.0,0.6666666666666666,32.0,0.0,0,0,0.042011229307444276,Low
Comoros,2001,0,0,0,0.0,0.0,0.3333333333333333,13.333333333333334,0.0,0,0,0.03892256510227552,Low
Comoros,2002,0,0,0,0.0,0.0,0.0,0.0,0.0,0,0,0.07155524891198818,Low
Comoros,2003,0,0,0,0.0,0.0,0.0,0.0,0.0,0,0,0.07155524891198818,Low
Comoros,2004,0,0,0,0.0,0.0,0.0,0.0,0.0,0,0,0.07155524891198818,Low
Comoros,2005,0,0,0,0.0,0.0,0.0,0.0,0.0,0,0,0.07155524891198818,Low
Comoros,2006,0,0,0,0.0,0.0,0.0,0.0,0.0,0,0,0.07155524891198818,Low
Comoros,2007,0,0,0,0.0,0.0,0.0,0.0,0.0,0,0,0.07155524891198818,Low
Comoros,2008,0,0,0,0.0,0.0,0.0,0.0,0.0,0,0,0.07155524891198818,Low
Comoros,2009,0,0,0,0.0,0.0,0.0,0.0,0.0,0,0,0.07155524891198818,Low
Comoros,2010,0,0,0,0.0,0.0,0.0,0.0,0.0,0,0,0.07155524891198818,Low
Comoros,2011,0,0,0,0.0,0.0,0.0,0.0,0.0,0,0,0.07155524891198818,Low
Comoros,2012,0,0,0,0.0,0.0,0.0,0.0,0.0,0,0,0.07155524891198818,Low
Comoros,2013,0,0,0,0.0,0.0,0.0,0.0,0.0,0,0,0.07155524891198818,Low
Comoros,2014,0,0,0,0.0,0.0,0.0,0.0,0.0,0,0,0.07155524891198818,Low
Comoros,2015,0,0,0,0.0,0.0,0.0,0.0,0.0,0,0,0.07155524891198818,Low
Comoros,2016,0,0,0,0.0,0.0,0.0,0.0,0.0,0,0,0.07155524891198818,Low
Comoros,2017,0,0,0,0.0,0.0,0.0,0.0,0.0,0,0,0.07155524891198818,Low
Comoros,2018,0,0,0,0.0,0.0,0.0,0.0,0.0,0,0,0.07155524891198818,Low
Comoros,2019,0,0,0,0.0,0.0,0.0,0.0,0.0,0,0,0.07155524891198818,Low
Comoros,2020,0,0,0,0.0,0.0,0.0,0.0,0.0,0,0,0.07155524891198818,Low
Comoros,2021,0,0,0,0.0,0.0,0.0,0.0,0.0,0,0,0.07155524891198818,Low
Comoros,2022,0,0,0,0.0,0.0,0.0,0.0,0.0,0,0,0.07155524891198818,Low
Comoros,2023,0,0,0,0.0,0.0,0.0,0.0,0.0,0,0,0.07155524891198818,Low
Congo,1989,0,0,0,0.0,0.0,0.0,0.0,0.0,0,0,0.07155524891198818,Low
Congo,1990,0,0,0,0.0,0.0,0.0,0.0,0.0,0,0,0.07155524891198818,Low
Congo,1991,0,0,0,0.0,0.0,0.0,0.0,0.0,0,0,0.07155524891198818,Low
Congo,1992,2,1,0,0.0,0.0,0.0,0.0,1.0,0,1,0.2020203200114487,Low
Congo,1993,135,10,1,0.0,2.0,0.0,0.6666666666666666,9.0,1,0,0.3734906625045461,Medium
Congo,1994,18,8,0,1.0,135.0,0.3333333333333333,45.66666666666666,-2.0,0,0,0.268757974669087,Medium
Congo,1995,2,1,0,0.0,18.0,0.3333333333333333,51.66666666666666,-7.0,0,0,0.1932032648115555,Low
Congo,1996,1,2,0,0.0,2.0,0.3333333333333333,51.66666666666666,1.0,0,1,0.3842543863835923,Medium
Congo,1997,10412,57,1,0.0,1.0,0.0,7.0,55.0,1,1,0.8478177564247178,Critical
Congo,1998,3763,54,1,1.0,10412.0,0.3333333333333333,3471.6666666666665,-3.0,2,1,0.9435627122639448,Critical
Congo,1999,948,48,1,1.0,3763.0,0.6666666666666666,4725.333333333333,-6.0,3,0,0.7470787106093626,High
Congo,2000,0,0,0,1.0,948.0,1.0,5041.0,-48.0,0,0,0.20499293597016255,Low
Congo,2001,3,1,0,0.0,0.0,0.6666666666666666,1570.3333333333333,1.0,0,1,0.07906794042009586,Low
Congo,2002,234,24,1,0.0,3.0,0.3333333333333333,317.0,23.0,1,1,0.9083654043181607,Critical
Congo,2003,33,6,1,1.0,234.0,0.3333333333333333,79.0,-18.0,2,0,0.45026315903713415,Medium
Congo,2004,0,0,0,1.0,33.0,0.6666666666666666,90.0,-6.0,0,0,0.3180577521107434,Medium
Congo,2005,15,5,0,0.0,0.0,0.6666666666666666,89.0,5.0,0,0,0.21894674374992396,Low
Congo,2006,0,0,0,0.0,15.0,0.3333333333333333,16.0,-5.0,0,0,0.15351756991352036,Low
Congo,2007,2,1,0,0.0,0.0,0.0,5.0,1.0,0,0,0.41220804744212997,Medium
Congo,2008,1,1,0,0.0,2.0,0.0,5.666666666666667,0.0,0,0,0.27770946249286005,Medium
Congo,2009,0,0,0,0.0,1.0,0.0,1.0,-1.0,0,0,0.24446296163956968,Low
Congo,2010,0,0,0,0.0,0.0,0.0,1.0,0.0,0,0,0.1924230177346629,Low
Congo,2011,1,1,0,0.0,0.0,0.0,0.3333333333333333,1.0,0,0,0.15018933965983913,Low
Congo,2012,2,2,0,0.0,1.0,0.0,0.3333333333333333,1.0,0,0,0.14504711020612582,Low
Congo,2013,0,0,0,0.0,2.0,0.0,1.0,-2.0,0,0,0.12341657020059493,Low
Congo,2014,0,0,0,0.0,0.0,0.0,1.0,0.0,0,0,0.1924230177346629,Low
Congo,2015,0,1,0,0.0,0.0,0.0,0.6666666666666666,1.0,0,1,0.24278435864316042,Low
Congo,2016,73,8,1,0.0,0.0,0.0,0.0,7.0,1,0,0.4698351763608944,Medium
Congo,2017,20,3,0,1.0,73.0,0.3333333333333333,24.33333333333333,-5.0,0,0,0.097600523460103,Low
Congo,2018,0,0,0,0.0,20.0,0.3333333333333333,31.0,-3.0,0,0,0.2042095164493739,Low
Congo,2019,0,2,0,0.0,0.0,0.3333333333333333,31.0,2.0,0,0,0.3314058690231081,Medium
Congo,2020,0,1,0,0.0,0.0,0.0,6.666666666666667,-1.0,0,0,0.21789949815208337,Low
Congo,2021,0,0,0,0.0,0.0,0.0,0.0,-1.0,0,0,0.1307577716278981,Low
Congo,2022,3,2,0,0.0,0.0,0.0,0.0,2.0,0,0,0.18758822948971413,Low
Congo,2023,0,0,0,0.0,3.0,0.0,1.0,-2.0,0,0,0.09734009895786357,Low
Croatia,1989,0,0,0,0.0,0.0,0.0,0.0,0.0,0,0,0.07155524891198818,Low
Croatia,1990,0,0,0,0.0,0.0,0.0,0.0,0.0,0,0,0.07155524891198818,Low
Croatia,1991,0,0,0,0.0,0.0,0.0,0.0,0.0,0,1,0.07155524891198818,Low
Croatia,1992,142,33,1,0.0,0.0,0.0,0.0,33.0,1,1,0.6752515982575881,High
Croatia,1993,373,55,1,1.0,142.0,0.3333333333333333,47.333333333333336,22.0,2,0,0.5170839677744983,High
Croatia,1994,0,0,0,1.0,373.0,0.6666666666666666,171.66666666666666,-55.0,0,1,0.6440539363533795,High
Croatia,1995,963,69,1,0.0,0.0,0.6666666666666666,171.66666666666666,69.0,1,0,0.3838376525184196,Medium
Croatia,1996,0,0,0,1.0,963.0,0.6666666666666666,445.3333333333333,-69.0,0,0,0.29421974026095465,Medium
Croatia,1997,0,0,0,0.0,0.0,0.3333333333333333,321.0,0.0,0,0,0.043787219568293276,Low
Croatia,1998,0,0,0,0.0,0.0,0.3333333333333333,321.0,0.0,0,0,0.043787219568293276,Low
Croatia,1999,0,0,0,0.0,0.0,0.0,0.0,0.0,0,0,0.07155524891198818,Low
Croatia,2000,0,0,0,0.0,0.0,0.0,0.0,0.0,0,0,0.07155524891198818,Low
Croatia,2001,0,0,0,0.0,0.0,0.0,0.0,0.0,0,0,0.07155524891198818,Low
Croatia,2002,0,0,0,0.0,0.0,0.0,0.0,0.0,0,0,0.07155524891198818,Low
Croatia,2003,0,0,0,0.0,0.0,0.0,0.0,0.0,0,0,0.07155524891198818,Low
Croatia,2004,0,0,0,0.0,0.0,0.0,0.0,0.0,0,0,0.07155524891198818,Low
Croatia,2005,0,0,0,0.0,0.0,0.0,0.0,0.0,0,0,0.07155524891198818,Low
Croatia,2006,0,0,0,0.0,0.0,0.0,0.0,0.0,0,0,0.07155524891198818,Low
Croatia,2007,0,0,0,0.0,0.0,0.0,0.0,0.0,0,0,0.07155524891198818,Low
Croatia,2008,0,0,0,0.0,0.0,0.0,0.0,0.0,0,0,0.07155524891198818,Low
Croatia,2009,0,0,0,0.0,0.0,0.0,0.0,0.0,0,0,0.07155524891198818,Low
Croatia,2010,0,0,0,0.0,0.0,0.0,0.0,0.0,0,0,0.07155524891198818,Low
Croatia,2011,0,0,0,0.0,0.0,0.0,0.0,0.0,0,0,0.07155524891198818,Low
Croatia,2012,0,0,0,0.0,0.0,0.0,0.0,0.0,0,0,0.07155524891198818,Low
Croatia,2013,0,0,0,0.0,0.0,0.0,0.0,0.0,0,0,0.07155524891198818,Low
Croatia,2014,0,0,0,0.0,0.0,0.0,0.0,0.0,0,0,0.07155524891198818,Low
Croatia,2015,0,0,0,0.0,0.0,0.0,0.0,0.0,0,0,0.07155524891198818,Low
Croatia,2016,0,0,0,0.0,0.0,0.0,0.0,0.0,0,0,0.07155524891198818,Low
Croatia,2017,0,0,0,0.0,0.0,0.0,0.0,0.0,0,0,0.07155524891198818,Low
Croatia,2018,0,0,0,0.0,0.0,0.0,0.0,0.0,0,0,0.07155524891198818,Low
Croatia,2019,0,0,0,0.0,0.0,0.0,0.0,0.0,0,0,0.07155524891198818,Low
Croatia,2020,0,0,0,0.0,0.0,0.0,0.0,0.0,0,0,0.07155524891198818,Low
Croatia,2021,0,0,0,0.0,0.0,0.0,0.0,0.0,0,0,0.07155524891198818,Low
Croatia,2022,0,0,0,0.0,0.0,0.0,0.0,0.0,0,0,0.07155524891198818,Low
Croatia,2023,0,0,0,0.0,0.0,0.0,0.0,0.0,0,0,0.07155524891198818,Low
DR Congo (Zaire),1989,28,3,1,0.0,0.0,0.0,0.0,0.0,1,1,0.8223020940359717,Critical
DR Congo (Zaire),1990,147,4,1,1.0,28.0,1.0,28.0,1.0,2,1,0.7310220750819865,High
DR Congo (Zaire),1991,32,7,1,1.0,147.0,1.0,87.5,3.0,3,1,0.9185822537773373,Critical
DR Congo (Zaire),1992,67,11,1,1.0,32.0,1.0,69.0,4.0,4,1,0.7953523301681646,Critical
DR Congo (Zaire),1993,3337,20,1,1.0,67.0,1.0,82.0,9.0,5,1,0.9456681629492177,Critical
DR Congo (Zaire),1994,332,16,1,1.0,3337.0,1.0,1145.3333333333333,-4.0,6,1,0.9747260141158379,Critical
DR Congo (Zaire),1995,526,16,1,1.0,332.0,1.0,1245.3333333333333,0.0,7,1,0.9890860649747507,Critical
DR Congo (Zaire),1996,34307,209,1,1.0,526.0,1.0,1398.3333333333333,193.0,8,1,0.9974715798106835,Critical
DR Congo (Zaire),1997,13897,137,1,1.0,34307.0,1.0,11721.666666666666,-72.0,9,1,0.9856135483373633,Critical
DR Congo (Zaire),1998,7717,118,1,1.0,13897.0,1.0,16243.333333333334,-19.0,10,1,0.9851170125231088,Critical
DR Congo (Zaire),1999,7849,168,1,1.0,7717.0,1.0,18640.33333333333,50.0,11,1,0.9968695184473163,Critical
DR Congo (Zaire),2000,3055,115,1,1.0,7849.0,1.0,9821.0,-53.0,12,1,0.9849237813729462,Critical
DR Congo (Zaire),2001,1490,66,1,1.0,3055.0,1.0,6207.0,-49.0,13,1,0.9801530006940434,Critical
DR Congo (Zaire),2002,7945,136,1,1.0,1490.0,1.0,4131.333333333333,70.0,14,1,0.9976939350621064,Critical
DR Congo (Zaire),2003,4324,82,1,1.0,7945.0,1.0,4163.333333333333,-54.0,15,1,0.9877904726042359,Critical
DR Congo (Zaire),2004,782,31,1,1.0,4324.0,1.0,4586.333333333333,-51.0,16,1,0.9872296946816675,Critical
DR Congo (Zaire),2005,305,25,1,1.0,782.0,1.0,4350.333333333333,-6.0,17,1,0.9767363332732657,Critical
DR Congo (Zaire),2006,390,80,1,1.0,305.0,1.0,1803.6666666666667,55.0,18,1,0.9949032846274486,Critical
DR Congo (Zaire),2007,879,112,1,1.0,390.0,1.0,492.3333333333333,32.0,19,1,0.9948777011520049,Critical
DR Congo (Zaire),2008,1740,105,1,1.0,879.0,1.0,524.6666666666666,-7.0,20,1,0.9803795891202249,Critical
DR Congo (Zaire),2009,5308,551,1,1.0,1740.0,1.0,1003.0,446.0,21,1,0.9977136310118208,Critical
DR Congo (Zaire),2010,1088,87,1,1.0,5308.0,1.0,2642.333333333333,-464.0,22,1,0.9757505615584249,Critical
DR Congo (Zaire),2011,552,165,1,1.0,1088.0,1.0,2712.0,78.0,23,1,0.9978051882726464,Critical
DR Congo (Zaire),2012,1838,156,1,1.0,552.0,1.0,2316.0,-9.0,24,1,0.9892208869320865,Critical
DR Congo (Zaire),2013,2197,161,1,1.0,1838.0,1.0,1159.3333333333333,5.0,25,1,0.9891154649169298,Critical
DR Congo (Zaire),2014,1624,128,1,1.0,2197.0,1.0,1529.0,-33.0,26,1,0.9903571323389622,Critical
DR Congo (Zaire),2015,737,124,1,1.0,1624.0,1.0,1886.3333333333333,-4.0,27,1,0.9826702785480451,Critical
DR Congo (Zaire),2016,2194,211,1,1.0,737.0,1.0,1519.3333333333333,87.0,28,1,0.99851256903977,Critical
DR Congo (Zaire),2017,5975,503,1,1.0,2194.0,1.0,1518.3333333333333,292.0,29,1,0.9983774669534529,Critical
DR Congo (Zaire),2018,3147,462,1,1.0,5975.0,1.0,2968.6666666666665,-41.0,30,1,0.9880813012042469,Critical
DR Congo (Zaire),2019,2529,441,1,1.0,3147.0,1.0,3772.0,-21.0,31,1,0.9898287512020799,Critical
DR Congo (Zaire),2020,4008,832,1,1.0,2529.0,1.0,3883.6666666666665,391.0,32,1,0.9984825596948167,Critical
DR Congo (Zaire),2021,3723,809,1,1.0,4008.0,1.0,3228.0,-23.0,33,1,0.9852883686175208,Critical
DR Congo (Zaire),2022,5967,1199,1,1.0,3723.0,1.0,3420.0,390.0,34,1,0.9982047525145803,Critical
DR Congo (Zaire),2023,3936,828,1,1.0,5967.0,1.0,4566.0,-371.0,35,1,0.9888849614580097,Critical
Djibouti,1989,6,1,0,0.0,0.0,0.0,0.0,0.0,0,1,0.07155524891198818,Low
Djibouti,1990,60,1,1,0.0,6.0,0.0,6.0,0.0,1,1,0.6054052851586307,High
Djibouti,1991,134,9,1,1.0,60.0,0.5,33.0,8.0,2,1,0.8683614661985454,Critical
Djibouti,1992,129,11,1,1.0,134.0,0.6666666666666666,66.66666666666667,2.0,3,1,0.7804713921725344,Critical
Djibouti,1993,33,12,1,1.0,129.0,1.0,107.66666666666669,1.0,4,1,0.9268002193338686,Critical
Djibouti,1994,39,5,1,1.0,33.0,1.0,98.66666666666669,-7.0,5,0,0.34927778822901046,Medium
Djibouti,1995,18,4,0,1.0,39.0,1.0,67.0,-1.0,0,0,0.6698514709799995,High
Djibouti,1996,0,2,0,0.0,18.0,0.6666666666666666,30.0,-2.0,0,0,0.22041158369821431,Low
Djibouti,1997,11,1,0,0.0,0.0,0.3333333333333333,19.0,-1.0,0,0,0.07824651244891578,Low
Djibouti,1998,16,2,0,0.0,11.0,0.0,9.666666666666666,1.0,0,1,0.48760213352291437,Medium
Djibouti,1999,25,8,1,0.0,16.0,0.0,9.0,6.0,1,0,0.549972943306827,High
Djibouti,2000,0,0,0,1.0,25.0,0.3333333333333333,17.333333333333332,-8.0,0,0,0.27733494092482164,Medium
Djibouti,2001,0,0,0,0.0,0.0,0.3333333333333333,13.666666666666666,0.0,0,0,0.03892256510227552,Low
Djibouti,2002,0,0,0,0.0,0.0,0.3333333333333333,8.333333333333334,0.0,0,0,0.12237101754409234,Low
Djibouti,2003,0,0,0,0.0,0.0,0.0,0.0,0.0,0,0,0.07155524891198818,Low
Djibouti,2004,0,0,0,0.0,0.0,0.0,0.0,0.0,0,0,0.07155524891198818,Low
Djibouti,2005,0,0,0,0.0,0.0,0.0,0.0,0.0,0,0,0.07155524891198818,Low
Djibouti,2006,0,0,0,0.0,0.0,0.0,0.0,0.0,0,0,0.07155524891198818,Low
Djibouti,2007,0,0,0,0.0,0.0,0.0,0.0,0.0,0,1,0.07155524891198818,Low
Djibouti,2008,35,2,1,0.0,0.0,0.0,0.0,2.0,1,0,0.6756032947779685,High
Djibouti,2009,0,0,0,1.0,35.0,0.3333333333333333,11.666666666666666,-2.0,0,0,0.2184166961475025,Low
Djibouti,2010,0,0,0,0.0,0.0,0.3333333333333333,11.666666666666666,0.0,0,0,0.041048332838727004,Low
Djibouti,2011,0,0,0,0.0,0.0,0.3333333333333333,11.666666666666666,0.0,0,0,0.041048332838727004,Low
Djibouti,2012,0,0,0,0.0,0.0,0.0,0.0,0.0,0,0,0.07155524891198818,Low
Djibouti,2013,0,0,0,0.0,0.0,0.0,0.0,0.0,0,0,0.07155524891198818,Low
Djibouti,2014,1,1,0,0.0,0.0,0.0,0.0,1.0,0,0,0.2020203200114487,Low
Djibouti,2015,0,0,0,0.0,1.0,0.0,0.3333333333333333,-1.0,0,0,0.20646866026789099,Low
Djibouti,2016,0,0,0,0.0,0.0,0.0,0.3333333333333333,0.0,0,0,0.11040342782141219,Low
Djibouti,2017,0,0,0,0.0,0.0,0.0,0.3333333333333333,0.0,0,0,0.11040342782141219,Low
Djibouti,2018,6,1,0,0.0,0.0,0.0,0.0,1.0,0,0,0.2020203200114487,Low
Djibouti,2019,0,0,0,0.0,6.0,0.0,2.0,-1.0,0,0,0.27448196477702697,Medium
Djibouti,2020,0,0,0,0.0,0.0,0.0,2.0,0.0,0,0,0.21876333824927105,Low
Djibouti,2021,3,1,0,0.0,0.0,0.0,2.0,1.0,0,0,0.27545383635595727,Medium
Djibouti,2022,0,0,0,0.0,3.0,0.0,1.0,-1.0,0,0,0.15519304629834904,Low
Djibouti,2023,0,0,0,0.0,0.0,0.0,1.0,0.0,0,0,0.1924230177346629,Low
Ecuador,1989,0,0,0,0.0,0.0,0.0,0.0,0.0,0,0,0.07155524891198818,Low
Ecuador,1990,0,0,0,0.0,0.0,0.0,0.0,0.0,0,0,0.07155524891198818,Low
Ecuador,1991,0,0,0,0.0,0.0,0.0,0.0,0.0,0,0,0.07155524891198818,Low
Ecuador,1992,0,0,0,0.0,0.0,0.0,0.0,0.0,0,0,0.07155524891198818,Low
Ecuador,1993,0,0,0,0.0,0.0,0.0,0.0,0.0,0,0,0.07155524891198818,Low
Ecuador,1994,0,0,0,0.0,0.0,0.0,0.0,0.0,0,0,0.07155524891198818,Low
Ecuador,1995,11,4,0,0.0,0.0,0.0,0.0,4.0,0,0,0.050830654010083215,Low
Ecuador,1996,0,0,0,0.0,11.0,0.0,3.6666666666666665,-4.0,0,0,0.07502428545319562,Low
Ecuador,1997,0,0,0,0.0,0.0,0.0,3.6666666666666665,0.0,0,0,0.14605807669347048,Low
Ecuador,1998,0,0,0,0.0,0.0,0.0,3.6666666666666665,0.0,0,0,0.14605807669347048,Low
Ecuador,1999,0,0,0,0.0,0.0,0.0,0.0,0.0,0,0,0.07155524891198818,Low
Ecuador,2000,0,0,0,0.0,0.0,0.0,0.0,0.0,0,0,0.07155524891198818,Low
Ecuador,2001,2,1,0,0.0,0.0,0.0,0.0,1.0,0,0,0.2020203200114487,Low
Ecuador,2002,0,0,0,0.0,2.0,0.0,0.6666666666666666,-1.0,0,1,0.24111742643615458,Low
Ecuador,2003,26,1,1,0.0,0.0,0.0,0.6666666666666666,1.0,1,0,0.3933871842425848,Medium
Ecuador,2004,0,0,0,1.0,26.0,0.3333333333333333,9.333333333333334,-1.0,0,0,0.2832673911760322,Medium
Ecuador,2005,3,1,0,0.0,0.0,0.3333333333333333,8.666666666666666,1.0,0,0,0.11276388637914221,Low
Ecuador,2006,2,1,0,0.0,3.0,0.3333333333333333,9.666666666666666,0.0,0,0,0.16470056706881964,Low
Ecuador,2007,2,1,0,0.0,2.0,0.0,1.6666666666666667,0.0,0,1,0.30296215558191536,Medium
Ecuador,2008,53,3,1,0.0,2.0,0.0,2.333333333333333,2.0,1,0,0.5113154910436577,High
Ecuador,2009,0,0,0,1.0,53.0,0.3333333333333333,19.0,-3.0,0,0,0.15600842654514765,Low
Ecuador,2010,0,0,0,0.0,0.0,0.3333333333333333,18.33333333333333,0.0,0,0,0.038401158007816086,Low
Ecuador,2011,0,0,0,0.0,0.0,0.3333333333333333,17.666666666666668,0.0,0,0,0.038401158007816086,Low
Ecuador,2012,0,0,0,0.0,0.0,0.0,0.0,0.0,0,0,0.07155524891198818,Low
Ecuador,2013,0,0,0,0.0,0.0,0.0,0.0,0.0,0,0,0.07155524891198818,Low
Ecuador,2014,0,0,0,0.0,0.0,0.0,0.0,0.0,0,0,0.07155524891198818,Low
Ecuador,2015,0,0,0,0.0,0.0,0.0,0.0,0.0,0,0,0.07155524891198818,Low
Ecuador,2016,0,0,0,0.0,0.0,0.0,0.0,0.0,0,0,0.07155524891198818,Low
Ecuador,2017,0,0,0,0.0,0.0,0.0,0.0,0.0,0,0,0.07155524891198818,Low
Ecuador,2018,0,0,0,0.0,0.0,0.0,0.0,0.0,0,0,0.07155524891198818,Low
Ecuador,2019,2,1,0,0.0,0.0,0.0,0.0,1.0,0,0,0.2020203200114487,Low
Ecuador,2020,11,1,0,0.0,2.0,0.0,0.6666666666666666,0.0,0,1,0.3451214901884244,Medium
Ecuador,2021,291,8,1,0.0,11.0,0.0,4.333333333333333,7.0,1,1,0.7303289980529643,High
Ecuador,2022,118,11,1,1.0,291.0,0.3333333333333333,101.33333333333331,3.0,2,1,0.8698442351901565,Critical
Ecuador,2023,540,454,1,1.0,118.0,0.6666666666666666,140.0,443.0,3,1,0.9720936286671713,Critical
Egypt,1989,0,0,0,0.0,0.0,0.0,0.0,0.0,0,0,0.07155524891198818,Low
Egypt,1990,4,2,0,0.0,0.0,0.0,0.0,2.0,0,0,0.18758822948971413,Low
Egypt,1991,0,0,0,0.0,4.0,0.0,2.0,-2.0,0,0,0.12241569661417487,Low
Egypt,1992,13,5,0,0.0,0.0,0.0,1.3333333333333333,5.0,0,1,0.5087134928172016,High
Egypt,1993,108,43,1,0.0,13.0,0.0,5.666666666666667,38.0,1,1,0.881263840292936,Critical
Egypt,1994,162,76,1,1.0,108.0,0.3333333333333333,40.333333333333336,33.0,2,1,0.9226187761804892,Critical
Egypt,1995,233,118,1,1.0,162.0,0.6666666666666666,94.33333333333331,42.0,3,1,0.9536816404292155,Critical
Egypt,1996,149,75,1,1.0,233.0,1.0,167.66666666666666,-43.0,4,1,0.9531150104107022,Critical
Egypt,1997,143,34,1,1.0,149.0,1.0,181.33333333333331,-41.0,5,1,0.9527445343204336,Critical
Egypt,1998,29,10,1,1.0,143.0,1.0,175.0,-24.0,6,0,0.8437343174504076,Critical
Egypt,1999,4,2,0,1.0,29.0,1.0,107.0,-8.0,0,0,0.3900217553366366,Medium
Egypt,2000,5,4,0,0.0,4.0,0.6666666666666666,58.66666666666666,2.0,0,0,0.14864733381348674,Low
Egypt,2001,0,0,0,0.0,5.0,0.3333333333333333,12.666666666666666,-4.0,0,0,0.1333508857817492,Low
Egypt,2002,0,0,0,0.0,0.0,0.0,3.0,0.0,0,0,0.14605807669347048,Low
Egypt,2003,0,0,0,0.0,0.0,0.0,1.6666666666666667,0.0,0,1,0.200987836760613,Low
Egypt,2004,35,3,1,0.0,0.0,0.0,0.0,3.0,1,1,0.5983763437101017,High
Egypt,2005,124,4,1,1.0,35.0,0.3333333333333333,11.666666666666666,1.0,2,0,0.46473797381052434,Medium
Egypt,2006,2,2,0,1.0,124.0,0.6666666666666666,53.0,-2.0,0,0,0.41159911102772706,Medium
Egypt,2007,0,0,0,0.0,2.0,0.6666666666666666,53.66666666666666,-2.0,0,0,0.11112845362174932,Low
Egypt,2008,2,2,0,0.0,0.0,0.3333333333333333,42.0,2.0,0,0,0.25936270667698047,Medium
Egypt,2009,1,2,0,0.0,2.0,0.0,1.3333333333333333,0.0,0,0,0.2657189342134749,Medium
Egypt,2010,1,1,0,0.0,1.0,0.0,1.0,-1.0,0,1,0.24446296163956968,Low
Egypt,2011,31,4,1,0.0,1.0,0.0,1.3333333333333333,3.0,1,1,0.6580158358769352,High
Egypt,2012,75,2,1,1.0,31.0,0.3333333333333333,11.0,-2.0,2,1,0.4115546635535741,Medium
Egypt,2013,135,46,1,1.0,75.0,0.6666666666666666,35.666666666666664,44.0,3,1,0.9634498715664208,Critical
Egypt,2014,249,45,1,1.0,135.0,1.0,80.33333333333333,-1.0,4,1,0.8479868317394301,Critical
Egypt,2015,991,60,1,1.0,249.0,1.0,153.0,15.0,5,1,0.9893209160196345,Critical
Egypt,2016,404,40,1,1.0,991.0,1.0,458.3333333333333,-20.0,6,1,0.9683906370511156,Critical
Egypt,2017,902,111,1,1.0,404.0,1.0,548.0,71.0,7,1,0.9965549523120408,Critical
Egypt,2018,692,86,1,1.0,902.0,1.0,765.6666666666666,-25.0,8,1,0.9810045679083396,Critical
Egypt,2019,664,120,1,1.0,692.0,1.0,666.0,34.0,9,1,0.9971109337913397,Critical
Egypt,2020,547,124,1,1.0,664.0,1.0,752.6666666666666,4.0,10,1,0.9911678573145047,Critical
Egypt,2021,124,64,1,1.0,547.0,1.0,634.3333333333334,-60.0,11,1,0.9824203585331891,Critical
Egypt,2022,236,68,1,1.0,124.0,1.0,445.0,4.0,12,0,0.9813750657621227,Critical
Egypt,2023,6,4,0,1.0,236.0,1.0,302.3333333333333,-64.0,0,0,0.35182746400759335,Medium
El Salvador,1989,4924,58,1,0.0,0.0,0.0,0.0,0.0,1,1,0.8223020940359717,Critical
El Salvador,1990,849,46,1,1.0,4924.0,1.0,4924.0,-12.0,2,1,0.9495883325973381,Critical
El Salvador,1991,88,10,1,1.0,849.0,1.0,2886.5,-36.0,3,0,0.8712124224183017,Critical
El Salvador,1992,4,1,0,1.0,88.0,1.0,1953.6666666666667,-9.0,0,0,0.4010036563474038,Medium
El Salvador,1993,0,0,0,0.0,4.0,0.6666666666666666,313.6666666666667,-1.0,0,0,0.0785094273966681,Low
El Salvador,1994,0,0,0,0.0,0.0,0.3333333333333333,30.666666666666668,0.0,0,0,0.03843661575287774,Low
El Salvador,1995,0,0,0,0.0,0.0,0.0,1.3333333333333333,0.0,0,0,0.191773195624242,Low
El Salvador,1996,0,0,0,0.0,0.0,0.0,0.0,0.0,0,0,0.07155524891198818,Low
El Salvador,1997,0,0,0,0.0,0.0,0.0,0.0,0.0,0,0,0.07155524891198818,Low
El Salvador,1998,0,0,0,0.0,0.0,0.0,0.0,0.0,0,0,0.07155524891198818,Low
El Salvador,1999,0,0,0,0.0,0.0,0.0,0.0,0.0,0,0,0.07155524891198818,Low
El Salvador,2000,0,0,0,0.0,0.0,0.0,0.0,0.0,0,0,0.07155524891198818,Low
El Salvador,2001,0,0,0,0.0,0.0,0.0,0.0,0.0,0,0,0.07155524891198818,Low
El Salvador,2002,0,0,0,0.0,0.0,0.0,0.0,0.0,0,0,0.07155524891198818,Low
El Salvador,2003,0,0,0,0.0,0.0,0.0,0.0,0.0,0,1,0.07155524891198818,Low
El Salvador,2004,34,1,1,0.0,0.0,0.0,0.0,1.0,1,0,0.5343815338445682,High
El Salvador,2005,0,0,0,1.0,34.0,0.3333333333333333,11.333333333333334,-1.0,0,0,0.1795401550661447,Low
El Salvador,2006,0,0,0,0.0,0.0,0.3333333333333333,11.333333333333334,0.0,0,0,0.041048332838727004,Low
El Salvador,2007,0,0,0,0.0,0.0,0.3333333333333333,11.333333333333334,0.0,0,0,0.041048332838727004,Low
El Salvador,2008,0,0,0,0.0,0.0,0.0,0.0,0.0,0,0,0.07155524891198818,Low
El Salvador,2009,5,2,0,0.0,0.0,0.0,0.0,2.0,0,0,0.18758822948971413,Low
El Salvador,2010,2,2,0,0.0,5.0,0.0,1.6666666666666667,0.0,0,0,0.3397824672105463,Medium
El Salvador,2011,0,0,0,0.0,2.0,0.0,2.333333333333333,-2.0,0,0,0.13373244061452125,Low
El Salvador,2012,0,0,0,0.0,0.0,0.0,2.333333333333333,0.0,0,0,0.20634890404888742,Low
El Salvador,2013,0,0,0,0.0,0.0,0.0,0.6666666666666666,0.0,0,0,0.11405812144190554,Low
El Salvador,2014,0,0,0,0.0,0.0,0.0,0.0,0.0,0,0,0.07155524891198818,Low
El Salvador,2015,1,1,0,0.0,0.0,0.0,0.0,1.0,0,0,0.2020203200114487,Low
El Salvador,2016,0,0,0,0.0,1.0,0.0,0.3333333333333333,-1.0,0,0,0.20646866026789099,Low
El Salvador,2017,1,1,0,0.0,0.0,0.0,0.3333333333333333,1.0,0,0,0.15018933965983913,Low
El Salvador,2018,0,0,0,0.0,1.0,0.0,0.6666666666666666,-1.0,0,0,0.21450515299978615,Low
El Salvador,2019,1,1,0,0.0,0.0,0.0,0.3333333333333333,1.0,0,0,0.15018933965983913,Low
El Salvador,2020,0,0,0,0.0,1.0,0.0,0.6666666666666666,-1.0,0,0,0.21450515299978615,Low
El Salvador,2021,9,2,0,0.0,0.0,0.0,0.3333333333333333,2.0,0,1,0.4823221640905555,Medium
El Salvador,2022,88,68,1,0.0,9.0,0.0,3.333333333333333,66.0,1,0,0.8538358055875069,Critical
El Salvador,2023,0,0,0,1.0,88.0,0.3333333333333333,32.333333333333336,-68.0,0,0,0.09543338044000879,Low
Eritrea,1989,0,0,0,0.0,0.0,0.0,0.0,0.0,0,0,0.07155524891198818,Low
Eritrea,1990,0,0,0,0.0,0.0,0.0,0.0,0.0,0,0,0.07155524891198818,Low
Eritrea,1991,0,0,0,0.0,0.0,0.0,0.0,0.0,0,0,0.07155524891198818,Low
Eritrea,1992,0,0,0,0.0,0.0,0.0,0.0,0.0,0,0,0.07155524891198818,Low
Eritrea,1993,21,1,0,0.0,0.0,0.0,0.0,1.0,0,0,0.2020203200114487,Low
Eritrea,1994,0,0,0,0.0,21.0,0.0,7.0,-1.0,0,0,0.2888771706527751,Medium
Eritrea,1995,0,0,0,0.0,0.0,0.0,7.0,0.0,0,0,0.23096234176096558,Low
Eritrea,1996,14,2,0,0.0,0.0,0.0,7.0,2.0,0,1,0.6052696489188609,High
Eritrea,1997,31,9,1,0.0,14.0,0.0,4.666666666666667,7.0,1,1,0.5983369229930392,High
Eritrea,1998,792,3,1,1.0,31.0,0.3333333333333333,15.0,-6.0,2,1,0.30811682974215154,Medium
Eritrea,1999,17203,13,1,1.0,792.0,0.6666666666666666,279.0,10.0,3,1,0.9080370704781983,Critical
Eritrea,2000,1793,10,1,1.0,17203.0,1.0,6008.666666666667,-3.0,4,0,0.9469328273674478,Critical
Eritrea,2001,0,0,0,1.0,1793.0,1.0,6596.0,-10.0,0,0,0.12731140085742237,Low
Eritrea,2002,0,0,0,0.0,0.0,0.6666666666666666,6332.0,0.0,0,1,0.6068105201931296,High
Eritrea,2003,57,9,1,0.0,0.0,0.3333333333333333,597.6666666666666,9.0,1,0,0.3409473775680448,Medium
Eritrea,2004,0,0,0,1.0,57.0,0.3333333333333333,19.0,-9.0,0,0,0.07872709622164499,Low
Eritrea,2005,0,0,0,0.0,0.0,0.3333333333333333,19.0,0.0,0,0,0.038401158007816086,Low
Eritrea,2006,0,0,0,0.0,0.0,0.3333333333333333,19.0,0.0,0,0,0.038401158007816086,Low
Eritrea,2007,0,0,0,0.0,0.0,0.0,0.0,0.0,0,0,0.07155524891198818,Low
Eritrea,2008,0,1,0,0.0,0.0,0.0,0.0,1.0,0,0,0.2020203200114487,Low
Eritrea,2009,0,0,0,0.0,0.0,0.0,0.0,-1.0,0,0,0.1307577716278981,Low
Eritrea,2010,0,0,0,0.0,0.0,0.0,0.0,0.0,0,0,0.07155524891198818,Low
Eritrea,2011,0,0,0,0.0,0.0,0.0,0.0,0.0,0,0,0.07155524891198818,Low
Eritrea,2012,0,0,0,0.0,0.0,0.0,0.0,0.0,0,0,0.07155524891198818,Low
Eritrea,2013,0,0,0,0.0,0.0,0.0,0.0,0.0,0,0,0.07155524891198818,Low
Eritrea,2014,0,0,0,0.0,0.0,0.0,0.0,0.0,0,0,0.07155524891198818,Low
Eritrea,2015,0,0,0,0.0,0.0,0.0,0.0,0.0,0,1,0.07155524891198818,Low
Eritrea,2016,25,1,1,0.0,0.0,0.0,0.0,1.0,1,0,0.5343815338445682,High
Eritrea,2017,0,0,0,1.0,25.0,0.3333333333333333,8.333333333333334,-1.0,0,0,0.2666413844552673,Medium
Eritrea,2018,0,0,0,0.0,0.0,0.3333333333333333,8.333333333333334,0.0,0,0,0.12237101754409234,Low
Eritrea,2019,0,0,0,0.0,0.0,0.3333333333333333,8.333333333333334,0.0,0,0,0.12237101754409234,Low
Eritrea,2020,0,0,0,0.0,0.0,0.0,0.0,0.0,0,0,0.07155524891198818,Low
Eritrea,2021,0,0,0,0.0,0.0,0.0,0.0,0.0,0,0,0.07155524891198818,Low
Eritrea,2022,4,4,0,0.0,0.0,0.0,0.0,4.0,0,0,0.050830654010083215,Low
Eritrea,2023,0,0,0,0.0,4.0,0.0,1.3333333333333333,-4.0,0,0,0.08303312285240612,Low
Ethiopia,1989,25385,72,1,0.0,0.0,0.0,0.0,0.0,1,1,0.8223020940359717,Critical
Ethiopia,1990,49856,110,1,1.0,25385.0,1.0,25385.0,38.0,2,1,0.9862899973148531,Critical
Ethiopia,1991,12440,44,1,1.0,49856.0,1.0,37620.5,-66.0,3,1,0.9599916064650347,Critical
Ethiopia,1992,1026,16,1,1.0,12440.0,1.0,29227.0,-28.0,4,1,0.9621445781889778,Critical
Ethiopia,1993,133,13,1,1.0,1026.0,1.0,21107.33333333333,-3.0,5,1,0.9410528756226844,Critical
Ethiopia,1994,76,5,1,1.0,133.0,1.0,4533.0,-8.0,6,1,0.8511456081236236,Critical
Ethiopia,1995,1043,9,1,1.0,76.0,1.0,411.6666666666667,4.0,7,1,0.9388700929069023,Critical
Ethiopia,1996,65,5,1,1.0,1043.0,1.0,417.3333333333333,-4.0,8,0,0.9199749587467426,Critical
Ethiopia,1997,12,4,0,1.0,65.0,1.0,394.6666666666667,-1.0,0,1,0.8362909933328526,Critical
Ethiopia,1998,1027,21,1,0.0,12.0,0.6666666666666666,373.3333333333333,17.0,1,1,0.9569191953480949,Critical
Ethiopia,1999,30786,42,1,1.0,1027.0,0.6666666666666666,368.0,21.0,2,1,0.9593731329114208,Critical
Ethiopia,2000,48666,77,1,1.0,30786.0,0.6666666666666666,10608.333333333334,35.0,3,1,0.9335020674536022,Critical
Ethiopia,2001,388,52,1,1.0,48666.0,1.0,26826.33333333333,-25.0,4,1,0.9615096847664965,Critical
Ethiopia,2002,809,124,1,1.0,388.0,1.0,26613.33333333333,72.0,5,1,0.9955645132520831,Critical
Ethiopia,2003,1093,69,1,1.0,809.0,1.0,16621.0,-55.0,6,1,0.9732629119880043,Critical
Ethiopia,2004,475,126,1,1.0,1093.0,1.0,763.3333333333334,57.0,7,1,0.9952329490538727,Critical
Ethiopia,2005,290,90,1,1.0,475.0,1.0,792.3333333333334,-36.0,8,1,0.9854361600852017,Critical
Ethiopia,2006,430,102,1,1.0,290.0,1.0,619.3333333333334,12.0,9,1,0.9879853835756262,Critical
Ethiopia,2007,500,145,1,1.0,430.0,1.0,398.3333333333333,43.0,10,1,0.9966859056798253,Critical
Ethiopia,2008,311,83,1,1.0,500.0,1.0,406.6666666666667,-62.0,11,1,0.9824415571066741,Critical
Ethiopia,2009,590,87,1,1.0,311.0,1.0,413.6666666666667,4.0,12,1,0.9910305987318715,Critical
Ethiopia,2010,152,98,1,1.0,590.0,1.0,467.0,11.0,13,1,0.9936313253889026,Critical
Ethiopia,2011,66,92,1,1.0,152.0,1.0,351.0,-6.0,14,1,0.9749008096395774,Critical
Ethiopia,2012,391,90,1,1.0,66.0,1.0,269.3333333333333,-2.0,15,1,0.9051777538753621,Critical
Ethiopia,2013,88,54,1,1.0,391.0,1.0,203.0,-36.0,16,1,0.9820121477740962,Critical
Ethiopia,2014,139,27,1,1.0,88.0,1.0,181.66666666666663,-27.0,17,1,0.9613178347204971,Critical
Ethiopia,2015,307,97,1,1.0,139.0,1.0,206.0,70.0,18,1,0.9938617624690306,Critical
Ethiopia,2016,529,148,1,1.0,307.0,1.0,178.0,51.0,19,1,0.9969379459419683,Critical
Ethiopia,2017,488,41,1,1.0,529.0,1.0,325.0,-107.0,20,1,0.9883486123052228,Critical
Ethiopia,2018,713,63,1,1.0,488.0,1.0,441.3333333333333,22.0,21,1,0.9962603085778411,Critical
Ethiopia,2019,425,63,1,1.0,713.0,1.0,576.6666666666666,0.0,22,1,0.9912386382811269,Critical
Ethiopia,2020,24429,263,1,1.0,425.0,1.0,542.0,200.0,23,1,0.9977399442365052,Critical
Ethiopia,2021,129516,730,1,1.0,24429.0,1.0,8522.333333333334,467.0,24,1,0.9988541945958044,Critical
Ethiopia,2022,165025,879,1,1.0,129516.0,1.0,51456.66666666666,149.0,25,1,0.9989821263214693,Critical
Ethiopia,2023,2346,579,1,1.0,165025.0,1.0,106323.33333333331,-300.0,26,1,0.9912794563044101,Critical
France,1989,0,0,0,0.0,0.0,0.0,0.0,0.0,0,0,0.07155524891198818,Low
France,1990,0,0,0,0.0,0.0,0.0,0.0,0.0,0,0,0.07155524891198818,Low
France,1991,0,0,0,0.0,0.0,0.0,0.0,0.0,0,0,0.07155524891198818,Low
France,1992,0,1,0,0.0,0.0,0.0,0.0,1.0,0,0,0.2020203200114487,Low
France,1993,0,0,0,0.0,0.0,0.0,0.0,-1.0,0,0,0.1307577716278981,Low
France,1994,0,0,0,0.0,0.0,0.0,0.0,0.0,0,0,0.07155524891198818,Low
France,1995,8,1,0,0.0,0.0,0.0,0.0,1.0,0,0,0.2020203200114487,Low
France,1996,0,1,0,0.0,8.0,0.0,2.6666666666666665,0.0,0,0,0.2376643133903542,Low
France,1997,0,0,0,0.0,0.0,0.0,2.6666666666666665,-1.0,0,0,0.16129806191504967,Low
France,1998,0,0,0,0.0,0.0,0.0,2.6666666666666665,0.0,0,0,0.1521610815065023,Low
France,1999,0,0,0,0.0,0.0,0.0,0.0,0.0,0,0,0.07155524891198818,Low
France,2000,0,0,0,0.0,0.0,0.0,0.0,0.0,0,0,0.07155524891198818,Low
France,2001,0,0,0,0.0,0.0,0.0,0.0,0.0,0,0,0.07155524891198818,Low
France,2002,0,0,0,0.0,0.0,0.0,0.0,0.0,0,0,0.07155524891198818,Low
France,2003,0,0,0,0.0,0.0,0.0,0.0,0.0,0,0,0.07155524891198818,Low
France,2004,0,0,0,0.0,0.0,0.0,0.0,0.0,0,0,0.07155524891198818,Low
France,2005,0,0,0,0.0,0.0,0.0,0.0,0.0,0,0,0.07155524891198818,Low
France,2006,0,0,0,0.0,0.0,0.0,0.0,0.0,0,0,0.07155524891198818,Low
France,2007,2,1,0,0.0,0.0,0.0,0.0,1.0,0,0,0.2020203200114487,Low
France,2008,0,0,0,0.0,2.0,0.0,0.6666666666666666,-1.0,0,0,0.24111742643615458,Low
France,2009,0,0,0,0.0,0.0,0.0,0.6666666666666666,0.0,0,0,0.11405812144190554,Low
France,2010,0,0,0,0.0,0.0,0.0,0.6666666666666666,0.0,0,0,0.11405812144190554,Low
France,2011,0,0,0,0.0,0.0,0.0,0.0,0.0,0,0,0.07155524891198818,Low
France,2012,4,1,0,0.0,0.0,0.0,0.0,1.0,0,0,0.2020203200114487,Low
France,2013,0,0,0,0.0,4.0,0.0,1.3333333333333333,-1.0,0,0,0.1511927892361622,Low
France,2014,0,0,0,0.0,0.0,0.0,1.3333333333333333,0.0,0,1,0.191773195624242,Low
France,2015,133,2,1,0.0,0.0,0.0,1.3333333333333333,2.0,1,1,0.5701558445832132,High
France,2016,87,2,1,1.0,133.0,0.3333333333333333,44.333333333333336,0.0,2,0,0.4788615906848118,Medium
France,2017,2,1,0,1.0,87.0,0.6666666666666666,73.33333333333333,-1.0,0,0,0.44847648757114766,Medium
France,2018,13,8,0,0.0,2.0,0.6666666666666666,74.0,7.0,0,0,0.1919205669386407,Low
France,2019,0,0,0,0.0,13.0,0.3333333333333333,34.0,-8.0,0,0,0.14215940678642638,Low
France,2020,0,0,0,0.0,0.0,0.0,5.0,0.0,0,0,0.17295406130513352,Low
France,2021,0,0,0,0.0,0.0,0.0,4.333333333333333,0.0,0,0,0.15750995417760832,Low
France,2022,0,0,0,0.0,0.0,0.0,0.0,0.0,0,1,0.07155524891198818,Low
France,2023,48,42,1,0.0,0.0,0.0,0.0,42.0,1,0,0.5290025873547521,High
Gambia,1989,0,0,0,0.0,0.0,0.0,0.0,0.0,0,0,0.07155524891198818,Low
Gambia,1990,0,0,0,0.0,0.0,0.0,0.0,0.0,0,0,0.07155524891198818,Low
Gambia,1991,0,0,0,0.0,0.0,0.0,0.0,0.0,0,0,0.07155524891198818,Low
Gambia,1992,0,0,0,0.0,0.0,0.0,0.0,0.0,0,0,0.07155524891198818,Low
Gambia,1993,0,0,0,0.0,0.0,0.0,0.0,0.0,0,0,0.07155524891198818,Low
Gambia,1994,0,0,0,0.0,0.0,0.0,0.0,0.0,0,0,0.07155524891198818,Low
Gambia,1995,0,0,0,0.0,0.0,0.0,0.0,0.0,0,0,0.07155524891198818,Low
Gambia,1996,0,1,0,0.0,0.0,0.0,0.0,1.0,0,0,0.2020203200114487,Low
Gambia,1997,0,0,0,0.0,0.0,0.0,0.0,-1.0,0,0,0.1307577716278981,Low
Gambia,1998,0,0,0,0.0,0.0,0.0,0.0,0.0,0,0,0.07155524891198818,Low
Gambia,1999,0,0,0,0.0,0.0,0.0,0.0,0.0,0,0,0.07155524891198818,Low
Gambia,2000,0,0,0,0.0,0.0,0.0,0.0,0.0,0,0,0.07155524891198818,Low
Gambia,2001,0,0,0,0.0,0.0,0.0,0.0,0.0,0,0,0.07155524891198818,Low
Gambia,2002,0,0,0,0.0,0.0,0.0,0.0,0.0,0,0,0.07155524891198818,Low
Gambia,2003,0,0,0,0.0,0.0,0.0,0.0,0.0,0,0,0.07155524891198818,Low
Gambia,2004,1,1,0,0.0,0.0,0.0,0.0,1.0,0,0,0.2020203200114487,Low
Gambia,2005,8,2,0,0.0,1.0,0.0,0.3333333333333333,1.0,0,0,0.14504711020612582,Low
Gambia,2006,0,0,0,0.0,8.0,0.0,3.0,-2.0,0,0,0.12012638631242538,Low
Gambia,2007,0,0,0,0.0,0.0,0.0,3.0,0.0,0,0,0.14605807669347048,Low
Gambia,2008,0,0,0,0.0,0.0,0.0,2.6666666666666665,0.0,0,0,0.1521610815065023,Low
Gambia,2009,0,0,0,0.0,0.0,0.0,0.0,0.0,0,0,0.07155524891198818,Low
Gambia,2010,0,0,0,0.0,0.0,0.0,0.0,0.0,0,0,0.07155524891198818,Low
Gambia,2011,0,0,0,0.0,0.0,0.0,0.0,0.0,0,0,0.07155524891198818,Low
Gambia,2012,1,1,0,0.0,0.0,0.0,0.0,1.0,0,0,0.2020203200114487,Low
Gambia,2013,0,0,0,0.0,1.0,0.0,0.3333333333333333,-1.0,0,0,0.20646866026789099,Low
Gambia,2014,0,0,0,0.0,0.0,0.0,0.3333333333333333,0.0,0,0,0.11040342782141219,Low
Gambia,2015,0,0,0,0.0,0.0,0.0,0.3333333333333333,0.0,0,0,0.11040342782141219,Low
Gambia,2016,0,0,0,0.0,0.0,0.0,0.0,0.0,0,0,0.07155524891198818,Low
Gambia,2017,0,0,0,0.0,0.0,0.0,0.0,0.0,0,0,0.07155524891198818,Low
Gambia,2018,0,0,0,0.0,0.0,0.0,0.0,0.0,0,0,0.07155524891198818,Low
Gambia,2019,0,0,0,0.0,0.0,0.0,0.0,0.0,0,0,0.07155524891198818,Low
Gambia,2020,0,0,0,0.0,0.0,0.0,0.0,0.0,0,0,0.07155524891198818,Low
Gambia,2021,0,0,0,0.0,0.0,0.0,0.0,0.0,0,0,0.07155524891198818,Low
Gambia,2022,0,0,0,0.0,0.0,0.0,0.0,0.0,0,0,0.07155524891198818,Low
Gambia,2023,0,0,0,0.0,0.0,0.0,0.0,0.0,0,0,0.07155524891198818,Low
Georgia,1989,0,0,0,0.0,0.0,0.0,0.0,0.0,0,0,0.07155524891198818,Low
Georgia,1990,0,0,0,0.0,0.0,0.0,0.0,0.0,0,1,0.07155524891198818,Low
Georgia,1991,52,6,1,0.0,0.0,0.0,0.0,6.0,1,1,0.6053234101592702,High
Georgia,1992,775,96,1,1.0,52.0,0.3333333333333333,17.333333333333332,90.0,2,1,0.8048230744046497,Critical
Georgia,1993,1837,113,1,1.0,775.0,0.6666666666666666,275.6666666666667,17.0,3,0,0.6958106480383652,High
Georgia,1994,0,0,0,1.0,1837.0,1.0,888.0,-113.0,0,1,0.2743623392157022,Medium
Georgia,1995,52,3,1,0.0,0.0,0.6666666666666666,870.6666666666666,3.0,1,0,0.23013522639937098,Low
Georgia,1996,0,0,0,1.0,52.0,0.6666666666666666,629.6666666666666,-3.0,0,1,0.6091800589105058,High
Georgia,1997,26,5,1,0.0,0.0,0.3333333333333333,17.333333333333332,5.0,1,1,0.6010803304725182,High
Georgia,1998,38,3,1,1.0,26.0,0.6666666666666666,26.0,-2.0,2,0,0.5442658311641634,High
Georgia,1999,0,0,0,1.0,38.0,0.6666666666666666,21.33333333333333,-3.0,0,0,0.20710115690760128,Low
Georgia,2000,0,0,0,0.0,0.0,0.6666666666666666,21.33333333333333,0.0,0,0,0.032843979550168045,Low
Georgia,2001,0,0,0,0.0,0.0,0.3333333333333333,12.666666666666666,0.0,0,0,0.04534238845011388,Low
Georgia,2002,0,2,0,0.0,0.0,0.0,0.0,2.0,0,0,0.18758822948971413,Low
Georgia,2003,0,0,0,0.0,0.0,0.0,0.0,-2.0,0,1,0.043319662830865205,Low
Georgia,2004,27,13,1,0.0,0.0,0.0,0.0,13.0,1,0,0.434791611688178,Medium
Georgia,2005,0,0,0,1.0,27.0,0.3333333333333333,9.0,-13.0,0,0,0.28378743120805683,Medium
Georgia,2006,0,0,0,0.0,0.0,0.3333333333333333,9.0,0.0,0,0,0.19303670846608745,Low
Georgia,2007,0,0,0,0.0,0.0,0.3333333333333333,9.0,0.0,0,1,0.19303670846608745,Low
Georgia,2008,621,12,1,0.0,0.0,0.0,0.0,12.0,1,0,0.43585718938674395,Medium
Georgia,2009,0,0,0,1.0,621.0,0.3333333333333333,207.0,-12.0,0,0,0.0990082042455235,Low
Georgia,2010,3,4,0,0.0,0.0,0.3333333333333333,207.0,4.0,0,0,0.10619998034198322,Low
Georgia,2011,0,1,0,0.0,3.0,0.3333333333333333,208.0,-3.0,0,0,0.11779230641421023,Low
Georgia,2012,0,0,0,0.0,0.0,0.0,1.0,-1.0,0,0,0.251228705230624,Medium
Georgia,2013,0,0,0,0.0,0.0,0.0,1.0,0.0,0,0,0.1924230177346629,Low
Georgia,2014,0,0,0,0.0,0.0,0.0,0.0,0.0,0,0,0.07155524891198818,Low
Georgia,2015,0,0,0,0.0,0.0,0.0,0.0,0.0,0,0,0.07155524891198818,Low
Georgia,2016,0,0,0,0.0,0.0,0.0,0.0,0.0,0,0,0.07155524891198818,Low
Georgia,2017,0,0,0,0.0,0.0,0.0,0.0,0.0,0,0,0.07155524891198818,Low
Georgia,2018,0,0,0,0.0,0.0,0.0,0.0,0.0,0,0,0.07155524891198818,Low
Georgia,2019,0,0,0,0.0,0.0,0.0,0.0,0.0,0,0,0.07155524891198818,Low
Georgia,2020,0,0,0,0.0,0.0,0.0,0.0,0.0,0,0,0.07155524891198818,Low
Georgia,2021,0,0,0,0.0,0.0,0.0,0.0,0.0,0,0,0.07155524891198818,Low
Georgia,2022,0,0,0,0.0,0.0,0.0,0.0,0.0,0,0,0.07155524891198818,Low
Georgia,2023,1,1,0,0.0,0.0,0.0,0.0,1.0,0,0,0.2020203200114487,Low
Germany,1989,3,2,0,0.0,0.0,0.0,0.0,0.0,0,0,0.07155524891198818,Low
Germany,1990,1,1,0,0.0,3.0,0.0,3.0,-1.0,0,0,0.1383776360242247,Low
Germany,1991,0,0,0,0.0,1.0,0.0,2.0,-1.0,0,0,0.2364161818820188,Low
Germany,1992,4,1,0,0.0,0.0,0.0,1.3333333333333333,1.0,0,0,0.2367747097331808,Low
Germany,1993,0,0,0,0.0,4.0,0.0,1.6666666666666667,-1.0,0,0,0.1681815742013067,Low
Germany,1994,0,0,0,0.0,0.0,0.0,1.3333333333333333,0.0,0,0,0.191773195624242,Low
Germany,1995,0,0,0,0.0,0.0,0.0,1.3333333333333333,0.0,0,0,0.191773195624242,Low
Germany,1996,0,0,0,0.0,0.0,0.0,0.0,0.0,0,0,0.07155524891198818,Low
Germany,1997,0,0,0,0.0,0.0,0.0,0.0,0.0,0,0,0.07155524891198818,Low
Germany,1998,0,0,0,0.0,0.0,0.0,0.0,0.0,0,0,0.07155524891198818,Low
Germany,1999,0,0,0,0.0,0.0,0.0,0.0,0.0,0,0,0.07155524891198818,Low
Germany,2000,0,0,0,0.0,0.0,0.0,0.0,0.0,0,0,0.07155524891198818,Low
Germany,2001,0,0,0,0.0,0.0,0.0,0.0,0.0,0,0,0.07155524891198818,Low
Germany,2002,0,0,0,0.0,0.0,0.0,0.0,0.0,0,0,0.07155524891198818,Low
Germany,2003,0,0,0,0.0,0.0,0.0,0.0,0.0,0,0,0.07155524891198818,Low
Germany,2004,0,0,0,0.0,0.0,0.0,0.0,0.0,0,0,0.07155524891198818,Low
Germany,2005,0,0,0,0.0,0.0,0.0,0.0,0.0,0,0,0.07155524891198818,Low
Germany,2006,0,0,0,0.0,0.0,0.0,0.0,0.0,0,0,0.07155524891198818,Low
Germany,2007,0,0,0,0.0,0.0,0.0,0.0,0.0,0,0,0.07155524891198818,Low
Germany,2008,0,0,0,0.0,0.0,0.0,0.0,0.0,0,0,0.07155524891198818,Low
Germany,2009,0,0,0,0.0,0.0,0.0,0.0,0.0,0,0,0.07155524891198818,Low
Germany,2010,0,0,0,0.0,0.0,0.0,0.0,0.0,0,0,0.07155524891198818,Low
Germany,2011,0,0,0,0.0,0.0,0.0,0.0,0.0,0,0,0.07155524891198818,Low
Germany,2012,0,0,0,0.0,0.0,0.0,0.0,0.0,0,0,0.07155524891198818,Low
Germany,2013,0,0,0,0.0,0.0,0.0,0.0,0.0,0,0,0.07155524891198818,Low
Germany,2014,0,0,0,0.0,0.0,0.0,0.0,0.0,0,0,0.07155524891198818,Low
Germany,2015,0,0,0,0.0,0.0,0.0,0.0,0.0,0,0,0.07155524891198818,Low
Germany,2016,12,1,0,0.0,0.0,0.0,0.0,1.0,0,0,0.2020203200114487,Low
Germany,2017,0,0,0,0.0,12.0,0.0,4.0,-1.0,0,0,0.22548916899212543,Low
Germany,2018,0,0,0,0.0,0.0,0.0,4.0,0.0,0,0,0.15877575538951158,Low
Germany,2019,0,0,0,0.0,0.0,0.0,4.0,0.0,0,0,0.15877575538951158,Low
Germany,2020,0,0,0,0.0,0.0,0.0,0.0,0.0,0,0,0.07155524891198818,Low
Germany,2021,0,0,0,0.0,0.0,0.0,0.0,0.0,0,0,0.07155524891198818,Low
Germany,2022,0,0,0,0.0,0.0,0.0,0.0,0.0,0,0,0.07155524891198818,Low
Germany,2023,0,0,0,0.0,0.0,0.0,0.0,0.0,0,0,0.07155524891198818,Low
Ghana,1989,0,0,0,0.0,0.0,0.0,0.0,0.0,0,0,0.07155524891198818,Low
Ghana,1990,0,0,0,0.0,0.0,0.0,0.0,0.0,0,1,0.07155524891198818,Low
Ghana,1991,30,2,1,0.0,0.0,0.0,0.0,2.0,1,1,0.6756032947779685,High
Ghana,1992,63,2,1,1.0,30.0,0.3333333333333333,10.0,0.0,2,0,0.513460016403695,High
Ghana,1993,2,1,0,1.0,63.0,0.6666666666666666,31.0,-1.0,0,1,0.6239192520294087,High
Ghana,1994,2004,9,1,0.0,2.0,0.6666666666666666,31.666666666666668,8.0,1,1,0.5968661727716108,High
Ghana,1995,155,8,1,1.0,2004.0,0.6666666666666666,689.6666666666666,-1.0,2,0,0.8753841687323092,Critical
Ghana,1996,0,0,0,1.0,155.0,0.6666666666666666,720.3333333333334,-8.0,0,0,0.408711137586608,Medium
Ghana,1997,0,0,0,0.0,0.0,0.6666666666666666,719.6666666666666,0.0,0,0,0.029134950876684707,Low
Ghana,1998,0,0,0,0.0,0.0,0.3333333333333333,51.66666666666666,0.0,0,0,0.04519097841998387,Low
Ghana,1999,0,0,0,0.0,0.0,0.0,0.0,0.0,0,1,0.07155524891198818,Low
Ghana,2000,30,1,1,0.0,0.0,0.0,0.0,1.0,1,1,0.5343815338445682,High
Ghana,2001,50,1,1,1.0,30.0,0.3333333333333333,10.0,0.0,2,1,0.513460016403695,High
Ghana,2002,36,1,1,1.0,50.0,0.6666666666666666,26.666666666666668,0.0,3,0,0.7387883150823221,High
Ghana,2003,0,0,0,1.0,36.0,1.0,38.66666666666666,-1.0,0,0,0.5439448172583052,High
Ghana,2004,0,0,0,0.0,0.0,0.6666666666666666,28.666666666666668,0.0,0,0,0.038043792227997274,Low
Ghana,2005,0,0,0,0.0,0.0,0.3333333333333333,12.0,0.0,0,0,0.041048332838727004,Low
Ghana,2006,0,0,0,0.0,0.0,0.0,0.0,0.0,0,0,0.07155524891198818,Low
Ghana,2007,0,0,0,0.0,0.0,0.0,0.0,0.0,0,1,0.07155524891198818,Low
Ghana,2008,55,10,1,0.0,0.0,0.0,0.0,10.0,1,0,0.4070792985395843,Medium
Ghana,2009,8,2,0,1.0,55.0,0.3333333333333333,18.33333333333333,-8.0,0,0,0.07912524124694008,Low
Ghana,2010,1,1,0,0.0,8.0,0.3333333333333333,21.0,-1.0,0,0,0.28143836883133144,Medium
Ghana,2011,0,0,0,0.0,1.0,0.3333333333333333,21.33333333333333,-1.0,0,0,0.22980892995182595,Low
Ghana,2012,0,0,0,0.0,0.0,0.0,3.0,0.0,0,0,0.14605807669347048,Low
Ghana,2013,0,0,0,0.0,0.0,0.0,0.3333333333333333,0.0,0,0,0.11040342782141219,Low
Ghana,2014,0,0,0,0.0,0.0,0.0,0.0,0.0,0,0,0.07155524891198818,Low
Ghana,2015,0,0,0,0.0,0.0,0.0,0.0,0.0,0,0,0.07155524891198818,Low
Ghana,2016,0,0,0,0.0,0.0,0.0,0.0,0.0,0,0,0.07155524891198818,Low
Ghana,2017,0,0,0,0.0,0.0,0.0,0.0,0.0,0,0,0.07155524891198818,Low
Ghana,2018,0,0,0,0.0,0.0,0.0,0.0,0.0,0,0,0.07155524891198818,Low
Ghana,2019,0,0,0,0.0,0.0,0.0,0.0,0.0,0,0,0.07155524891198818,Low
Ghana,2020,0,0,0,0.0,0.0,0.0,0.0,0.0,0,0,0.07155524891198818,Low
Ghana,2021,0,0,0,0.0,0.0,0.0,0.0,0.0,0,0,0.07155524891198818,Low
Ghana,2022,16,5,0,0.0,0.0,0.0,0.0,5.0,0,0,0.07088415122368724,Low
Ghana,2023,15,9,0,0.0,16.0,0.0,5.333333333333333,4.0,0,0,0.5967340376609013,High
Guatemala,1989,491,78,1,0.0,0.0,0.0,0.0,0.0,1,1,0.8223020940359717,Critical
Guatemala,1990,681,110,1,1.0,491.0,1.0,491.0,32.0,2,1,0.9413287302844653,Critical
Guatemala,1991,426,74,1,1.0,681.0,1.0,586.0,-36.0,3,1,0.930605620053434,Critical
Guatemala,1992,393,64,1,1.0,426.0,1.0,532.6666666666666,-10.0,4,1,0.9585074114808593,Critical
Guatemala,1993,218,51,1,1.0,393.0,1.0,500.0,-13.0,5,1,0.9828919505564266,Critical
Guatemala,1994,287,38,1,1.0,218.0,1.0,345.6666666666667,-13.0,6,1,0.9750329704875917,Critical
Guatemala,1995,122,27,1,1.0,287.0,1.0,299.3333333333333,-11.0,7,0,0.9840775321892806,Critical
Guatemala,1996,20,11,0,1.0,122.0,1.0,209.0,-16.0,0,0,0.3667759284566841,Medium
Guatemala,1997,2,1,0,0.0,20.0,0.6666666666666666,143.0,-10.0,0,0,0.11374480968329628,Low
Guatemala,1998,1,1,0,0.0,2.0,0.3333333333333333,48.0,0.0,0,0,0.23503240484941923,Low
Guatemala,1999,0,0,0,0.0,1.0,0.0,7.666666666666667,-1.0,0,0,0.2689102637537183,Medium
Guatemala,2000,0,1,0,0.0,0.0,0.0,1.0,1.0,0,0,0.24825801506133008,Low
Guatemala,2001,5,1,0,0.0,0.0,0.0,0.3333333333333333,0.0,0,0,0.11040342782141219,Low
Guatemala,2002,2,2,0,0.0,5.0,0.0,1.6666666666666667,1.0,0,0,0.30459783302911575,Medium
Guatemala,2003,0,0,0,0.0,2.0,0.0,2.333333333333333,-2.0,0,0,0.13373244061452125,Low
Guatemala,2004,1,2,0,0.0,0.0,0.0,2.333333333333333,2.0,0,1,0.6044695310938052,High
Guatemala,2005,58,5,1,0.0,1.0,0.0,1.0,3.0,1,0,0.5402566629548363,High
Guatemala,2006,0,0,0,1.0,58.0,0.3333333333333333,19.666666666666668,-5.0,0,0,0.09184834698626622,Low
Guatemala,2007,6,2,0,0.0,0.0,0.3333333333333333,19.666666666666668,2.0,0,1,0.47195828245128174,Medium
Guatemala,2008,41,5,1,0.0,6.0,0.3333333333333333,21.33333333333333,3.0,1,0,0.5541624464979259,High
Guatemala,2009,1,1,0,1.0,41.0,0.3333333333333333,15.666666666666666,-4.0,0,0,0.12500437282889806,Low
Guatemala,2010,0,0,0,0.0,1.0,0.3333333333333333,16.0,-1.0,0,1,0.2890699414773832,Medium
Guatemala,2011,36,4,1,0.0,0.0,0.3333333333333333,14.0,4.0,1,0,0.4956421679133436,Medium
Guatemala,2012,0,0,0,1.0,36.0,0.3333333333333333,12.333333333333334,-4.0,0,0,0.11068295876089751,Low
Guatemala,2013,0,0,0,0.0,0.0,0.3333333333333333,12.0,0.0,0,0,0.041048332838727004,Low
Guatemala,2014,0,0,0,0.0,0.0,0.3333333333333333,12.0,0.0,0,0,0.041048332838727004,Low
Guatemala,2015,24,4,0,0.0,0.0,0.0,0.0,4.0,0,0,0.050830654010083215,Low
Guatemala,2016,2,1,0,0.0,24.0,0.0,8.0,-3.0,0,0,0.18310863718095707,Low
Guatemala,2017,0,0,0,0.0,2.0,0.0,8.666666666666666,-1.0,0,0,0.24754746910242678,Low
Guatemala,2018,0,0,0,0.0,0.0,0.0,8.666666666666666,0.0,0,0,0.18877735583469848,Low
Guatemala,2019,0,0,0,0.0,0.0,0.0,0.6666666666666666,0.0,0,0,0.11405812144190554,Low
Guatemala,2020,0,0,0,0.0,0.0,0.0,0.0,0.0,0,0,0.07155524891198818,Low
Guatemala,2021,1,1,0,0.0,0.0,0.0,0.0,1.0,0,0,0.2020203200114487,Low
Guatemala,2022,13,3,0,0.0,1.0,0.0,0.3333333333333333,2.0,0,0,0.34813682091144305,Medium
Guatemala,2023,10,2,0,0.0,13.0,0.0,4.666666666666667,-1.0,0,1,0.3160698967398815,Medium
Guinea,1989,0,0,0,0.0,0.0,0.0,0.0,0.0,0,0,0.07155524891198818,Low
Guinea,1990,0,0,0,0.0,0.0,0.0,0.0,0.0,0,0,0.07155524891198818,Low
Guinea,1991,0,0,0,0.0,0.0,0.0,0.0,0.0,0,0,0.07155524891198818,Low
Guinea,1992,0,0,0,0.0,0.0,0.0,0.0,0.0,0,0,0.07155524891198818,Low
Guinea,1993,0,0,0,0.0,0.0,0.0,0.0,0.0,0,0,0.07155524891198818,Low
Guinea,1994,0,1,0,0.0,0.0,0.0,0.0,1.0,0,0,0.2020203200114487,Low
Guinea,1995,0,0,0,0.0,0.0,0.0,0.0,-1.0,0,1,0.1307577716278981,Low
Guinea,1996,27,1,1,0.0,0.0,0.0,0.0,1.0,1,0,0.5343815338445682,High
Guinea,1997,0,0,0,1.0,27.0,0.3333333333333333,9.0,-1.0,0,0,0.2900228788374291,Medium
Guinea,1998,12,3,0,0.0,0.0,0.3333333333333333,9.0,3.0,0,0,0.33316332462855525,Medium
Guinea,1999,13,2,0,0.0,12.0,0.3333333333333333,13.0,-1.0,0,1,0.3855009300292937,Medium
Guinea,2000,256,26,1,0.0,13.0,0.0,8.333333333333334,24.0,1,1,0.8866389017169761,Critical
Guinea,2001,430,4,1,1.0,256.0,0.3333333333333333,93.66666666666669,-22.0,2,0,0.47980250124371887,Medium
Guinea,2002,0,0,0,1.0,430.0,0.6666666666666666,233.0,-4.0,0,0,0.3860782312906151,Medium
Guinea,2003,0,0,0,0.0,0.0,0.6666666666666666,228.66666666666663,0.0,0,0,0.02608834201945337,Low
Guinea,2004,0,0,0,0.0,0.0,0.3333333333333333,143.33333333333334,0.0,0,0,0.04712055290162661,Low
Guinea,2005,3,1,0,0.0,0.0,0.0,0.0,1.0,0,0,0.2020203200114487,Low
Guinea,2006,15,6,0,0.0,3.0,0.0,1.0,5.0,0,1,0.3997667542624277,Medium
Guinea,2007,45,21,1,0.0,15.0,0.0,6.0,15.0,1,0,0.45921254081758556,Medium
Guinea,2008,0,0,0,1.0,45.0,0.3333333333333333,21.0,-21.0,0,1,0.44307926765724254,Medium
Guinea,2009,160,3,1,0.0,0.0,0.3333333333333333,20.0,3.0,1,0,0.4323648350631148,Medium
Guinea,2010,1,1,0,1.0,160.0,0.6666666666666666,68.33333333333333,-2.0,0,1,0.517892060944574,High
Guinea,2011,25,1,1,0.0,1.0,0.3333333333333333,53.66666666666666,0.0,1,0,0.37654882189010636,Medium
Guinea,2012,9,4,0,1.0,25.0,0.6666666666666666,62.0,3.0,0,1,0.7518382025832168,Critical
Guinea,2013,98,3,1,0.0,9.0,0.3333333333333333,11.666666666666666,-1.0,1,0,0.4080520766882117,Medium
Guinea,2014,0,0,0,1.0,98.0,0.6666666666666666,44.0,-3.0,0,0,0.4928581835037746,Medium
Guinea,2015,3,1,0,0.0,0.0,0.3333333333333333,35.666666666666664,1.0,0,0,0.08762416551365027,Low
Guinea,2016,0,0,0,0.0,3.0,0.3333333333333333,33.666666666666664,-1.0,0,0,0.22842010317830538,Low
Guinea,2017,0,0,0,0.0,0.0,0.0,1.0,0.0,0,0,0.1924230177346629,Low
Guinea,2018,0,0,0,0.0,0.0,0.0,1.0,0.0,0,0,0.1924230177346629,Low
Guinea,2019,1,1,0,0.0,0.0,0.0,0.0,1.0,0,1,0.2020203200114487,Low
Guinea,2020,49,3,1,0.0,1.0,0.0,0.3333333333333333,2.0,1,0,0.4476298366149373,Medium
Guinea,2021,1,1,0,1.0,49.0,0.3333333333333333,16.666666666666668,-2.0,0,0,0.1916981112339103,Low
Guinea,2022,0,0,0,0.0,1.0,0.3333333333333333,17.0,-1.0,0,0,0.28810879426749464,Medium
Guinea,2023,0,0,0,0.0,0.0,0.3333333333333333,16.666666666666668,0.0,0,0,0.03831370476934365,Low
Guinea-Bissau,1989,0,0,0,0.0,0.0,0.0,0.0,0.0,0,0,0.07155524891198818,Low
Guinea-Bissau,1990,0,0,0,0.0,0.0,0.0,0.0,0.0,0,0,0.07155524891198818,Low
Guinea-Bissau,1991,0,0,0,0.0,0.0,0.0,0.0,0.0,0,0,0.07155524891198818,Low
Guinea-Bissau,1992,2,1,0,0.0,0.0,0.0,0.0,1.0,0,0,0.2020203200114487,Low
Guinea-Bissau,1993,0,0,0,0.0,2.0,0.0,0.6666666666666666,-1.0,0,0,0.24111742643615458,Low
Guinea-Bissau,1994,0,0,0,0.0,0.0,0.0,0.6666666666666666,0.0,0,0,0.11405812144190554,Low
Guinea-Bissau,1995,0,0,0,0.0,0.0,0.0,0.6666666666666666,0.0,0,0,0.11405812144190554,Low
Guinea-Bissau,1996,0,0,0,0.0,0.0,0.0,0.0,0.0,0,0,0.07155524891198818,Low
Guinea-Bissau,1997,0,0,0,0.0,0.0,0.0,0.0,0.0,0,1,0.07155524891198818,Low
Guinea-Bissau,1998,505,16,1,0.0,0.0,0.0,0.0,16.0,1,1,0.738219419252773,High
Guinea-Bissau,1999,199,3,1,1.0,505.0,0.3333333333333333,168.33333333333334,-13.0,2,0,0.8885671300724127,Critical
Guinea-Bissau,2000,0,2,0,1.0,199.0,0.6666666666666666,234.66666666666663,-1.0,0,0,0.3928568381455157,Medium
Guinea-Bissau,2001,0,0,0,0.0,0.0,0.6666666666666666,234.66666666666663,-2.0,0,0,0.035612669695514264,Low
Guinea-Bissau,2002,0,0,0,0.0,0.0,0.3333333333333333,66.33333333333333,0.0,0,0,0.04148056756144328,Low
Guinea-Bissau,2003,0,0,0,0.0,0.0,0.0,0.0,0.0,0,0,0.07155524891198818,Low
Guinea-Bissau,2004,0,0,0,0.0,0.0,0.0,0.0,0.0,0,0,0.07155524891198818,Low
Guinea-Bissau,2005,0,0,0,0.0,0.0,0.0,0.0,0.0,0,0,0.07155524891198818,Low
Guinea-Bissau,2006,0,0,0,0.0,0.0,0.0,0.0,0.0,0,0,0.07155524891198818,Low
Guinea-Bissau,2007,0,0,0,0.0,0.0,0.0,0.0,0.0,0,0,0.07155524891198818,Low
Guinea-Bissau,2008,0,0,0,0.0,0.0,0.0,0.0,0.0,0,0,0.07155524891198818,Low
Guinea-Bissau,2009,0,0,0,0.0,0.0,0.0,0.0,0.0,0,0,0.07155524891198818,Low
Guinea-Bissau,2010,0,0,0,0.0,0.0,0.0,0.0,0.0,0,0,0.07155524891198818,Low
Guinea-Bissau,2011,0,0,0,0.0,0.0,0.0,0.0,0.0,0,0,0.07155524891198818,Low
Guinea-Bissau,2012,0,0,0,0.0,0.0,0.0,0.0,0.0,0,0,0.07155524891198818,Low
Guinea-Bissau,2013,0,0,0,0.0,0.0,0.0,0.0,0.0,0,0,0.07155524891198818,Low
Guinea-Bissau,2014,0,0,0,0.0,0.0,0.0,0.0,0.0,0,0,0.07155524891198818,Low
Guinea-Bissau,2015,0,0,0,0.0,0.0,0.0,0.0,0.0,0,0,0.07155524891198818,Low
Guinea-Bissau,2016,0,0,0,0.0,0.0,0.0,0.0,0.0,0,0,0.07155524891198818,Low
Guinea-Bissau,2017,0,0,0,0.0,0.0,0.0,0.0,0.0,0,0,0.07155524891198818,Low
Guinea-Bissau,2018,0,0,0,0.0,0.0,0.0,0.0,0.0,0,0,0.07155524891198818,Low
Guinea-Bissau,2019,0,0,0,0.0,0.0,0.0,0.0,0.0,0,0,0.07155524891198818,Low
Guinea-Bissau,2020,0,0,0,0.0,0.0,0.0,0.0,0.0,0,0,0.07155524891198818,Low
Guinea-Bissau,2021,0,0,0,0.0,0.0,0.0,0.0,0.0,0,0,0.07155524891198818,Low
Guinea-Bissau,2022,0,0,0,0.0,0.0,0.0,0.0,0.0,0,0,0.07155524891198818,Low
Guinea-Bissau,2023,0,0,0,0.0,0.0,0.0,0.0,0.0,0,0,0.07155524891198818,Low
Guyana,1989,0,0,0,0.0,0.0,0.0,0.0,0.0,0,0,0.07155524891198818,Low
Guyana,1990,0,0,0,0.0,0.0,0.0,0.0,0.0,0,0,0.07155524891198818,Low
Guyana,1991,0,0,0,0.0,0.0,0.0,0.0,0.0,0,0,0.07155524891198818,Low
Guyana,1992,0,0,0,0.0,0.0,0.0,0.0,0.0,0,0,0.07155524891198818,Low
Guyana,1993,0,0,0,0.0,0.0,0.0,0.0,0.0,0,0,0.07155524891198818,Low
Guyana,1994,0,0,0,0.0,0.0,0.0,0.0,0.0,0,0,0.07155524891198818,Low
Guyana,1995,0,0,0,0.0,0.0,0.0,0.0,0.0,0,0,0.07155524891198818,Low
Guyana,1996,0,0,0,0.0,0.0,0.0,0.0,0.0,0,0,0.07155524891198818,Low
Guyana,1997,0,0,0,0.0,0.0,0.0,0.0,0.0,0,0,0.07155524891198818,Low
Guyana,1998,0,0,0,0.0,0.0,0.0,0.0,0.0,0,0,0.07155524891198818,Low
Guyana,1999,0,0,0,0.0,0.0,0.0,0.0,0.0,0,0,0.07155524891198818,Low
Guyana,2000,0,0,0,0.0,0.0,0.0,0.0,0.0,0,0,0.07155524891198818,Low
Guyana,2001,0,0,0,0.0,0.0,0.0,0.0,0.0,0,0,0.07155524891198818,Low
Guyana,2002,0,0,0,0.0,0.0,0.0,0.0,0.0,0,0,0.07155524891198818,Low
Guyana,2003,0,0,0,0.0,0.0,0.0,0.0,0.0,0,0,0.07155524891198818,Low
Guyana,2004,0,0,0,0.0,0.0,0.0,0.0,0.0,0,0,0.07155524891198818,Low
Guyana,2005,0,0,0,0.0,0.0,0.0,0.0,0.0,0,0,0.07155524891198818,Low
Guyana,2006,0,0,0,0.0,0.0,0.0,0.0,0.0,0,0,0.07155524891198818,Low
Guyana,2007,0,0,0,0.0,0.0,0.0,0.0,0.0,0,1,0.07155524891198818,Low
Guyana,2008,29,3,1,0.0,0.0,0.0,0.0,3.0,1,0,0.5983763437101017,High
Guyana,2009,0,0,0,1.0,29.0,0.3333333333333333,9.666666666666666,-3.0,0,0,0.3539721553676628,Medium
Guyana,2010,0,0,0,0.0,0.0,0.3333333333333333,9.666666666666666,0.0,0,0,0.05964934164206118,Low
Guyana,2011,0,0,0,0.0,0.0,0.3333333333333333,9.666666666666666,0.0,0,0,0.05964934164206118,Low
Guyana,2012,0,0,0,0.0,0.0,0.0,0.0,0.0,0,0,0.07155524891198818,Low
Guyana,2013,0,0,0,0.0,0.0,0.0,0.0,0.0,0,0,0.07155524891198818,Low
Guyana,2014,0,0,0,0.0,0.0,0.0,0.0,0.0,0,0,0.07155524891198818,Low
Guyana,2015,0,0,0,0.0,0.0,0.0,0.0,0.0,0,0,0.07155524891198818,Low
Guyana,2016,0,0,0,0.0,0.0,0.0,0.0,0.0,0,0,0.07155524891198818,Low
Guyana,2017,0,0,0,0.0,0.0,0.0,0.0,0.0,0,0,0.07155524891198818,Low
Guyana,2018,0,0,0,0.0,0.0,0.0,0.0,0.0,0,0,0.07155524891198818,Low
Guyana,2019,0,0,0,0.0,0.0,0.0,0.0,0.0,0,0,0.07155524891198818,Low
Guyana,2020,0,0,0,0.0,0.0,0.0,0.0,0.0,0,0,0.07155524891198818,Low
Guyana,2021,0,0,0,0.0,0.0,0.0,0.0,0.0,0,0,0.07155524891198818,Low
Guyana,2022,0,0,0,0.0,0.0,0.0,0.0,0.0,0,0,0.07155524891198818,Low
Guyana,2023,0,0,0,0.0,0.0,0.0,0.0,0.0,0,0,0.07155524891198818,Low
Haiti,1989,48,4,1,0.0,0.0,0.0,0.0,0.0,1,0,0.8223020940359717,Critical
Haiti,1990,2,2,0,1.0,48.0,1.0,48.0,-2.0,0,1,0.5961335431934842,High
Haiti,1991,270,8,1,0.0,2.0,0.5,25.0,6.0,1,0,0.6262164391625689,High
Haiti,1992,0,0,0,1.0,270.0,0.6666666666666666,106.66666666666669,-8.0,0,1,0.3811966757805442,Medium
Haiti,1993,37,3,1,0.0,0.0,0.3333333333333333,90.66666666666669,3.0,1,1,0.6359157214200755,High
Haiti,1994,44,4,1,1.0,37.0,0.6666666666666666,102.33333333333331,1.0,2,0,0.4678360967324742,Medium
Haiti,1995,1,1,0,1.0,44.0,0.6666666666666666,27.0,-3.0,0,0,0.36306346457952865,Medium
Haiti,1996,0,0,0,0.0,1.0,0.6666666666666666,27.33333333333333,-1.0,0,0,0.11699240176421848,Low
Haiti,1997,0,0,0,0.0,0.0,0.3333333333333333,15.0,0.0,0,0,0.03892256510227552,Low
Haiti,1998,0,0,0,0.0,0.0,0.0,0.3333333333333333,0.0,0,0,0.11040342782141219,Low
Haiti,1999,11,2,0,0.0,0.0,0.0,0.0,2.0,0,0,0.18758822948971413,Low
Haiti,2000,0,0,0,0.0,11.0,0.0,3.6666666666666665,-2.0,0,0,0.14406608268078425,Low
Haiti,2001,0,0,0,0.0,0.0,0.0,3.6666666666666665,0.0,0,0,0.14605807669347048,Low
Haiti,2002,0,0,0,0.0,0.0,0.0,3.6666666666666665,0.0,0,0,0.14605807669347048,Low
Haiti,2003,0,0,0,0.0,0.0,0.0,0.0,0.0,0,1,0.07155524891198818,Low
Haiti,2004,231,22,1,0.0,0.0,0.0,0.0,22.0,1,1,0.6028636374555603,High
Haiti,2005,40,7,1,1.0,231.0,0.3333333333333333,77.0,-15.0,2,0,0.22738985320294788,Low
Haiti,2006,0,0,0,1.0,40.0,0.6666666666666666,90.33333333333331,-7.0,0,0,0.4168737013152393,Medium
Haiti,2007,0,0,0,0.0,0.0,0.6666666666666666,90.33333333333331,0.0,0,0,0.027167127778015433,Low
Haiti,2008,0,0,0,0.0,0.0,0.3333333333333333,13.333333333333334,0.0,0,0,0.03892256510227552,Low
Haiti,2009,0,0,0,0.0,0.0,0.0,0.0,0.0,0,0,0.07155524891198818,Low
Haiti,2010,0,0,0,0.0,0.0,0.0,0.0,0.0,0,0,0.07155524891198818,Low
Haiti,2011,0,0,0,0.0,0.0,0.0,0.0,0.0,0,0,0.07155524891198818,Low
Haiti,2012,0,0,0,0.0,0.0,0.0,0.0,0.0,0,0,0.07155524891198818,Low
Haiti,2013,0,0,0,0.0,0.0,0.0,0.0,0.0,0,0,0.07155524891198818,Low
Haiti,2014,0,0,0,0.0,0.0,0.0,0.0,0.0,0,0,0.07155524891198818,Low
Haiti,2015,0,0,0,0.0,0.0,0.0,0.0,0.0,0,0,0.07155524891198818,Low
Haiti,2016,0,0,0,0.0,0.0,0.0,0.0,0.0,0,0,0.07155524891198818,Low
Haiti,2017,8,1,0,0.0,0.0,0.0,0.0,1.0,0,1,0.2020203200114487,Low
Haiti,2018,71,1,1,0.0,8.0,0.0,2.6666666666666665,0.0,1,0,0.6603717022520507,High
Haiti,2019,1,1,0,1.0,71.0,0.3333333333333333,26.33333333333333,0.0,0,1,0.2078226763612667,Low
Haiti,2020,166,48,1,0.0,1.0,0.3333333333333333,26.666666666666668,47.0,1,1,0.81543357566961,Critical
Haiti,2021,140,25,1,1.0,166.0,0.6666666666666666,79.33333333333333,-23.0,2,1,0.7659748110472934,Critical
Haiti,2022,236,65,1,1.0,140.0,0.6666666666666666,102.33333333333331,40.0,3,1,0.8910901366991332,Critical
Haiti,2023,454,49,1,1.0,236.0,1.0,180.66666666666663,-16.0,4,1,0.9554436180738225,Critical
Honduras,1989,0,0,0,0.0,0.0,0.0,0.0,0.0,0,0,0.07155524891198818,Low
Honduras,1990,0,0,0,0.0,0.0,0.0,0.0,0.0,0,0,0.07155524891198818,Low
Honduras,1991,0,0,0,0.0,0.0,0.0,0.0,0.0,0,0,0.07155524891198818,Low
Honduras,1992,0,0,0,0.0,0.0,0.0,0.0,0.0,0,0,0.07155524891198818,Low
Honduras,1993,0,0,0,0.0,0.0,0.0,0.0,0.0,0,0,0.07155524891198818,Low
Honduras,1994,0,0,0,0.0,0.0,0.0,0.0,0.0,0,0,0.07155524891198818,Low
Honduras,1995,0,0,0,0.0,0.0,0.0,0.0,0.0,0,0,0.07155524891198818,Low
Honduras,1996,0,0,0,0.0,0.0,0.0,0.0,0.0,0,0,0.07155524891198818,Low
Honduras,1997,0,0,0,0.0,0.0,0.0,0.0,0.0,0,0,0.07155524891198818,Low
Honduras,1998,0,0,0,0.0,0.0,0.0,0.0,0.0,0,0,0.07155524891198818,Low
Honduras,1999,9,1,0,0.0,0.0,0.0,0.0,1.0,0,0,0.2020203200114487,Low
Honduras,2000,6,1,0,0.0,9.0,0.0,3.0,0.0,0,0,0.23271731069664686,Low
Honduras,2001,0,0,0,0.0,6.0,0.0,5.0,-1.0,0,0,0.23516092569234887,Low
Honduras,2002,1,1,0,0.0,0.0,0.0,5.0,1.0,0,1,0.41220804744212997,Medium
Honduras,2003,40,7,1,0.0,1.0,0.0,2.333333333333333,6.0,1,1,0.6714705116191475,High
Honduras,2004,30,4,1,1.0,40.0,0.3333333333333333,13.666666666666666,-3.0,2,0,0.32662598865895787,Medium
Honduras,2005,0,0,0,1.0,30.0,0.6666666666666666,23.666666666666668,-4.0,0,0,0.18902592631409026,Low
Honduras,2006,0,0,0,0.0,0.0,0.6666666666666666,23.33333333333333,0.0,0,0,0.02964782637582213,Low
Honduras,2007,0,0,0,0.0,0.0,0.3333333333333333,10.0,0.0,0,0,0.05152042869160593,Low
Honduras,2008,0,0,0,0.0,0.0,0.0,0.0,0.0,0,0,0.07155524891198818,Low
Honduras,2009,0,0,0,0.0,0.0,0.0,0.0,0.0,0,1,0.07155524891198818,Low
Honduras,2010,44,5,1,0.0,0.0,0.0,0.0,5.0,1,0,0.527990275030204,High
Honduras,2011,0,0,0,1.0,44.0,0.3333333333333333,14.666666666666666,-5.0,0,0,0.11189337388786377,Low
Honduras,2012,18,4,0,0.0,0.0,0.3333333333333333,14.666666666666666,4.0,0,0,0.2598045727861988,Medium
Honduras,2013,6,2,0,0.0,18.0,0.3333333333333333,20.666666666666668,-2.0,0,0,0.3041863457606268,Medium
Honduras,2014,21,3,0,0.0,6.0,0.0,8.0,1.0,0,1,0.4517115759810526,Medium
Honduras,2015,71,13,1,0.0,21.0,0.0,15.0,10.0,1,0,0.4841172366958393,Medium
Honduras,2016,10,2,0,1.0,71.0,0.3333333333333333,32.666666666666664,-11.0,0,0,0.12266661051303304,Low
Honduras,2017,0,0,0,0.0,10.0,0.3333333333333333,34.0,-2.0,0,0,0.2944598913793753,Medium
Honduras,2018,2,2,0,0.0,0.0,0.3333333333333333,27.0,2.0,0,1,0.44648640519801575,Medium
Honduras,2019,40,3,1,0.0,2.0,0.0,4.0,1.0,1,0,0.5273555017004294,High
Honduras,2020,1,1,0,1.0,40.0,0.3333333333333333,14.0,-2.0,0,0,0.18209494120683065,Low
Honduras,2021,10,4,0,0.0,1.0,0.3333333333333333,14.333333333333334,3.0,0,0,0.29732489941414,Medium
Honduras,2022,6,3,0,0.0,10.0,0.3333333333333333,17.0,-1.0,0,1,0.3920474864038565,Medium
Honduras,2023,105,27,1,0.0,6.0,0.0,5.666666666666667,24.0,1,0,0.6221152569923519,High
India,1989,1852,119,1,0.0,0.0,0.0,0.0,0.0,1,1,0.8223020940359717,Critical
India,1990,4801,333,1,1.0,1852.0,1.0,1852.0,214.0,2,1,0.9632602916962623,Critical
India,1991,3724,221,1,1.0,4801.0,1.0,3326.5,-112.0,3,1,0.960977250394986,Critical
India,1992,4163,240,1,1.0,3724.0,1.0,3459.0,19.0,4,1,0.9811317123562262,Critical
India,1993,2326,331,1,1.0,4163.0,1.0,4229.333333333333,91.0,5,1,0.9966134417439351,Critical
India,1994,1435,244,1,1.0,2326.0,1.0,3404.333333333333,-87.0,6,1,0.9782150068627539,Critical
India,1995,1079,226,1,1.0,1435.0,1.0,2641.333333333333,-18.0,7,1,0.9826204308860607,Critical
India,1996,1333,177,1,1.0,1079.0,1.0,1613.3333333333333,-49.0,8,1,0.9821186142476152,Critical
India,1997,1448,277,1,1.0,1333.0,1.0,1282.3333333333333,100.0,9,1,0.9971454710045717,Critical
India,1998,1623,386,1,1.0,1448.0,1.0,1286.6666666666667,109.0,10,1,0.9970456227373051,Critical
India,1999,2563,544,1,1.0,1623.0,1.0,1468.0,158.0,11,1,0.9967131034644505,Critical
India,2000,4103,1534,1,1.0,2563.0,1.0,1878.0,990.0,12,1,0.9966564829248532,Critical
India,2001,1931,555,1,1.0,4103.0,1.0,2763.0,-979.0,13,1,0.9423585096322207,Critical
India,2002,3031,1083,1,1.0,1931.0,1.0,2865.6666666666665,528.0,14,1,0.9976049072234499,Critical
India,2003,2442,919,1,1.0,3031.0,1.0,3021.6666666666665,-164.0,15,1,0.9863964489468757,Critical
India,2004,2527,997,1,1.0,2442.0,1.0,2468.0,78.0,16,1,0.9977487676327115,Critical
India,2005,2015,910,1,1.0,2527.0,1.0,2666.6666666666665,-87.0,17,1,0.9892669704830013,Critical
India,2006,2155,932,1,1.0,2015.0,1.0,2328.0,22.0,18,1,0.9951292825152734,Critical
India,2007,1775,727,1,1.0,2155.0,1.0,2232.333333333333,-205.0,19,1,0.9885994527278453,Critical
India,2008,1863,680,1,1.0,1775.0,1.0,1981.6666666666667,-47.0,20,1,0.9873006445507766,Critical
India,2009,1621,843,1,1.0,1863.0,1.0,1931.0,163.0,21,1,0.9981594182787321,Critical
India,2010,1633,780,1,1.0,1621.0,1.0,1753.0,-63.0,22,1,0.9884454680635854,Critical
India,2011,798,408,1,1.0,1633.0,1.0,1705.6666666666667,-372.0,23,1,0.9543795698331188,Critical
India,2012,801,428,1,1.0,798.0,1.0,1350.6666666666667,20.0,24,1,0.9895780443366219,Critical
India,2013,702,346,1,1.0,801.0,1.0,1077.3333333333333,-82.0,25,1,0.9700758533185074,Critical
India,2014,734,400,1,1.0,702.0,1.0,767.0,54.0,26,1,0.9982238099755785,Critical
India,2015,622,321,1,1.0,734.0,1.0,745.6666666666666,-79.0,27,1,0.9889362837925576,Critical
India,2016,762,419,1,1.0,622.0,1.0,686.0,98.0,28,1,0.9982238099755785,Critical
India,2017,847,400,1,1.0,762.0,1.0,706.0,-19.0,29,1,0.9893954706951642,Critical
India,2018,952,480,1,1.0,847.0,1.0,743.6666666666666,80.0,30,1,0.9976566469661907,Critical
India,2019,734,354,1,1.0,952.0,1.0,853.6666666666666,-126.0,31,1,0.9820117490678092,Critical
India,2020,754,389,1,1.0,734.0,1.0,844.3333333333334,35.0,32,1,0.9934932986812989,Critical
India,2021,521,277,1,1.0,754.0,1.0,813.3333333333334,-112.0,33,1,0.9889362837925576,Critical
India,2022,393,266,1,1.0,521.0,1.0,669.6666666666666,-11.0,34,1,0.9894463672331475,Critical
India,2023,406,217,1,1.0,393.0,1.0,556.0,-49.0,35,1,0.9855426088667557,Critical
Indonesia,1989,7,5,0,0.0,0.0,0.0,0.0,0.0,0,1,0.07155524891198818,Low
Indonesia,1990,200,46,1,0.0,7.0,0.0,7.0,41.0,1,1,0.9080235625319844,Critical
Indonesia,1991,429,38,1,1.0,200.0,0.5,103.5,-8.0,2,1,0.8876071532773576,Critical
Indonesia,1992,53,14,1,1.0,429.0,0.6666666666666666,212.0,-24.0,3,1,0.9478315070240857,Critical
Indonesia,1993,27,8,1,1.0,53.0,1.0,227.33333333333331,-6.0,4,0,0.5507094743434211,High
Indonesia,1994,12,9,0,1.0,27.0,1.0,169.66666666666666,1.0,0,1,0.7549880405353722,Critical
Indonesia,1995,63,21,1,0.0,12.0,0.6666666666666666,30.666666666666668,12.0,1,1,0.6321431329880525,High
Indonesia,1996,36,18,1,1.0,63.0,0.6666666666666666,34.0,-3.0,2,1,0.8358999991398829,Critical
Indonesia,1997,441,37,1,1.0,36.0,0.6666666666666666,37.0,19.0,3,1,0.9175142973671875,Critical
Indonesia,1998,141,30,1,1.0,441.0,1.0,180.0,-7.0,4,1,0.9492103281886238,Critical
Indonesia,1999,2421,338,1,1.0,141.0,1.0,206.0,308.0,5,1,0.9750637014484905,Critical
Indonesia,2000,917,157,1,1.0,2421.0,1.0,1001.0,-181.0,6,1,0.9838223630570405,Critical
Indonesia,2001,884,107,1,1.0,917.0,1.0,1159.6666666666667,-50.0,7,1,0.9826131929947138,Critical
Indonesia,2002,762,265,1,1.0,884.0,1.0,1407.3333333333333,158.0,8,1,0.9968395922145354,Critical
Indonesia,2003,1069,227,1,1.0,762.0,1.0,854.3333333333334,-38.0,9,1,0.9845668799711155,Critical
Indonesia,2004,1082,359,1,1.0,1069.0,1.0,905.0,132.0,10,1,0.99486527599334,Critical
Indonesia,2005,242,33,1,1.0,1082.0,1.0,971.0,-326.0,11,0,0.8206168116056743,Critical
Indonesia,2006,13,3,0,1.0,242.0,1.0,797.6666666666666,-30.0,0,0,0.31472721546535,Medium
Indonesia,2007,2,1,0,0.0,13.0,0.6666666666666666,445.6666666666667,-2.0,0,0,0.36305989664816324,Medium
Indonesia,2008,6,3,0,0.0,2.0,0.3333333333333333,85.66666666666667,2.0,0,0,0.23113127909404943,Low
Indonesia,2009,0,0,0,0.0,6.0,0.0,7.0,-3.0,0,0,0.19565432291622759,Low
Indonesia,2010,0,0,0,0.0,0.0,0.0,2.6666666666666665,0.0,0,0,0.1521610815065023,Low
Indonesia,2011,9,4,0,0.0,0.0,0.0,2.0,4.0,0,0,0.36584659770228156,Medium
Indonesia,2012,1,1,0,0.0,9.0,0.0,3.0,-3.0,0,0,0.10659074303340978,Low
Indonesia,2013,20,6,0,0.0,1.0,0.0,3.333333333333333,5.0,0,0,0.3081624512243412,Medium
Indonesia,2014,12,4,0,0.0,20.0,0.0,10.0,-2.0,0,0,0.32878401700825793,Medium
Indonesia,2015,4,3,0,0.0,12.0,0.0,11.0,-1.0,0,0,0.37046619218874527,Medium
Indonesia,2016,0,0,0,0.0,4.0,0.0,12.0,-3.0,0,0,0.2435256698693325,Low
Indonesia,2017,2,3,0,0.0,0.0,0.0,5.333333333333333,3.0,0,1,0.5892227635315715,High
Indonesia,2018,37,11,1,0.0,2.0,0.0,2.0,8.0,1,1,0.603996195470586,High
Indonesia,2019,41,22,1,1.0,37.0,0.3333333333333333,13.0,11.0,2,1,0.7928880993486758,Critical
Indonesia,2020,35,24,1,1.0,41.0,0.6666666666666666,26.666666666666668,2.0,3,1,0.7146824306924398,High
Indonesia,2021,68,42,1,1.0,35.0,1.0,37.66666666666666,18.0,4,1,0.8646331443886063,Critical
Indonesia,2022,64,33,1,1.0,68.0,1.0,48.0,-9.0,5,1,0.9109907460009272,Critical
Indonesia,2023,94,39,1,1.0,64.0,1.0,55.66666666666666,6.0,6,1,0.9648549979318514,Critical
Iran,1989,0,0,0,0.0,0.0,0.0,0.0,0.0,0,1,0.07155524891198818,Low
Iran,1990,31,14,1,0.0,0.0,0.0,0.0,14.0,1,1,0.4746348125969281,Medium
Iran,1991,44,3,1,1.0,31.0,0.5,15.5,-11.0,2,0,0.27989770119225116,Medium
Iran,1992,4,2,0,1.0,44.0,0.6666666666666666,25.0,-1.0,0,1,0.5534801684404586,High
Iran,1993,153,17,1,0.0,4.0,0.6666666666666666,26.33333333333333,15.0,1,0,0.544089985015875,High
Iran,1994,16,2,0,1.0,153.0,0.6666666666666666,67.0,-15.0,0,0,0.433651696352792,Medium
Iran,1995,17,3,0,0.0,16.0,0.3333333333333333,57.66666666666666,1.0,0,1,0.43768259238656887,Medium
Iran,1996,34,4,1,0.0,17.0,0.3333333333333333,62.0,1.0,1,1,0.7837714382416486,Critical
Iran,1997,37,13,1,1.0,34.0,0.3333333333333333,22.33333333333333,9.0,2,0,0.46524017317546473,Medium
Iran,1998,13,5,0,1.0,37.0,0.6666666666666666,29.33333333333333,-8.0,0,0,0.3531315270671374,Medium
Iran,1999,19,6,0,0.0,13.0,0.6666666666666666,28.0,1.0,0,1,0.32313779463995207,Medium
Iran,2000,41,21,1,0.0,19.0,0.3333333333333333,23.0,15.0,1,1,0.8286524285738446,Critical
Iran,2001,112,14,1,1.0,41.0,0.3333333333333333,24.33333333333333,-7.0,2,0,0.33215616912827306,Medium
Iran,2002,0,0,0,1.0,112.0,0.6666666666666666,57.333333333333336,-14.0,0,0,0.41437640872434794,Medium
Iran,2003,2,1,0,0.0,0.0,0.6666666666666666,51.0,1.0,0,0,0.05624387981534406,Low
Iran,2004,0,0,0,0.0,2.0,0.3333333333333333,38.0,-1.0,0,1,0.3425887841148307,Medium
Iran,2005,54,15,1,0.0,0.0,0.0,0.6666666666666666,15.0,1,1,0.6543154694223341,High
Iran,2006,61,21,1,1.0,54.0,0.3333333333333333,18.666666666666668,6.0,2,1,0.5596502431179343,High
Iran,2007,86,21,1,1.0,61.0,0.6666666666666666,38.333333333333336,0.0,3,1,0.8612513872550839,Critical
Iran,2008,118,20,1,1.0,86.0,1.0,67.0,-1.0,4,1,0.9208108155385947,Critical
Iran,2009,208,32,1,1.0,118.0,1.0,88.33333333333333,12.0,5,1,0.9741399324886174,Critical
Iran,2010,101,12,1,1.0,208.0,1.0,137.33333333333334,-20.0,6,1,0.9648579527729474,Critical
Iran,2011,220,14,1,1.0,101.0,1.0,142.33333333333334,2.0,7,0,0.9763395846325723,Critical
Iran,2012,17,5,0,1.0,220.0,1.0,176.33333333333334,-9.0,0,0,0.2785648081574322,Medium
Iran,2013,11,4,0,0.0,17.0,0.6666666666666666,112.66666666666669,-1.0,0,0,0.2548942451392737,Medium
Iran,2014,5,2,0,0.0,11.0,0.3333333333333333,82.66666666666667,-2.0,0,1,0.4221048022560737,Medium
Iran,2015,25,8,1,0.0,5.0,0.0,11.0,6.0,1,1,0.7434672986472062,High
Iran,2016,69,25,1,1.0,25.0,0.3333333333333333,13.666666666666666,17.0,2,1,0.9004557777382303,Critical
Iran,2017,58,12,1,1.0,69.0,0.6666666666666666,33.0,-13.0,3,1,0.8476975166406692,Critical
Iran,2018,92,18,1,1.0,58.0,1.0,50.66666666666666,6.0,4,1,0.9067775780078443,Critical
Iran,2019,313,89,1,1.0,92.0,1.0,73.0,71.0,5,1,0.9646252679462708,Critical
Iran,2020,246,26,1,1.0,313.0,1.0,154.33333333333334,-63.0,6,1,0.9655480215279872,Critical
Iran,2021,82,34,1,1.0,246.0,1.0,217.0,8.0,7,1,0.9791911847343865,Critical
Iran,2022,251,158,1,1.0,82.0,1.0,213.66666666666663,124.0,8,1,0.9476426300437383,Critical
Iran,2023,43,13,1,1.0,251.0,1.0,193.0,-145.0,9,1,0.9573436763606042,Critical
Iraq,1989,50,2,1,0.0,0.0,0.0,0.0,0.0,1,1,0.8223020940359717,Critical
Iraq,1990,117,6,1,1.0,50.0,1.0,50.0,4.0,2,1,0.853047843587038,Critical
Iraq,1991,24501,101,1,1.0,117.0,1.0,83.5,95.0,3,1,0.9342411114673651,Critical
Iraq,1992,846,53,1,1.0,24501.0,1.0,8222.666666666666,-48.0,4,1,0.9635888563457983,Critical
Iraq,1993,368,41,1,1.0,846.0,1.0,8488.0,-12.0,5,1,0.9729538623790245,Critical
Iraq,1994,995,38,1,1.0,368.0,1.0,8571.666666666666,-3.0,6,1,0.9618923030407678,Critical
Iraq,1995,1537,86,1,1.0,995.0,1.0,736.3333333333334,48.0,7,1,0.9902117790891442,Critical
Iraq,1996,832,66,1,1.0,1537.0,1.0,966.6666666666666,-20.0,8,1,0.9814338090022167,Critical
Iraq,1997,1628,71,1,1.0,832.0,1.0,1121.3333333333333,5.0,9,1,0.990264855795046,Critical
Iraq,1998,96,17,1,1.0,1628.0,1.0,1332.3333333333333,-54.0,10,1,0.9825323163712869,Critical
Iraq,1999,308,18,1,1.0,96.0,1.0,852.0,1.0,11,1,0.9286536806105804,Critical
Iraq,2000,193,11,1,1.0,308.0,1.0,677.3333333333334,-7.0,12,1,0.9826476510691599,Critical
Iraq,2001,56,14,1,1.0,193.0,1.0,199.0,3.0,13,1,0.987153388744154,Critical
Iraq,2002,111,6,1,1.0,56.0,1.0,185.66666666666663,-8.0,14,1,0.865633797926646,Critical
Iraq,2003,8021,106,1,1.0,111.0,1.0,120.0,100.0,15,1,0.9930576243153119,Critical
Iraq,2004,4366,344,1,1.0,8021.0,1.0,2729.333333333333,238.0,16,1,0.9939758342221809,Critical
Iraq,2005,3521,505,1,1.0,4366.0,1.0,4166.0,161.0,17,1,0.9982512835215335,Critical
Iraq,2006,4598,534,1,1.0,3521.0,1.0,5302.666666666667,29.0,18,1,0.9979174144661168,Critical
Iraq,2007,4489,451,1,1.0,4598.0,1.0,4161.666666666667,-83.0,19,1,0.9901205930221261,Critical
Iraq,2008,2765,403,1,1.0,4489.0,1.0,4202.666666666667,-48.0,20,1,0.9895361273185872,Critical
Iraq,2009,1720,355,1,1.0,2765.0,1.0,3950.6666666666665,-48.0,21,1,0.9891902473461499,Critical
Iraq,2010,1857,367,1,1.0,1720.0,1.0,2991.333333333333,12.0,22,1,0.9959355747576336,Critical
Iraq,2011,1365,192,1,1.0,1857.0,1.0,2114.0,-175.0,23,1,0.9865313030056183,Critical
Iraq,2012,1407,258,1,1.0,1365.0,1.0,1647.3333333333333,66.0,24,1,0.9982414940911878,Critical
Iraq,2013,4010,503,1,1.0,1407.0,1.0,1543.0,245.0,25,1,0.9983184078647059,Critical
Iraq,2014,16437,796,1,1.0,4010.0,1.0,2260.6666666666665,293.0,26,1,0.9985036787860745,Critical
Iraq,2015,11304,687,1,1.0,16437.0,1.0,7284.666666666667,-109.0,27,1,0.9886012494504126,Critical
Iraq,2016,12025,726,1,1.0,11304.0,1.0,10583.666666666666,39.0,28,1,0.999048063359568,Critical
Iraq,2017,11417,609,1,1.0,12025.0,1.0,13255.333333333334,-117.0,29,1,0.991934582783746,Critical
Iraq,2018,1448,268,1,1.0,11417.0,1.0,11582.0,-341.0,30,1,0.9867535886013505,Critical
Iraq,2019,960,281,1,1.0,1448.0,1.0,8296.666666666666,13.0,31,1,0.9962795445326452,Critical
Iraq,2020,945,276,1,1.0,960.0,1.0,4608.333333333333,-5.0,32,1,0.9778198535328132,Critical
Iraq,2021,1014,366,1,1.0,945.0,1.0,1117.6666666666667,90.0,33,1,0.997628953817221,Critical
Iraq,2022,1027,371,1,1.0,1014.0,1.0,973.0,5.0,34,1,0.9892132789390806,Critical
Iraq,2023,498,242,1,1.0,1027.0,1.0,995.3333333333334,-129.0,35,1,0.9834462844533283,Critical
Israel,1989,93,58,1,0.0,0.0,0.0,0.0,0.0,1,1,0.8223020940359717,Critical
Israel,1990,43,37,1,1.0,93.0,1.0,93.0,-21.0,2,1,0.8278300175913224,Critical
Israel,1991,47,37,1,1.0,43.0,1.0,68.0,0.0,3,1,0.7676298817713303,Critical
Israel,1992,72,55,1,1.0,47.0,1.0,61.0,18.0,4,1,0.9251036665232404,Critical
Israel,1993,88,61,1,1.0,72.0,1.0,54.0,6.0,5,1,0.9470511355832913,Critical
Israel,1994,116,52,1,1.0,88.0,1.0,69.0,-9.0,6,1,0.8631762185700866,Critical
Israel,1995,78,24,1,1.0,116.0,1.0,92.0,-28.0,7,1,0.9026361522491736,Critical
Israel,1996,132,25,1,1.0,78.0,1.0,94.0,1.0,8,1,0.9616897611536435,Critical
Israel,1997,25,5,1,1.0,132.0,1.0,108.66666666666669,-20.0,9,0,0.9304804113801959,Critical
Israel,1998,6,4,0,1.0,25.0,1.0,78.33333333333333,-1.0,0,0,0.44217586792419333,Medium
Israel,1999,2,2,0,0.0,6.0,0.6666666666666666,54.333333333333336,-2.0,0,1,0.4731301927536182,Medium
Israel,2000,109,60,1,0.0,2.0,0.3333333333333333,11.0,58.0,1,1,0.8470417647927507,Critical
Israel,2001,356,179,1,1.0,109.0,0.3333333333333333,39.0,119.0,2,1,0.8746123591151828,Critical
Israel,2002,892,377,1,1.0,356.0,0.6666666666666666,155.66666666666666,198.0,3,1,0.987622484638152,Critical
Israel,2003,468,152,1,1.0,892.0,1.0,452.3333333333333,-225.0,4,1,0.9522165368831861,Critical
Israel,2004,522,269,1,1.0,468.0,1.0,572.0,117.0,5,1,0.9956563460691364,Critical
Israel,2005,214,117,1,1.0,522.0,1.0,627.3333333333334,-152.0,6,1,0.9832481202178677,Critical
Israel,2006,557,271,1,1.0,214.0,1.0,401.3333333333333,154.0,7,1,0.9967048515934323,Critical
Israel,2007,538,239,1,1.0,557.0,1.0,431.0,-32.0,8,1,0.9853843057769496,Critical
Israel,2008,738,156,1,1.0,538.0,1.0,436.3333333333333,-83.0,9,1,0.9855136520527967,Critical
Israel,2009,751,153,1,1.0,738.0,1.0,611.0,-3.0,10,1,0.967107220346782,Critical
Israel,2010,75,42,1,1.0,751.0,1.0,675.6666666666666,-111.0,11,1,0.982300671103745,Critical
Israel,2011,102,51,1,1.0,75.0,1.0,521.3333333333334,9.0,12,1,0.9018533424316371,Critical
Israel,2012,253,144,1,1.0,102.0,1.0,309.3333333333333,93.0,13,0,0.988247736670327,Critical
Israel,2013,12,10,0,1.0,253.0,1.0,143.33333333333334,-134.0,0,1,0.545890988078502,High
Israel,2014,2411,919,1,0.0,12.0,0.6666666666666666,122.33333333333331,909.0,1,0,0.929565486396285,Critical
Israel,2015,16,12,0,1.0,2411.0,0.6666666666666666,892.0,-907.0,0,0,0.10814384488313962,Low
Israel,2016,11,10,0,0.0,16.0,0.3333333333333333,813.0,-2.0,0,1,0.5081018382397425,High
Israel,2017,25,8,1,0.0,11.0,0.3333333333333333,812.6666666666666,-2.0,1,1,0.7924731549932595,Critical
Israel,2018,75,49,1,1.0,25.0,0.3333333333333333,17.333333333333332,41.0,2,1,0.8840879849812548,Critical
Israel,2019,83,44,1,1.0,75.0,0.6666666666666666,37.0,-5.0,3,0,0.795524259308344,Critical
Israel,2020,8,5,0,1.0,83.0,1.0,61.0,-39.0,0,1,0.6161747774571448,High
Israel,2021,280,106,1,0.0,8.0,0.6666666666666666,55.333333333333336,101.0,1,1,0.9201711831196362,Critical
Israel,2022,98,45,1,1.0,280.0,0.6666666666666666,123.66666666666669,-61.0,2,1,0.928942518543966,Critical
Israel,2023,27434,1200,1,1.0,98.0,0.6666666666666666,128.66666666666666,1155.0,3,1,0.9656158530694464,Critical
Italy,1989,0,0,0,0.0,0.0,0.0,0.0,0.0,0,0,0.07155524891198818,Low
Italy,1990,0,0,0,0.0,0.0,0.0,0.0,0.0,0,0,0.07155524891198818,Low
Italy,1991,0,0,0,0.0,0.0,0.0,0.0,0.0,0,0,0.07155524891198818,Low
Italy,1992,0,0,0,0.0,0.0,0.0,0.0,0.0,0,0,0.07155524891198818,Low
Italy,1993,0,1,0,0.0,0.0,0.0,0.0,1.0,0,0,0.2020203200114487,Low
Italy,1994,0,0,0,0.0,0.0,0.0,0.0,-1.0,0,0,0.1307577716278981,Low
Italy,1995,0,0,0,0.0,0.0,0.0,0.0,0.0,0,0,0.07155524891198818,Low
Italy,1996,0,0,0,0.0,0.0,0.0,0.0,0.0,0,0,0.07155524891198818,Low
Italy,1997,0,0,0,0.0,0.0,0.0,0.0,0.0,0,0,0.07155524891198818,Low
Italy,1998,0,0,0,0.0,0.0,0.0,0.0,0.0,0,0,0.07155524891198818,Low
Italy,1999,0,0,0,0.0,0.0,0.0,0.0,0.0,0,0,0.07155524891198818,Low
Italy,2000,0,0,0,0.0,0.0,0.0,0.0,0.0,0,0,0.07155524891198818,Low
Italy,2001,0,0,0,0.0,0.0,0.0,0.0,0.0,0,0,0.07155524891198818,Low
Italy,2002,0,0,0,0.0,0.0,0.0,0.0,0.0,0,0,0.07155524891198818,Low
Italy,2003,0,0,0,0.0,0.0,0.0,0.0,0.0,0,0,0.07155524891198818,Low
Italy,2004,0,0,0,0.0,0.0,0.0,0.0,0.0,0,0,0.07155524891198818,Low
Italy,2005,0,0,0,0.0,0.0,0.0,0.0,0.0,0,0,0.07155524891198818,Low
Italy,2006,0,0,0,0.0,0.0,0.0,0.0,0.0,0,0,0.07155524891198818,Low
Italy,2007,0,0,0,0.0,0.0,0.0,0.0,0.0,0,0,0.07155524891198818,Low
Italy,2008,0,0,0,0.0,0.0,0.0,0.0,0.0,0,0,0.07155524891198818,Low
Italy,2009,0,0,0,0.0,0.0,0.0,0.0,0.0,0,0,0.07155524891198818,Low
Italy,2010,0,0,0,0.0,0.0,0.0,0.0,0.0,0,0,0.07155524891198818,Low
Italy,2011,0,0,0,0.0,0.0,0.0,0.0,0.0,0,0,0.07155524891198818,Low
Italy,2012,0,0,0,0.0,0.0,0.0,0.0,0.0,0,0,0.07155524891198818,Low
Italy,2013,0,0,0,0.0,0.0,0.0,0.0,0.0,0,0,0.07155524891198818,Low
Italy,2014,0,0,0,0.0,0.0,0.0,0.0,0.0,0,0,0.07155524891198818,Low
Italy,2015,0,0,0,0.0,0.0,0.0,0.0,0.0,0,0,0.07155524891198818,Low
Italy,2016,0,0,0,0.0,0.0,0.0,0.0,0.0,0,0,0.07155524891198818,Low
Italy,2017,0,0,0,0.0,0.0,0.0,0.0,0.0,0,0,0.07155524891198818,Low
Italy,2018,0,0,0,0.0,0.0,0.0,0.0,0.0,0,0,0.07155524891198818,Low
Italy,2019,0,0,0,0.0,0.0,0.0,0.0,0.0,0,0,0.07155524891198818,Low
Italy,2020,0,0,0,0.0,0.0,0.0,0.0,0.0,0,0,0.07155524891198818,Low
Italy,2021,0,0,0,0.0,0.0,0.0,0.0,0.0,0,0,0.07155524891198818,Low
Italy,2022,0,0,0,0.0,0.0,0.0,0.0,0.0,0,0,0.07155524891198818,Low
Italy,2023,0,0,0,0.0,0.0,0.0,0.0,0.0,0,0,0.07155524891198818,Low
Ivory Coast,1989,0,0,0,0.0,0.0,0.0,0.0,0.0,0,0,0.07155524891198818,Low
Ivory Coast,1990,9,2,0,0.0,0.0,0.0,0.0,2.0,0,0,0.18758822948971413,Low
Ivory Coast,1991,0,1,0,0.0,9.0,0.0,4.5,-1.0,0,0,0.2196196726599191,Low
Ivory Coast,1992,0,0,0,0.0,0.0,0.0,3.0,-1.0,0,0,0.15535431095757335,Low
Ivory Coast,1993,1,1,0,0.0,0.0,0.0,3.0,1.0,0,0,0.3245663408647799,Medium
Ivory Coast,1994,4,1,0,0.0,1.0,0.0,0.3333333333333333,0.0,0,1,0.22410571693746784,Low
Ivory Coast,1995,37,2,1,0.0,4.0,0.0,1.6666666666666667,1.0,1,1,0.501559599002746,High
Ivory Coast,1996,35,4,1,1.0,37.0,0.3333333333333333,14.0,2.0,2,0,0.5643867225713334,High
Ivory Coast,1997,0,0,0,1.0,35.0,0.6666666666666666,25.33333333333333,-4.0,0,0,0.2652169011846405,Medium
Ivory Coast,1998,0,1,0,0.0,0.0,0.6666666666666666,24.0,1.0,0,0,0.04377633327020928,Low
Ivory Coast,1999,0,2,0,0.0,0.0,0.3333333333333333,11.666666666666666,1.0,0,1,0.08704516724481542,Low
Ivory Coast,2000,132,6,1,0.0,0.0,0.0,0.0,4.0,1,0,0.4521018138551865,Medium
Ivory Coast,2001,2,2,0,1.0,132.0,0.3333333333333333,44.0,-4.0,0,1,0.4295625945523555,Medium
Ivory Coast,2002,1063,48,1,0.0,2.0,0.3333333333333333,44.66666666666666,46.0,1,1,0.9014209774522736,Critical
Ivory Coast,2003,493,40,1,1.0,1063.0,0.6666666666666666,399.0,-8.0,2,1,0.9435938767595285,Critical
Ivory Coast,2004,304,28,1,1.0,493.0,0.6666666666666666,519.3333333333334,-12.0,3,1,0.9543776307370478,Critical
Ivory Coast,2005,153,21,1,1.0,304.0,1.0,620.0,-7.0,4,0,0.8935839738273451,Critical
Ivory Coast,2006,11,7,0,1.0,153.0,1.0,316.6666666666667,-14.0,0,0,0.3488471091256003,Medium
Ivory Coast,2007,3,3,0,0.0,11.0,0.6666666666666666,156.0,-4.0,0,0,0.16166776669742478,Low
Ivory Coast,2008,4,4,0,0.0,3.0,0.3333333333333333,55.66666666666666,1.0,0,0,0.23656357035500156,Low
Ivory Coast,2009,1,1,0,0.0,4.0,0.0,6.0,-3.0,0,1,0.30604844944527937,Medium
Ivory Coast,2010,80,21,1,0.0,1.0,0.0,2.6666666666666665,20.0,1,1,0.7956813419198462,Critical
Ivory Coast,2011,1256,158,1,1.0,80.0,0.3333333333333333,28.33333333333333,137.0,2,0,0.5246029822614304,High
Ivory Coast,2012,21,5,0,1.0,1256.0,0.6666666666666666,445.6666666666667,-153.0,0,0,0.3189618929907858,Medium
Ivory Coast,2013,4,2,0,0.0,21.0,0.6666666666666666,452.3333333333333,-3.0,0,0,0.18080112271714682,Low
Ivory Coast,2014,0,0,0,0.0,4.0,0.3333333333333333,427.0,-2.0,0,0,0.1444325552856187,Low
Ivory Coast,2015,0,0,0,0.0,0.0,0.0,8.333333333333334,0.0,0,1,0.25229443651691585,Medium
Ivory Coast,2016,49,2,1,0.0,0.0,0.0,1.3333333333333333,2.0,1,0,0.5701558445832132,High
Ivory Coast,2017,0,0,0,1.0,49.0,0.3333333333333333,16.333333333333332,-2.0,0,0,0.18860524232997047,Low
Ivory Coast,2018,0,0,0,0.0,0.0,0.3333333333333333,16.333333333333332,0.0,0,0,0.03831370476934365,Low
Ivory Coast,2019,0,0,0,0.0,0.0,0.3333333333333333,16.333333333333332,0.0,0,0,0.03831370476934365,Low
Ivory Coast,2020,3,1,0,0.0,0.0,0.0,0.0,1.0,0,0,0.2020203200114487,Low
Ivory Coast,2021,0,0,0,0.0,3.0,0.0,1.0,-1.0,0,0,0.15519304629834904,Low
Ivory Coast,2022,0,0,0,0.0,0.0,0.0,1.0,0.0,0,0,0.1924230177346629,Low
Ivory Coast,2023,0,0,0,0.0,0.0,0.0,1.0,0.0,0,0,0.1924230177346629,Low
Jamaica,1989,1,1,0,0.0,0.0,0.0,0.0,0.0,0,0,0.07155524891198818,Low
Jamaica,1990,0,0,0,0.0,1.0,0.0,1.0,-1.0,0,0,0.24446296163956968,Low
Jamaica,1991,0,0,0,0.0,0.0,0.0,0.5,0.0,0,0,0.09190616427268114,Low
Jamaica,1992,0,0,0,0.0,0.0,0.0,0.3333333333333333,0.0,0,0,0.11040342782141219,Low
Jamaica,1993,0,0,0,0.0,0.0,0.0,0.0,0.0,0,0,0.07155524891198818,Low
Jamaica,1994,5,1,0,0.0,0.0,0.0,0.0,1.0,0,0,0.2020203200114487,Low
Jamaica,1995,0,0,0,0.0,5.0,0.0,1.6666666666666667,-1.0,0,0,0.20410546063960086,Low
Jamaica,1996,0,0,0,0.0,0.0,0.0,1.6666666666666667,0.0,0,0,0.200987836760613,Low
Jamaica,1997,0,0,0,0.0,0.0,0.0,1.6666666666666667,0.0,0,0,0.200987836760613,Low
Jamaica,1998,0,0,0,0.0,0.0,0.0,0.0,0.0,0,0,0.07155524891198818,Low
Jamaica,1999,0,0,0,0.0,0.0,0.0,0.0,0.0,0,0,0.07155524891198818,Low
Jamaica,2000,0,0,0,0.0,0.0,0.0,0.0,0.0,0,1,0.07155524891198818,Low
Jamaica,2001,116,20,1,0.0,0.0,0.0,0.0,20.0,1,0,0.6236850385199514,High
Jamaica,2002,22,7,0,1.0,116.0,0.3333333333333333,38.66666666666666,-13.0,0,0,0.14271946321296844,Low
Jamaica,2003,0,0,0,0.0,22.0,0.3333333333333333,46.0,-7.0,0,0,0.2733256464006484,Medium
Jamaica,2004,0,0,0,0.0,0.0,0.3333333333333333,46.0,0.0,0,0,0.03849581918333227,Low
Jamaica,2005,0,0,0,0.0,0.0,0.0,7.333333333333333,0.0,0,0,0.20640959053754032,Low
Jamaica,2006,0,0,0,0.0,0.0,0.0,0.0,0.0,0,0,0.07155524891198818,Low
Jamaica,2007,0,0,0,0.0,0.0,0.0,0.0,0.0,0,0,0.07155524891198818,Low
Jamaica,2008,0,0,0,0.0,0.0,0.0,0.0,0.0,0,0,0.07155524891198818,Low
Jamaica,2009,0,0,0,0.0,0.0,0.0,0.0,0.0,0,0,0.07155524891198818,Low
Jamaica,2010,0,0,0,0.0,0.0,0.0,0.0,0.0,0,0,0.07155524891198818,Low
Jamaica,2011,0,0,0,0.0,0.0,0.0,0.0,0.0,0,0,0.07155524891198818,Low
Jamaica,2012,0,0,0,0.0,0.0,0.0,0.0,0.0,0,0,0.07155524891198818,Low
Jamaica,2013,0,0,0,0.0,0.0,0.0,0.0,0.0,0,0,0.07155524891198818,Low
Jamaica,2014,0,0,0,0.0,0.0,0.0,0.0,0.0,0,0,0.07155524891198818,Low
Jamaica,2015,0,0,0,0.0,0.0,0.0,0.0,0.0,0,0,0.07155524891198818,Low
Jamaica,2016,0,0,0,0.0,0.0,0.0,0.0,0.0,0,0,0.07155524891198818,Low
Jamaica,2017,0,0,0,0.0,0.0,0.0,0.0,0.0,0,0,0.07155524891198818,Low
Jamaica,2018,0,0,0,0.0,0.0,0.0,0.0,0.0,0,0,0.07155524891198818,Low
Jamaica,2019,0,0,0,0.0,0.0,0.0,0.0,0.0,0,0,0.07155524891198818,Low
Jamaica,2020,0,0,0,0.0,0.0,0.0,0.0,0.0,0,0,0.07155524891198818,Low
Jamaica,2021,0,0,0,0.0,0.0,0.0,0.0,0.0,0,0,0.07155524891198818,Low
Jamaica,2022,0,0,0,0.0,0.0,0.0,0.0,0.0,0,0,0.07155524891198818,Low
Jamaica,2023,0,0,0,0.0,0.0,0.0,0.0,0.0,0,0,0.07155524891198818,Low
Jordan,1989,0,0,0,0.0,0.0,0.0,0.0,0.0,0,0,0.07155524891198818,Low
Jordan,1990,0,0,0,0.0,0.0,0.0,0.0,0.0,0,0,0.07155524891198818,Low
Jordan,1991,0,0,0,0.0,0.0,0.0,0.0,0.0,0,0,0.07155524891198818,Low
Jordan,1992,1,1,0,0.0,0.0,0.0,0.0,1.0,0,0,0.2020203200114487,Low
Jordan,1993,0,0,0,0.0,1.0,0.0,0.3333333333333333,-1.0,0,0,0.20646866026789099,Low
Jordan,1994,0,0,0,0.0,0.0,0.0,0.3333333333333333,0.0,0,0,0.11040342782141219,Low
Jordan,1995,0,0,0,0.0,0.0,0.0,0.3333333333333333,0.0,0,0,0.11040342782141219,Low
Jordan,1996,0,0,0,0.0,0.0,0.0,0.0,0.0,0,0,0.07155524891198818,Low
Jordan,1997,0,0,0,0.0,0.0,0.0,0.0,0.0,0,0,0.07155524891198818,Low
Jordan,1998,0,0,0,0.0,0.0,0.0,0.0,0.0,0,0,0.07155524891198818,Low
Jordan,1999,0,0,0,0.0,0.0,0.0,0.0,0.0,0,0,0.07155524891198818,Low
Jordan,2000,0,0,0,0.0,0.0,0.0,0.0,0.0,0,0,0.07155524891198818,Low
Jordan,2001,0,0,0,0.0,0.0,0.0,0.0,0.0,0,0,0.07155524891198818,Low
Jordan,2002,0,0,0,0.0,0.0,0.0,0.0,0.0,0,0,0.07155524891198818,Low
Jordan,2003,0,0,0,0.0,0.0,0.0,0.0,0.0,0,0,0.07155524891198818,Low
Jordan,2004,0,0,0,0.0,0.0,0.0,0.0,0.0,0,1,0.07155524891198818,Low
Jordan,2005,59,1,1,0.0,0.0,0.0,0.0,1.0,1,0,0.5343815338445682,High
Jordan,2006,0,0,0,1.0,59.0,0.3333333333333333,19.666666666666668,-1.0,0,0,0.15886117347549833,Low
Jordan,2007,0,0,0,0.0,0.0,0.3333333333333333,19.666666666666668,0.0,0,0,0.044578682297969734,Low
Jordan,2008,0,0,0,0.0,0.0,0.3333333333333333,19.666666666666668,0.0,0,0,0.044578682297969734,Low
Jordan,2009,0,0,0,0.0,0.0,0.0,0.0,0.0,0,0,0.07155524891198818,Low
Jordan,2010,0,0,0,0.0,0.0,0.0,0.0,0.0,0,0,0.07155524891198818,Low
Jordan,2011,0,0,0,0.0,0.0,0.0,0.0,0.0,0,0,0.07155524891198818,Low
Jordan,2012,0,0,0,0.0,0.0,0.0,0.0,0.0,0,0,0.07155524891198818,Low
Jordan,2013,0,0,0,0.0,0.0,0.0,0.0,0.0,0,0,0.07155524891198818,Low
Jordan,2014,0,0,0,0.0,0.0,0.0,0.0,0.0,0,0,0.07155524891198818,Low
Jordan,2015,1,1,0,0.0,0.0,0.0,0.0,1.0,0,1,0.2020203200114487,Low
Jordan,2016,37,5,1,0.0,1.0,0.0,0.3333333333333333,4.0,1,0,0.411556214559928,Medium
Jordan,2017,0,0,0,1.0,37.0,0.3333333333333333,12.666666666666666,-5.0,0,0,0.0905818393675155,Low
Jordan,2018,0,0,0,0.0,0.0,0.3333333333333333,12.666666666666666,0.0,0,0,0.04534238845011388,Low
Jordan,2019,0,0,0,0.0,0.0,0.3333333333333333,12.333333333333334,0.0,0,0,0.042589081917392045,Low
Jordan,2020,0,0,0,0.0,0.0,0.0,0.0,0.0,0,0,0.07155524891198818,Low
Jordan,2021,0,0,0,0.0,0.0,0.0,0.0,0.0,0,0,0.07155524891198818,Low
Jordan,2022,0,0,0,0.0,0.0,0.0,0.0,0.0,0,0,0.07155524891198818,Low
Jordan,2023,0,0,0,0.0,0.0,0.0,0.0,0.0,0,0,0.07155524891198818,Low
Kenya,1989,63,3,1,0.0,0.0,0.0,0.0,0.0,1,0,0.8223020940359717,Critical
Kenya,1990,7,1,0,1.0,63.0,1.0,63.0,-2.0,0,0,0.6847119633409398,High
Kenya,1991,17,2,0,0.0,7.0,0.5,35.0,1.0,0,1,0.5759933913256599,High
Kenya,1992,159,26,1,0.0,17.0,0.3333333333333333,29.0,24.0,1,1,0.9262483744451738,Critical
Kenya,1993,287,18,1,1.0,159.0,0.3333333333333333,61.0,-8.0,2,1,0.3806768662712107,Medium
Kenya,1994,34,13,1,1.0,287.0,0.6666666666666666,154.33333333333334,-5.0,3,1,0.9319682617887491,Critical
Kenya,1995,60,4,1,1.0,34.0,1.0,160.0,-9.0,4,1,0.49589706256832405,Medium
Kenya,1996,170,9,1,1.0,60.0,1.0,127.0,5.0,5,1,0.9544752084592829,Critical
Kenya,1997,212,11,1,1.0,170.0,1.0,88.0,2.0,6,1,0.9689621273942591,Critical
Kenya,1998,322,15,1,1.0,212.0,1.0,147.33333333333334,4.0,7,1,0.9883027783148804,Critical
Kenya,1999,229,8,1,1.0,322.0,1.0,234.66666666666663,-7.0,8,1,0.9811370914287614,Critical
Kenya,2000,261,18,1,1.0,229.0,1.0,254.33333333333331,10.0,9,1,0.9923867703970789,Critical
Kenya,2001,192,18,1,1.0,261.0,1.0,270.6666666666667,0.0,10,1,0.9717653731155745,Critical
Kenya,2002,45,5,1,1.0,192.0,1.0,227.33333333333331,-13.0,11,0,0.88750605881382,Critical
Kenya,2003,7,2,0,1.0,45.0,1.0,166.0,-3.0,0,0,0.5620112116075761,High
Kenya,2004,20,4,0,0.0,7.0,0.6666666666666666,81.33333333333333,2.0,0,1,0.4581109369293074,Medium
Kenya,2005,215,29,1,0.0,20.0,0.3333333333333333,24.0,25.0,1,1,0.9004047007224238,Critical
Kenya,2006,219,22,1,1.0,215.0,0.3333333333333333,80.66666666666667,-7.0,2,1,0.6884184631075999,High
Kenya,2007,200,52,1,1.0,219.0,0.6666666666666666,151.33333333333334,30.0,3,1,0.9812036402767992,Critical
Kenya,2008,783,117,1,1.0,200.0,1.0,211.33333333333331,65.0,4,1,0.9887063142822385,Critical
Kenya,2009,170,25,1,1.0,783.0,1.0,400.6666666666667,-92.0,5,1,0.975918519574801,Critical
Kenya,2010,87,28,1,1.0,170.0,1.0,384.3333333333333,3.0,6,1,0.987211977556228,Critical
Kenya,2011,144,26,1,1.0,87.0,1.0,346.6666666666667,-2.0,7,1,0.9785018006626413,Critical
Kenya,2012,309,71,1,1.0,144.0,1.0,133.66666666666666,45.0,8,1,0.9901716038518018,Critical
Kenya,2013,267,49,1,1.0,309.0,1.0,180.0,-22.0,9,1,0.9714360133566411,Critical
Kenya,2014,344,85,1,1.0,267.0,1.0,240.0,36.0,10,1,0.9946731689345878,Critical
Kenya,2015,389,42,1,1.0,344.0,1.0,306.6666666666667,-43.0,11,1,0.9772266535375417,Critical
Kenya,2016,130,48,1,1.0,389.0,1.0,333.3333333333333,6.0,12,1,0.9911185502200156,Critical
Kenya,2017,228,107,1,1.0,130.0,1.0,287.6666666666667,59.0,13,1,0.988475605031378,Critical
Kenya,2018,164,69,1,1.0,228.0,1.0,249.0,-38.0,14,1,0.9812823902008019,Critical
Kenya,2019,188,51,1,1.0,164.0,1.0,174.0,-18.0,15,1,0.9737600589911313,Critical
Kenya,2020,151,65,1,1.0,188.0,1.0,193.33333333333331,14.0,16,1,0.9930779429443964,Critical
Kenya,2021,135,54,1,1.0,151.0,1.0,167.66666666666666,-11.0,17,1,0.9656077538091777,Critical
Kenya,2022,101,31,1,1.0,135.0,1.0,158.0,-23.0,18,1,0.9447566603861891,Critical
Kenya,2023,224,57,1,1.0,101.0,1.0,129.0,26.0,19,1,0.9923711860544961,Critical
Kingdom of eSwatini (Swaziland),1989,2,2,0,0.0,0.0,0.0,0.0,0.0,0,0,0.07155524891198818,Low
Kingdom of eSwatini (Swaziland),1990,0,0,0,0.0,2.0,0.0,2.0,-2.0,0,0,0.13130382889146242,Low
Kingdom of eSwatini (Swaziland),1991,0,0,0,0.0,0.0,0.0,1.0,0.0,0,0,0.1924230177346629,Low
Kingdom of eSwatini (Swaziland),1992,0,0,0,0.0,0.0,0.0,0.6666666666666666,0.0,0,0,0.11405812144190554,Low
Kingdom of eSwatini (Swaziland),1993,0,0,0,0.0,0.0,0.0,0.0,0.0,0,0,0.07155524891198818,Low
Kingdom of eSwatini (Swaziland),1994,0,0,0,0.0,0.0,0.0,0.0,0.0,0,0,0.07155524891198818,Low
Kingdom of eSwatini (Swaziland),1995,0,0,0,0.0,0.0,0.0,0.0,0.0,0,0,0.07155524891198818,Low
Kingdom of eSwatini (Swaziland),1996,0,0,0,0.0,0.0,0.0,0.0,0.0,0,0,0.07155524891198818,Low
Kingdom of eSwatini (Swaziland),1997,0,0,0,0.0,0.0,0.0,0.0,0.0,0,0,0.07155524891198818,Low
Kingdom of eSwatini (Swaziland),1998,0,0,0,0.0,0.0,0.0,0.0,0.0,0,0,0.07155524891198818,Low
Kingdom of eSwatini (Swaziland),1999,0,0,0,0.0,0.0,0.0,0.0,0.0,0,0,0.07155524891198818,Low
Kingdom of eSwatini (Swaziland),2000,0,0,0,0.0,0.0,0.0,0.0,0.0,0,0,0.07155524891198818,Low
Kingdom of eSwatini (Swaziland),2001,0,0,0,0.0,0.0,0.0,0.0,0.0,0,0,0.07155524891198818,Low
Kingdom of eSwatini (Swaziland),2002,0,0,0,0.0,0.0,0.0,0.0,0.0,0,0,0.07155524891198818,Low
Kingdom of eSwatini (Swaziland),2003,0,0,0,0.0,0.0,0.0,0.0,0.0,0,0,0.07155524891198818,Low
Kingdom of eSwatini (Swaziland),2004,0,0,0,0.0,0.0,0.0,0.0,0.0,0,0,0.07155524891198818,Low
Kingdom of eSwatini (Swaziland),2005,0,0,0,0.0,0.0,0.0,0.0,0.0,0,0,0.07155524891198818,Low
Kingdom of eSwatini (Swaziland),2006,0,0,0,0.0,0.0,0.0,0.0,0.0,0,0,0.07155524891198818,Low
Kingdom of eSwatini (Swaziland),2007,0,0,0,0.0,0.0,0.0,0.0,0.0,0,0,0.07155524891198818,Low
Kingdom of eSwatini (Swaziland),2008,0,0,0,0.0,0.0,0.0,0.0,0.0,0,0,0.07155524891198818,Low
Kingdom of eSwatini (Swaziland),2009,0,0,0,0.0,0.0,0.0,0.0,0.0,0,0,0.07155524891198818,Low
Kingdom of eSwatini (Swaziland),2010,0,0,0,0.0,0.0,0.0,0.0,0.0,0,0,0.07155524891198818,Low
Kingdom of eSwatini (Swaziland),2011,0,0,0,0.0,0.0,0.0,0.0,0.0,0,0,0.07155524891198818,Low
Kingdom of eSwatini (Swaziland),2012,0,0,0,0.0,0.0,0.0,0.0,0.0,0,0,0.07155524891198818,Low
Kingdom of eSwatini (Swaziland),2013,0,0,0,0.0,0.0,0.0,0.0,0.0,0,0,0.07155524891198818,Low
Kingdom of eSwatini (Swaziland),2014,0,0,0,0.0,0.0,0.0,0.0,0.0,0,0,0.07155524891198818,Low
Kingdom of eSwatini (Swaziland),2015,0,0,0,0.0,0.0,0.0,0.0,0.0,0,0,0.07155524891198818,Low
Kingdom of eSwatini (Swaziland),2016,0,0,0,0.0,0.0,0.0,0.0,0.0,0,0,0.07155524891198818,Low
Kingdom of eSwatini (Swaziland),2017,0,0,0,0.0,0.0,0.0,0.0,0.0,0,0,0.07155524891198818,Low
Kingdom of eSwatini (Swaziland),2018,0,0,0,0.0,0.0,0.0,0.0,0.0,0,0,0.07155524891198818,Low
Kingdom of eSwatini (Swaziland),2019,1,3,0,0.0,0.0,0.0,0.0,3.0,0,0,0.08814327318334579,Low
Kingdom of eSwatini (Swaziland),2020,2,2,0,0.0,1.0,0.0,0.3333333333333333,-1.0,0,1,0.20646866026789099,Low
Kingdom of eSwatini (Swaziland),2021,48,11,1,0.0,2.0,0.0,1.0,9.0,1,0,0.3847532259678077,Medium
Kingdom of eSwatini (Swaziland),2022,2,2,0,1.0,48.0,0.3333333333333333,17.0,-9.0,0,0,0.09348897960275153,Low
Kingdom of eSwatini (Swaziland),2023,3,2,0,0.0,2.0,0.3333333333333333,17.333333333333332,0.0,0,0,0.22869679485090416,Low
Kuwait,1989,0,0,0,0.0,0.0,0.0,0.0,0.0,0,1,0.07155524891198818,Low
Kuwait,1990,1329,19,1,0.0,0.0,0.0,0.0,19.0,1,1,0.7183219844373354,High
Kuwait,1991,460,19,1,1.0,1329.0,0.5,664.5,0.0,2,0,0.6661442196539579,High
Kuwait,1992,0,0,0,1.0,460.0,0.6666666666666666,596.3333333333334,-19.0,0,0,0.41481032671482654,Medium
Kuwait,1993,0,0,0,0.0,0.0,0.6666666666666666,596.3333333333334,0.0,0,0,0.029134950876684707,Low
Kuwait,1994,0,0,0,0.0,0.0,0.3333333333333333,153.33333333333334,0.0,0,0,0.043787219568293276,Low
Kuwait,1995,0,0,0,0.0,0.0,0.0,0.0,0.0,0,0,0.07155524891198818,Low
Kuwait,1996,1,1,0,0.0,0.0,0.0,0.0,1.0,0,0,0.2020203200114487,Low
Kuwait,1997,0,0,0,0.0,1.0,0.0,0.3333333333333333,-1.0,0,0,0.20646866026789099,Low
Kuwait,1998,0,0,0,0.0,0.0,0.0,0.3333333333333333,0.0,0,0,0.11040342782141219,Low
Kuwait,1999,0,0,0,0.0,0.0,0.0,0.3333333333333333,0.0,0,0,0.11040342782141219,Low
Kuwait,2000,0,0,0,0.0,0.0,0.0,0.0,0.0,0,0,0.07155524891198818,Low
Kuwait,2001,0,0,0,0.0,0.0,0.0,0.0,0.0,0,0,0.07155524891198818,Low
Kuwait,2002,0,0,0,0.0,0.0,0.0,0.0,0.0,0,0,0.07155524891198818,Low
Kuwait,2003,0,0,0,0.0,0.0,0.0,0.0,0.0,0,0,0.07155524891198818,Low
Kuwait,2004,0,0,0,0.0,0.0,0.0,0.0,0.0,0,0,0.07155524891198818,Low
Kuwait,2005,0,0,0,0.0,0.0,0.0,0.0,0.0,0,0,0.07155524891198818,Low
Kuwait,2006,0,0,0,0.0,0.0,0.0,0.0,0.0,0,0,0.07155524891198818,Low
Kuwait,2007,0,0,0,0.0,0.0,0.0,0.0,0.0,0,0,0.07155524891198818,Low
Kuwait,2008,0,0,0,0.0,0.0,0.0,0.0,0.0,0,0,0.07155524891198818,Low
Kuwait,2009,0,0,0,0.0,0.0,0.0,0.0,0.0,0,0,0.07155524891198818,Low
Kuwait,2010,0,0,0,0.0,0.0,0.0,0.0,0.0,0,0,0.07155524891198818,Low
Kuwait,2011,0,0,0,0.0,0.0,0.0,0.0,0.0,0,0,0.07155524891198818,Low
Kuwait,2012,0,0,0,0.0,0.0,0.0,0.0,0.0,0,0,0.07155524891198818,Low
Kuwait,2013,0,0,0,0.0,0.0,0.0,0.0,0.0,0,0,0.07155524891198818,Low
Kuwait,2014,0,0,0,0.0,0.0,0.0,0.0,0.0,0,1,0.07155524891198818,Low
Kuwait,2015,26,1,1,0.0,0.0,0.0,0.0,1.0,1,0,0.5343815338445682,High
Kuwait,2016,0,0,0,1.0,26.0,0.3333333333333333,8.666666666666666,-1.0,0,0,0.22966520005344462,Low
Kuwait,2017,0,0,0,0.0,0.0,0.3333333333333333,8.666666666666666,0.0,0,0,0.10250039947000317,Low
Kuwait,2018,0,0,0,0.0,0.0,0.3333333333333333,8.666666666666666,0.0,0,0,0.10250039947000317,Low
Kuwait,2019,0,0,0,0.0,0.0,0.0,0.0,0.0,0,0,0.07155524891198818,Low
Kuwait,2020,0,0,0,0.0,0.0,0.0,0.0,0.0,0,0,0.07155524891198818,Low
Kuwait,2021,0,0,0,0.0,0.0,0.0,0.0,0.0,0,0,0.07155524891198818,Low
Kuwait,2022,0,0,0,0.0,0.0,0.0,0.0,0.0,0,0,0.07155524891198818,Low
Kuwait,2023,0,0,0,0.0,0.0,0.0,0.0,0.0,0,0,0.07155524891198818,Low
Kyrgyzstan,1989,0,0,0,0.0,0.0,0.0,0.0,0.0,0,0,0.07155524891198818,Low
Kyrgyzstan,1990,0,0,0,0.0,0.0,0.0,0.0,0.0,0,0,0.07155524891198818,Low
Kyrgyzstan,1991,0,0,0,0.0,0.0,0.0,0.0,0.0,0,0,0.07155524891198818,Low
Kyrgyzstan,1992,0,0,0,0.0,0.0,0.0,0.0,0.0,0,0,0.07155524891198818,Low
Kyrgyzstan,1993,0,0,0,0.0,0.0,0.0,0.0,0.0,0,0,0.07155524891198818,Low
Kyrgyzstan,1994,0,0,0,0.0,0.0,0.0,0.0,0.0,0,0,0.07155524891198818,Low
Kyrgyzstan,1995,0,0,0,0.0,0.0,0.0,0.0,0.0,0,0,0.07155524891198818,Low
Kyrgyzstan,1996,0,0,0,0.0,0.0,0.0,0.0,0.0,0,0,0.07155524891198818,Low
Kyrgyzstan,1997,0,0,0,0.0,0.0,0.0,0.0,0.0,0,0,0.07155524891198818,Low
Kyrgyzstan,1998,0,0,0,0.0,0.0,0.0,0.0,0.0,0,0,0.07155524891198818,Low
Kyrgyzstan,1999,14,2,0,0.0,0.0,0.0,0.0,2.0,0,1,0.18758822948971413,Low
Kyrgyzstan,2000,174,17,1,0.0,14.0,0.0,4.666666666666667,15.0,1,0,0.5441441808738864,High
Kyrgyzstan,2001,0,0,0,1.0,174.0,0.3333333333333333,62.66666666666666,-17.0,0,0,0.1378594581324034,Low
Kyrgyzstan,2002,0,0,0,0.0,0.0,0.3333333333333333,62.66666666666666,0.0,0,0,0.04148056756144328,Low
Kyrgyzstan,2003,0,0,0,0.0,0.0,0.3333333333333333,58.0,0.0,0,0,0.041769194664538635,Low
Kyrgyzstan,2004,0,0,0,0.0,0.0,0.0,0.0,0.0,0,0,0.07155524891198818,Low
Kyrgyzstan,2005,0,0,0,0.0,0.0,0.0,0.0,0.0,0,0,0.07155524891198818,Low
Kyrgyzstan,2006,6,3,0,0.0,0.0,0.0,0.0,3.0,0,0,0.08814327318334579,Low
Kyrgyzstan,2007,0,0,0,0.0,6.0,0.0,2.0,-3.0,0,0,0.1621094188918502,Low
Kyrgyzstan,2008,0,0,0,0.0,0.0,0.0,2.0,0.0,0,0,0.21876333824927105,Low
Kyrgyzstan,2009,0,0,0,0.0,0.0,0.0,2.0,0.0,0,1,0.21876333824927105,Low
Kyrgyzstan,2010,44,25,1,0.0,0.0,0.0,0.0,25.0,1,0,0.5872120309318957,High
Kyrgyzstan,2011,0,0,0,1.0,44.0,0.3333333333333333,14.666666666666666,-25.0,0,0,0.18541547181993961,Low
Kyrgyzstan,2012,0,0,0,0.0,0.0,0.3333333333333333,14.666666666666666,0.0,0,0,0.03892256510227552,Low
Kyrgyzstan,2013,0,0,0,0.0,0.0,0.3333333333333333,14.666666666666666,0.0,0,0,0.03892256510227552,Low
Kyrgyzstan,2014,0,0,0,0.0,0.0,0.0,0.0,0.0,0,0,0.07155524891198818,Low
Kyrgyzstan,2015,1,1,0,0.0,0.0,0.0,0.0,1.0,0,0,0.2020203200114487,Low
Kyrgyzstan,2016,0,0,0,0.0,1.0,0.0,0.3333333333333333,-1.0,0,0,0.20646866026789099,Low
Kyrgyzstan,2017,0,0,0,0.0,0.0,0.0,0.3333333333333333,0.0,0,0,0.11040342782141219,Low
Kyrgyzstan,2018,0,0,0,0.0,0.0,0.0,0.3333333333333333,0.0,0,0,0.11040342782141219,Low
Kyrgyzstan,2019,0,0,0,0.0,0.0,0.0,0.0,0.0,0,0,0.07155524891198818,Low
Kyrgyzstan,2020,0,0,0,0.0,0.0,0.0,0.0,0.0,0,1,0.07155524891198818,Low
Kyrgyzstan,2021,40,3,1,0.0,0.0,0.0,0.0,3.0,1,1,0.5983763437101017,High
Kyrgyzstan,2022,68,32,1,1.0,40.0,0.3333333333333333,13.333333333333334,29.0,2,0,0.6330393005278329,High
Kyrgyzstan,2023,0,0,0,1.0,68.0,0.6666666666666666,36.0,-32.0,0,0,0.5695392539708302,High
Laos,1989,30,1,1,0.0,0.0,0.0,0.0,0.0,1,1,0.8223020940359717,Critical
Laos,1990,255,6,1,1.0,30.0,1.0,30.0,5.0,2,0,0.5474313620392645,High
Laos,1991,0,0,0,1.0,255.0,1.0,142.5,-6.0,0,0,0.3248355473426283,Medium
Laos,1992,0,0,0,0.0,0.0,0.6666666666666666,95.0,0.0,0,0,0.036933054650204654,Low
Laos,1993,3,1,0,0.0,0.0,0.3333333333333333,85.0,1.0,0,0,0.05239300164032112,Low
Laos,1994,0,0,0,0.0,3.0,0.0,1.0,-1.0,0,0,0.15519304629834904,Low
Laos,1995,0,0,0,0.0,0.0,0.0,1.0,0.0,0,0,0.1924230177346629,Low
Laos,1996,0,0,0,0.0,0.0,0.0,1.0,0.0,0,0,0.1924230177346629,Low
Laos,1997,2,1,0,0.0,0.0,0.0,0.0,1.0,0,0,0.2020203200114487,Low
Laos,1998,0,0,0,0.0,2.0,0.0,0.6666666666666666,-1.0,0,0,0.24111742643615458,Low
Laos,1999,2,1,0,0.0,0.0,0.0,0.6666666666666666,1.0,0,0,0.24278435864316042,Low
Laos,2000,7,2,0,0.0,2.0,0.0,1.3333333333333333,1.0,0,0,0.24584412905303238,Low
Laos,2001,0,0,0,0.0,7.0,0.0,3.0,-2.0,0,0,0.13709174690234158,Low
Laos,2002,4,2,0,0.0,0.0,0.0,3.0,2.0,0,0,0.5287818372861823,High
Laos,2003,5,3,0,0.0,4.0,0.0,3.6666666666666665,1.0,0,0,0.19479564050945747,Low
Laos,2004,4,3,0,0.0,5.0,0.0,3.0,0.0,0,0,0.2608882624182602,Medium
Laos,2005,0,0,0,0.0,4.0,0.0,4.333333333333333,-3.0,0,1,0.26012806873224187,Medium
Laos,2006,73,4,1,0.0,0.0,0.0,3.0,4.0,1,0,0.48925816135395467,Medium
Laos,2007,0,0,0,1.0,73.0,0.3333333333333333,25.666666666666668,-4.0,0,0,0.1387607761553113,Low
Laos,2008,0,0,0,0.0,0.0,0.3333333333333333,24.33333333333333,0.0,0,0,0.03988094661057166,Low
Laos,2009,0,0,0,0.0,0.0,0.3333333333333333,24.33333333333333,0.0,0,0,0.03988094661057166,Low
Laos,2010,0,0,0,0.0,0.0,0.0,0.0,0.0,0,0,0.07155524891198818,Low
Laos,2011,0,0,0,0.0,0.0,0.0,0.0,0.0,0,0,0.07155524891198818,Low
Laos,2012,0,0,0,0.0,0.0,0.0,0.0,0.0,0,0,0.07155524891198818,Low
Laos,2013,0,0,0,0.0,0.0,0.0,0.0,0.0,0,0,0.07155524891198818,Low
Laos,2014,0,0,0,0.0,0.0,0.0,0.0,0.0,0,0,0.07155524891198818,Low
Laos,2015,0,0,0,0.0,0.0,0.0,0.0,0.0,0,0,0.07155524891198818,Low
Laos,2016,0,0,0,0.0,0.0,0.0,0.0,0.0,0,0,0.07155524891198818,Low
Laos,2017,0,0,0,0.0,0.0,0.0,0.0,0.0,0,0,0.07155524891198818,Low
Laos,2018,0,0,0,0.0,0.0,0.0,0.0,0.0,0,0,0.07155524891198818,Low
Laos,2019,0,0,0,0.0,0.0,0.0,0.0,0.0,0,0,0.07155524891198818,Low
Laos,2020,0,0,0,0.0,0.0,0.0,0.0,0.0,0,0,0.07155524891198818,Low
Laos,2021,0,0,0,0.0,0.0,0.0,0.0,0.0,0,0,0.07155524891198818,Low
Laos,2022,0,0,0,0.0,0.0,0.0,0.0,0.0,0,0,0.07155524891198818,Low
Laos,2023,0,0,0,0.0,0.0,0.0,0.0,0.0,0,0,0.07155524891198818,Low
Lebanon,1989,1097,210,1,0.0,0.0,0.0,0.0,0.0,1,1,0.8223020940359717,Critical
Lebanon,1990,1903,89,1,1.0,1097.0,1.0,1097.0,-121.0,2,1,0.9638597784388541,Critical
Lebanon,1991,68,29,1,1.0,1903.0,1.0,1500.0,-60.0,3,1,0.9568804542565397,Critical
Lebanon,1992,132,54,1,1.0,68.0,1.0,1022.6666666666666,25.0,4,1,0.8831217632012694,Critical
Lebanon,1993,165,80,1,1.0,132.0,1.0,701.0,26.0,5,1,0.9909137500880142,Critical
Lebanon,1994,144,59,1,1.0,165.0,1.0,121.66666666666669,-21.0,6,1,0.9570727773672282,Critical
Lebanon,1995,126,72,1,1.0,144.0,1.0,147.0,13.0,7,1,0.9869139551647537,Critical
Lebanon,1996,214,58,1,1.0,126.0,1.0,145.0,-14.0,8,1,0.9529643798214018,Critical
Lebanon,1997,105,63,1,1.0,214.0,1.0,161.33333333333334,5.0,9,1,0.9860702564493785,Critical
Lebanon,1998,85,51,1,1.0,105.0,1.0,148.33333333333334,-12.0,10,1,0.9581991303510317,Critical
Lebanon,1999,74,41,1,1.0,85.0,1.0,134.66666666666666,-10.0,11,1,0.9286121143792174,Critical
Lebanon,2000,59,33,1,1.0,74.0,1.0,88.0,-8.0,12,0,0.9053091608949182,Critical
Lebanon,2001,4,3,0,1.0,59.0,1.0,72.66666666666667,-30.0,0,0,0.3924904995643128,Medium
Lebanon,2002,0,1,0,0.0,4.0,0.6666666666666666,45.66666666666666,-2.0,0,0,0.12206478995867959,Low
Lebanon,2003,1,1,0,0.0,0.0,0.3333333333333333,21.0,0.0,0,0,0.043077099784917555,Low
Lebanon,2004,0,0,0,0.0,1.0,0.0,1.6666666666666667,-1.0,0,0,0.2516338047076034,Medium
Lebanon,2005,3,3,0,0.0,0.0,0.0,0.3333333333333333,3.0,0,1,0.45464469579291117,Medium
Lebanon,2006,1194,246,1,0.0,3.0,0.0,1.3333333333333333,243.0,1,0,0.6041073897654099,High
Lebanon,2007,0,0,0,1.0,1194.0,0.3333333333333333,399.0,-246.0,0,1,0.11199679139698344,Low
Lebanon,2008,38,5,1,0.0,0.0,0.3333333333333333,399.0,5.0,1,0,0.5978076904380987,High
Lebanon,2009,0,0,0,1.0,38.0,0.6666666666666666,410.6666666666667,-5.0,0,0,0.36252398265407376,Medium
Lebanon,2010,0,0,0,0.0,0.0,0.3333333333333333,12.666666666666666,0.0,0,0,0.04534238845011388,Low
Lebanon,2011,4,2,0,0.0,0.0,0.3333333333333333,12.666666666666666,2.0,0,1,0.4823323535300047,Medium
Lebanon,2012,53,6,1,0.0,4.0,0.0,1.3333333333333333,4.0,1,1,0.6416845027813818,High
Lebanon,2013,179,28,1,1.0,53.0,0.3333333333333333,19.0,22.0,2,1,0.8424559781548084,Critical
Lebanon,2014,231,41,1,1.0,179.0,0.6666666666666666,78.66666666666667,13.0,3,1,0.8975318522610557,Critical
Lebanon,2015,200,19,1,1.0,231.0,1.0,154.33333333333334,-22.0,4,1,0.9548044010973352,Critical
Lebanon,2016,56,13,1,1.0,200.0,1.0,203.33333333333331,-6.0,5,1,0.9708933851429312,Critical
Lebanon,2017,297,20,1,1.0,56.0,1.0,162.33333333333334,7.0,6,0,0.6451868494675844,High
Lebanon,2018,2,1,0,1.0,297.0,1.0,184.33333333333331,-19.0,0,0,0.31222660502267546,Medium
Lebanon,2019,0,0,0,0.0,2.0,0.6666666666666666,118.33333333333331,-1.0,0,0,0.07829251150441821,Low
Lebanon,2020,20,4,0,0.0,0.0,0.3333333333333333,99.66666666666669,4.0,0,0,0.11619998034198323,Low
Lebanon,2021,0,0,0,0.0,20.0,0.0,7.333333333333333,-4.0,0,0,0.12035759980713427,Low
Lebanon,2022,0,0,0,0.0,0.0,0.0,6.666666666666667,0.0,0,1,0.2501352329159979,Medium
Lebanon,2023,123,39,1,0.0,0.0,0.0,6.666666666666667,39.0,1,1,0.8258817521331284,Critical
Lesotho,1989,0,0,0,0.0,0.0,0.0,0.0,0.0,0,0,0.07155524891198818,Low
Lesotho,1990,0,0,0,0.0,0.0,0.0,0.0,0.0,0,0,0.07155524891198818,Low
Lesotho,1991,0,0,0,0.0,0.0,0.0,0.0,0.0,0,0,0.07155524891198818,Low
Lesotho,1992,0,0,0,0.0,0.0,0.0,0.0,0.0,0,0,0.07155524891198818,Low
Lesotho,1993,0,0,0,0.0,0.0,0.0,0.0,0.0,0,0,0.07155524891198818,Low
Lesotho,1994,0,0,0,0.0,0.0,0.0,0.0,0.0,0,0,0.07155524891198818,Low
Lesotho,1995,0,0,0,0.0,0.0,0.0,0.0,0.0,0,0,0.07155524891198818,Low
Lesotho,1996,0,0,0,0.0,0.0,0.0,0.0,0.0,0,0,0.07155524891198818,Low
Lesotho,1997,0,0,0,0.0,0.0,0.0,0.0,0.0,0,1,0.07155524891198818,Low
Lesotho,1998,78,5,1,0.0,0.0,0.0,0.0,5.0,1,0,0.527990275030204,High
Lesotho,1999,0,0,0,1.0,78.0,0.3333333333333333,26.0,-5.0,0,0,0.10077502287281684,Low
Lesotho,2000,0,0,0,0.0,0.0,0.3333333333333333,26.0,0.0,0,0,0.03929345047255587,Low
Lesotho,2001,0,0,0,0.0,0.0,0.3333333333333333,26.0,0.0,0,0,0.03929345047255587,Low
Lesotho,2002,0,0,0,0.0,0.0,0.0,0.0,0.0,0,0,0.07155524891198818,Low
Lesotho,2003,0,0,0,0.0,0.0,0.0,0.0,0.0,0,0,0.07155524891198818,Low
Lesotho,2004,0,0,0,0.0,0.0,0.0,0.0,0.0,0,0,0.07155524891198818,Low
Lesotho,2005,0,0,0,0.0,0.0,0.0,0.0,0.0,0,0,0.07155524891198818,Low
Lesotho,2006,0,0,0,0.0,0.0,0.0,0.0,0.0,0,0,0.07155524891198818,Low
Lesotho,2007,0,0,0,0.0,0.0,0.0,0.0,0.0,0,0,0.07155524891198818,Low
Lesotho,2008,0,0,0,0.0,0.0,0.0,0.0,0.0,0,0,0.07155524891198818,Low
Lesotho,2009,0,0,0,0.0,0.0,0.0,0.0,0.0,0,0,0.07155524891198818,Low
Lesotho,2010,0,0,0,0.0,0.0,0.0,0.0,0.0,0,0,0.07155524891198818,Low
Lesotho,2011,0,0,0,0.0,0.0,0.0,0.0,0.0,0,0,0.07155524891198818,Low
Lesotho,2012,0,0,0,0.0,0.0,0.0,0.0,0.0,0,0,0.07155524891198818,Low
Lesotho,2013,0,0,0,0.0,0.0,0.0,0.0,0.0,0,0,0.07155524891198818,Low
Lesotho,2014,0,0,0,0.0,0.0,0.0,0.0,0.0,0,0,0.07155524891198818,Low
Lesotho,2015,0,0,0,0.0,0.0,0.0,0.0,0.0,0,0,0.07155524891198818,Low
Lesotho,2016,0,0,0,0.0,0.0,0.0,0.0,0.0,0,0,0.07155524891198818,Low
Lesotho,2017,0,0,0,0.0,0.0,0.0,0.0,0.0,0,0,0.07155524891198818,Low
Lesotho,2018,0,0,0,0.0,0.0,0.0,0.0,0.0,0,0,0.07155524891198818,Low
Lesotho,2019,0,0,0,0.0,0.0,0.0,0.0,0.0,0,0,0.07155524891198818,Low
Lesotho,2020,0,0,0,0.0,0.0,0.0,0.0,0.0,0,0,0.07155524891198818,Low
Lesotho,2021,0,0,0,0.0,0.0,0.0,0.0,0.0,0,0,0.07155524891198818,Low
Lesotho,2022,0,0,0,0.0,0.0,0.0,0.0,0.0,0,0,0.07155524891198818,Low
Lesotho,2023,0,0,0,0.0,0.0,0.0,0.0,0.0,0,0,0.07155524891198818,Low
Liberia,1989,45,6,1,0.0,0.0,0.0,0.0,0.0,1,1,0.8223020940359717,Critical
Liberia,1990,3729,138,1,1.0,45.0,1.0,45.0,132.0,2,1,0.9317120525046039,Critical
Liberia,1991,578,19,1,1.0,3729.0,1.0,1887.0,-119.0,3,1,0.9579412865165124,Critical
Liberia,1992,453,26,1,1.0,578.0,1.0,1450.6666666666667,7.0,4,1,0.9814979590701562,Critical
Liberia,1993,2673,47,1,1.0,453.0,1.0,1586.6666666666667,21.0,5,1,0.994831088169242,Critical
Liberia,1994,4167,92,1,1.0,2673.0,1.0,1234.6666666666667,45.0,6,1,0.9967004778469988,Critical
Liberia,1995,2290,52,1,1.0,4167.0,1.0,2431.0,-40.0,7,1,0.9831005785679177,Critical
Liberia,1996,3077,31,1,1.0,2290.0,1.0,3043.333333333333,-21.0,8,0,0.9801443581566709,Critical
Liberia,1997,13,3,0,1.0,3077.0,1.0,3178.0,-28.0,0,0,0.18641083475328382,Low
Liberia,1998,13,1,0,0.0,13.0,0.6666666666666666,1793.3333333333333,-2.0,0,1,0.5988837186618109,High
Liberia,1999,70,3,1,0.0,13.0,0.3333333333333333,1034.3333333333333,2.0,1,1,0.8264412722732565,Critical
Liberia,2000,101,5,1,1.0,70.0,0.3333333333333333,32.0,2.0,2,1,0.8487417343918551,Critical
Liberia,2001,481,28,1,1.0,101.0,0.6666666666666666,61.333333333333336,23.0,3,1,0.8894754533640788,Critical
Liberia,2002,2259,43,1,1.0,481.0,1.0,217.33333333333331,15.0,4,1,0.9797358698396871,Critical
Liberia,2003,3281,53,1,1.0,2259.0,1.0,947.0,10.0,5,0,0.9715977791024603,Critical
Liberia,2004,0,0,0,1.0,3281.0,1.0,2007.0,-53.0,0,0,0.18056294264171144,Low
Liberia,2005,0,0,0,0.0,0.0,0.6666666666666666,1846.6666666666667,0.0,0,0,0.11597017408331751,Low
Liberia,2006,0,0,0,0.0,0.0,0.3333333333333333,1093.6666666666667,0.0,0,0,0.043899990026711216,Low
Liberia,2007,0,0,0,0.0,0.0,0.0,0.0,0.0,0,0,0.07155524891198818,Low
Liberia,2008,0,0,0,0.0,0.0,0.0,0.0,0.0,0,0,0.07155524891198818,Low
Liberia,2009,0,0,0,0.0,0.0,0.0,0.0,0.0,0,0,0.07155524891198818,Low
Liberia,2010,0,0,0,0.0,0.0,0.0,0.0,0.0,0,0,0.07155524891198818,Low
Liberia,2011,0,0,0,0.0,0.0,0.0,0.0,0.0,0,0,0.07155524891198818,Low
Liberia,2012,0,0,0,0.0,0.0,0.0,0.0,0.0,0,0,0.07155524891198818,Low
Liberia,2013,0,0,0,0.0,0.0,0.0,0.0,0.0,0,0,0.07155524891198818,Low
Liberia,2014,0,0,0,0.0,0.0,0.0,0.0,0.0,0,0,0.07155524891198818,Low
Liberia,2015,0,0,0,0.0,0.0,0.0,0.0,0.0,0,0,0.07155524891198818,Low
Liberia,2016,0,0,0,0.0,0.0,0.0,0.0,0.0,0,0,0.07155524891198818,Low
Liberia,2017,0,0,0,0.0,0.0,0.0,0.0,0.0,0,0,0.07155524891198818,Low
Liberia,2018,0,0,0,0.0,0.0,0.0,0.0,0.0,0,0,0.07155524891198818,Low
Liberia,2019,1,1,0,0.0,0.0,0.0,0.0,1.0,0,0,0.2020203200114487,Low
Liberia,2020,2,2,0,0.0,1.0,0.0,0.3333333333333333,1.0,0,0,0.14504711020612582,Low
Liberia,2021,0,0,0,0.0,2.0,0.0,1.0,-2.0,0,0,0.12341657020059493,Low
Liberia,2022,0,0,0,0.0,0.0,0.0,1.0,0.0,0,0,0.1924230177346629,Low
Liberia,2023,0,0,0,0.0,0.0,0.0,0.6666666666666666,0.0,0,0,0.11405812144190554,Low
Libya,1989,0,0,0,0.0,0.0,0.0,0.0,0.0,0,0,0.07155524891198818,Low
Libya,1990,0,0,0,0.0,0.0,0.0,0.0,0.0,0,0,0.07155524891198818,Low
Libya,1991,0,0,0,0.0,0.0,0.0,0.0,0.0,0,0,0.07155524891198818,Low
Libya,1992,0,0,0,0.0,0.0,0.0,0.0,0.0,0,0,0.07155524891198818,Low
Libya,1993,0,0,0,0.0,0.0,0.0,0.0,0.0,0,0,0.07155524891198818,Low
Libya,1994,0,0,0,0.0,0.0,0.0,0.0,0.0,0,0,0.07155524891198818,Low
Libya,1995,0,0,0,0.0,0.0,0.0,0.0,0.0,0,0,0.07155524891198818,Low
Libya,1996,0,0,0,0.0,0.0,0.0,0.0,0.0,0,0,0.07155524891198818,Low
Libya,1997,0,0,0,0.0,0.0,0.0,0.0,0.0,0,0,0.07155524891198818,Low
Libya,1998,0,0,0,0.0,0.0,0.0,0.0,0.0,0,0,0.07155524891198818,Low
Libya,1999,0,0,0,0.0,0.0,0.0,0.0,0.0,0,0,0.07155524891198818,Low
Libya,2000,0,0,0,0.0,0.0,0.0,0.0,0.0,0,0,0.07155524891198818,Low
Libya,2001,0,0,0,0.0,0.0,0.0,0.0,0.0,0,0,0.07155524891198818,Low
Libya,2002,0,0,0,0.0,0.0,0.0,0.0,0.0,0,0,0.07155524891198818,Low
Libya,2003,0,0,0,0.0,0.0,0.0,0.0,0.0,0,0,0.07155524891198818,Low
Libya,2004,0,0,0,0.0,0.0,0.0,0.0,0.0,0,0,0.07155524891198818,Low
Libya,2005,0,0,0,0.0,0.0,0.0,0.0,0.0,0,0,0.07155524891198818,Low
Libya,2006,0,0,0,0.0,0.0,0.0,0.0,0.0,0,0,0.07155524891198818,Low
Libya,2007,0,0,0,0.0,0.0,0.0,0.0,0.0,0,0,0.07155524891198818,Low
Libya,2008,6,1,0,0.0,0.0,0.0,0.0,1.0,0,0,0.2020203200114487,Low
Libya,2009,0,0,0,0.0,6.0,0.0,2.0,-1.0,0,0,0.27448196477702697,Medium
Libya,2010,0,0,0,0.0,0.0,0.0,2.0,0.0,0,1,0.21876333824927105,Low
Libya,2011,3914,235,1,0.0,0.0,0.0,2.0,235.0,1,1,0.6951424729047851,High
Libya,2012,378,19,1,1.0,3914.0,0.3333333333333333,1304.6666666666667,-216.0,2,1,0.9506088222051291,Critical
Libya,2013,36,18,1,1.0,378.0,0.6666666666666666,1430.6666666666667,-1.0,3,1,0.9523126442511967,Critical
Libya,2014,1455,109,1,1.0,36.0,1.0,1442.6666666666667,91.0,4,1,0.8957759608805343,Critical
Libya,2015,1594,161,1,1.0,1455.0,1.0,623.0,52.0,5,1,0.9948008922851962,Critical
Libya,2016,2349,184,1,1.0,1594.0,1.0,1028.3333333333333,23.0,6,1,0.9901671778698803,Critical
Libya,2017,1096,80,1,1.0,2349.0,1.0,1799.3333333333333,-104.0,7,1,0.9845484343114426,Critical
Libya,2018,670,123,1,1.0,1096.0,1.0,1679.6666666666667,43.0,8,1,0.9964582355276099,Critical
Libya,2019,1786,186,1,1.0,670.0,1.0,1371.6666666666667,63.0,9,1,0.9974715798106835,Critical
Libya,2020,690,131,1,1.0,1786.0,1.0,1184.0,-55.0,10,0,0.9818286160783712,Critical
Libya,2021,12,7,0,1.0,690.0,1.0,1048.6666666666667,-124.0,0,0,0.34959508943894546,Medium
Libya,2022,13,7,0,0.0,12.0,0.6666666666666666,829.3333333333334,0.0,0,0,0.2935491894141892,Medium
Libya,2023,2,1,0,0.0,13.0,0.3333333333333333,238.33333333333331,-6.0,0,0,0.15615170959987468,Low
Madagascar (Malagasy),1989,0,0,0,0.0,0.0,0.0,0.0,0.0,0,0,0.07155524891198818,Low
Madagascar (Malagasy),1990,0,0,0,0.0,0.0,0.0,0.0,0.0,0,0,0.07155524891198818,Low
Madagascar (Malagasy),1991,0,0,0,0.0,0.0,0.0,0.0,0.0,0,0,0.07155524891198818,Low
Madagascar (Malagasy),1992,0,0,0,0.0,0.0,0.0,0.0,0.0,0,0,0.07155524891198818,Low
Madagascar (Malagasy),1993,0,0,0,0.0,0.0,0.0,0.0,0.0,0,0,0.07155524891198818,Low
Madagascar (Malagasy),1994,0,0,0,0.0,0.0,0.0,0.0,0.0,0,0,0.07155524891198818,Low
Madagascar (Malagasy),1995,0,0,0,0.0,0.0,0.0,0.0,0.0,0,0,0.07155524891198818,Low
Madagascar (Malagasy),1996,0,0,0,0.0,0.0,0.0,0.0,0.0,0,0,0.07155524891198818,Low
Madagascar (Malagasy),1997,0,0,0,0.0,0.0,0.0,0.0,0.0,0,0,0.07155524891198818,Low
Madagascar (Malagasy),1998,0,0,0,0.0,0.0,0.0,0.0,0.0,0,0,0.07155524891198818,Low
Madagascar (Malagasy),1999,0,0,0,0.0,0.0,0.0,0.0,0.0,0,0,0.07155524891198818,Low
Madagascar (Malagasy),2000,0,0,0,0.0,0.0,0.0,0.0,0.0,0,0,0.07155524891198818,Low
Madagascar (Malagasy),2001,0,0,0,0.0,0.0,0.0,0.0,0.0,0,1,0.07155524891198818,Low
Madagascar (Malagasy),2002,79,32,1,0.0,0.0,0.0,0.0,32.0,1,0,0.6313129602030756,High
Madagascar (Malagasy),2003,0,0,0,1.0,79.0,0.3333333333333333,26.33333333333333,-32.0,0,0,0.09469439173171655,Low
Madagascar (Malagasy),2004,0,0,0,0.0,0.0,0.3333333333333333,26.33333333333333,0.0,0,0,0.042978767347192484,Low
Madagascar (Malagasy),2005,0,0,0,0.0,0.0,0.3333333333333333,26.33333333333333,0.0,0,0,0.042978767347192484,Low
Madagascar (Malagasy),2006,0,0,0,0.0,0.0,0.0,0.0,0.0,0,0,0.07155524891198818,Low
Madagascar (Malagasy),2007,0,0,0,0.0,0.0,0.0,0.0,0.0,0,0,0.07155524891198818,Low
Madagascar (Malagasy),2008,0,0,0,0.0,0.0,0.0,0.0,0.0,0,1,0.07155524891198818,Low
Madagascar (Malagasy),2009,113,7,1,0.0,0.0,0.0,0.0,7.0,1,0,0.4698351763608944,Medium
Madagascar (Malagasy),2010,0,0,0,1.0,113.0,0.3333333333333333,37.66666666666666,-7.0,0,0,0.17674246746083924,Low
Madagascar (Malagasy),2011,0,0,0,0.0,0.0,0.3333333333333333,37.66666666666666,0.0,0,0,0.05326985624957665,Low
Madagascar (Malagasy),2012,15,3,0,0.0,0.0,0.3333333333333333,37.66666666666666,3.0,0,0,0.20706864837248334,Low
Madagascar (Malagasy),2013,0,0,0,0.0,15.0,0.0,5.0,-3.0,0,0,0.16582416570079866,Low
Madagascar (Malagasy),2014,0,0,0,0.0,0.0,0.0,5.0,0.0,0,0,0.17295406130513352,Low
Madagascar (Malagasy),2015,0,0,0,0.0,0.0,0.0,5.0,0.0,0,0,0.17295406130513352,Low
Madagascar (Malagasy),2016,0,0,0,0.0,0.0,0.0,0.0,0.0,0,0,0.07155524891198818,Low
Madagascar (Malagasy),2017,1,1,0,0.0,0.0,0.0,0.0,1.0,0,0,0.2020203200114487,Low
Madagascar (Malagasy),2018,0,0,0,0.0,1.0,0.0,0.3333333333333333,-1.0,0,0,0.20646866026789099,Low
Madagascar (Malagasy),2019,3,3,0,0.0,0.0,0.0,0.3333333333333333,3.0,0,0,0.45464469579291117,Medium
Madagascar (Malagasy),2020,23,1,0,0.0,3.0,0.0,1.3333333333333333,-2.0,0,0,0.09332470610512088,Low
Madagascar (Malagasy),2021,0,0,0,0.0,23.0,0.0,8.666666666666666,-1.0,0,0,0.3374683623480317,Medium
Madagascar (Malagasy),2022,0,0,0,0.0,0.0,0.0,8.666666666666666,0.0,0,0,0.18877735583469848,Low
Madagascar (Malagasy),2023,0,0,0,0.0,0.0,0.0,7.666666666666667,0.0,0,0,0.206139943238683,Low
Malaysia,1989,0,0,0,0.0,0.0,0.0,0.0,0.0,0,0,0.07155524891198818,Low
Malaysia,1990,0,0,0,0.0,0.0,0.0,0.0,0.0,0,0,0.07155524891198818,Low
Malaysia,1991,0,0,0,0.0,0.0,0.0,0.0,0.0,0,0,0.07155524891198818,Low
Malaysia,1992,0,0,0,0.0,0.0,0.0,0.0,0.0,0,0,0.07155524891198818,Low
Malaysia,1993,0,0,0,0.0,0.0,0.0,0.0,0.0,0,0,0.07155524891198818,Low
Malaysia,1994,0,0,0,0.0,0.0,0.0,0.0,0.0,0,0,0.07155524891198818,Low
Malaysia,1995,0,0,0,0.0,0.0,0.0,0.0,0.0,0,0,0.07155524891198818,Low
Malaysia,1996,0,0,0,0.0,0.0,0.0,0.0,0.0,0,0,0.07155524891198818,Low
Malaysia,1997,0,0,0,0.0,0.0,0.0,0.0,0.0,0,0,0.07155524891198818,Low
Malaysia,1998,0,0,0,0.0,0.0,0.0,0.0,0.0,0,0,0.07155524891198818,Low
Malaysia,1999,0,0,0,0.0,0.0,0.0,0.0,0.0,0,0,0.07155524891198818,Low
Malaysia,2000,0,0,0,0.0,0.0,0.0,0.0,0.0,0,0,0.07155524891198818,Low
Malaysia,2001,0,0,0,0.0,0.0,0.0,0.0,0.0,0,0,0.07155524891198818,Low
Malaysia,2002,0,0,0,0.0,0.0,0.0,0.0,0.0,0,0,0.07155524891198818,Low
Malaysia,2003,0,0,0,0.0,0.0,0.0,0.0,0.0,0,0,0.07155524891198818,Low
Malaysia,2004,0,0,0,0.0,0.0,0.0,0.0,0.0,0,0,0.07155524891198818,Low
Malaysia,2005,0,0,0,0.0,0.0,0.0,0.0,0.0,0,0,0.07155524891198818,Low
Malaysia,2006,0,0,0,0.0,0.0,0.0,0.0,0.0,0,0,0.07155524891198818,Low
Malaysia,2007,0,0,0,0.0,0.0,0.0,0.0,0.0,0,0,0.07155524891198818,Low
Malaysia,2008,0,0,0,0.0,0.0,0.0,0.0,0.0,0,0,0.07155524891198818,Low
Malaysia,2009,0,0,0,0.0,0.0,0.0,0.0,0.0,0,0,0.07155524891198818,Low
Malaysia,2010,0,0,0,0.0,0.0,0.0,0.0,0.0,0,0,0.07155524891198818,Low
Malaysia,2011,0,0,0,0.0,0.0,0.0,0.0,0.0,0,0,0.07155524891198818,Low
Malaysia,2012,0,0,0,0.0,0.0,0.0,0.0,0.0,0,1,0.07155524891198818,Low
Malaysia,2013,70,14,1,0.0,0.0,0.0,0.0,14.0,1,0,0.4746348125969281,Medium
Malaysia,2014,0,0,0,1.0,70.0,0.3333333333333333,23.33333333333333,-14.0,0,0,0.14069479587657793,Low
Malaysia,2015,0,0,0,0.0,0.0,0.3333333333333333,23.33333333333333,0.0,0,0,0.03988094661057166,Low
Malaysia,2016,0,0,0,0.0,0.0,0.3333333333333333,23.33333333333333,0.0,0,0,0.03988094661057166,Low
Malaysia,2017,1,1,0,0.0,0.0,0.0,0.0,1.0,0,0,0.2020203200114487,Low
Malaysia,2018,0,0,0,0.0,1.0,0.0,0.3333333333333333,-1.0,0,0,0.20646866026789099,Low
Malaysia,2019,0,0,0,0.0,0.0,0.0,0.3333333333333333,0.0,0,0,0.11040342782141219,Low
Malaysia,2020,0,0,0,0.0,0.0,0.0,0.3333333333333333,0.0,0,0,0.11040342782141219,Low
Malaysia,2021,0,0,0,0.0,0.0,0.0,0.0,0.0,0,0,0.07155524891198818,Low
Malaysia,2022,0,0,0,0.0,0.0,0.0,0.0,0.0,0,0,0.07155524891198818,Low
Malaysia,2023,0,0,0,0.0,0.0,0.0,0.0,0.0,0,0,0.07155524891198818,Low
Mali,1989,0,0,0,0.0,0.0,0.0,0.0,0.0,0,1,0.07155524891198818,Low
Mali,1990,582,15,1,0.0,0.0,0.0,0.0,15.0,1,1,0.6861289419877998,High
Mali,1991,247,11,1,1.0,582.0,0.5,291.0,-4.0,2,1,0.9264627925280522,Critical
Mali,1992,86,8,1,1.0,247.0,0.6666666666666666,276.3333333333333,-3.0,3,0,0.7435572114815748,High
Mali,1993,0,1,0,1.0,86.0,1.0,305.0,-7.0,0,1,0.7787630386971904,Critical
Mali,1994,729,41,1,0.0,0.0,0.6666666666666666,111.0,40.0,1,0,0.36084909567193063,Medium
Mali,1995,4,4,0,1.0,729.0,0.6666666666666666,271.6666666666667,-37.0,0,0,0.33016507983719606,Medium
Mali,1996,0,0,0,0.0,4.0,0.3333333333333333,244.33333333333331,-4.0,0,0,0.0964952821720821,Low
Mali,1997,22,1,0,0.0,0.0,0.3333333333333333,244.33333333333331,1.0,0,0,0.04849609939122959,Low
Mali,1998,0,0,0,0.0,22.0,0.0,8.666666666666666,-1.0,0,1,0.40137031880690105,Medium
Mali,1999,59,4,1,0.0,0.0,0.0,7.333333333333333,4.0,1,0,0.4829737352655258,Medium
Mali,2000,0,0,0,1.0,59.0,0.3333333333333333,27.0,-4.0,0,0,0.18173964351126354,Low
Mali,2001,0,0,0,0.0,0.0,0.3333333333333333,19.666666666666668,0.0,0,0,0.044578682297969734,Low
Mali,2002,5,1,0,0.0,0.0,0.3333333333333333,19.666666666666668,1.0,0,0,0.0998470055259174,Low
Mali,2003,0,0,0,0.0,5.0,0.0,1.6666666666666667,-1.0,0,0,0.20410546063960086,Low
Mali,2004,20,2,0,0.0,0.0,0.0,1.6666666666666667,2.0,0,0,0.44584940356420966,Medium
Mali,2005,12,1,0,0.0,20.0,0.0,8.333333333333334,-1.0,0,0,0.2959799618967472,Medium
Mali,2006,0,0,0,0.0,12.0,0.0,10.666666666666666,-1.0,0,1,0.38930957248602155,Medium
Mali,2007,39,8,1,0.0,0.0,0.0,10.666666666666666,8.0,1,1,0.6893295224737418,High
Mali,2008,113,10,1,1.0,39.0,0.3333333333333333,17.0,2.0,2,1,0.6549072604516687,High
Mali,2009,127,9,1,1.0,113.0,0.6666666666666666,50.66666666666666,-1.0,3,1,0.860937751994575,Critical
Mali,2010,28,2,1,1.0,127.0,1.0,93.0,-7.0,4,0,0.7308656739001697,High
Mali,2011,23,4,0,1.0,28.0,1.0,89.33333333333333,2.0,0,1,0.7919469466432137,Critical
Mali,2012,359,43,1,0.0,23.0,0.6666666666666666,59.333333333333336,39.0,1,1,0.8074302956924326,Critical
Mali,2013,881,83,1,1.0,359.0,0.6666666666666666,136.66666666666666,40.0,2,1,0.9780424550348101,Critical
Mali,2014,291,30,1,1.0,881.0,0.6666666666666666,421.0,-53.0,3,1,0.9462859214138397,Critical
Mali,2015,256,55,1,1.0,291.0,1.0,510.3333333333333,25.0,4,1,0.98756276484973,Critical
Mali,2016,198,53,1,1.0,256.0,1.0,476.0,-2.0,5,1,0.9720046815209322,Critical
Mali,2017,612,127,1,1.0,198.0,1.0,248.33333333333331,74.0,6,1,0.9944908495093155,Critical
Mali,2018,1281,236,1,1.0,612.0,1.0,355.3333333333333,109.0,7,1,0.9964819485784419,Critical
Mali,2019,1227,199,1,1.0,1281.0,1.0,697.0,-37.0,8,1,0.9814380262910748,Critical
Mali,2020,1543,234,1,1.0,1227.0,1.0,1040.0,35.0,9,1,0.9966592581132813,Critical
Mali,2021,1287,215,1,1.0,1543.0,1.0,1350.3333333333333,-19.0,10,1,0.9829288774226437,Critical
Mali,2022,3656,409,1,1.0,1287.0,1.0,1352.3333333333333,194.0,11,1,0.9967131034644505,Critical
Mali,2023,2118,320,1,1.0,3656.0,1.0,2162.0,-89.0,12,1,0.9851813593594871,Critical
Malta,1989,0,0,0,0.0,0.0,0.0,0.0,0.0,0,0,0.07155524891198818,Low
Malta,1990,0,0,0,0.0,0.0,0.0,0.0,0.0,0,0,0.07155524891198818,Low
Malta,1991,0,0,0,0.0,0.0,0.0,0.0,0.0,0,0,0.07155524891198818,Low
Malta,1992,0,0,0,0.0,0.0,0.0,0.0,0.0,0,0,0.07155524891198818,Low
Malta,1993,0,0,0,0.0,0.0,0.0,0.0,0.0,0,0,0.07155524891198818,Low
Malta,1994,0,0,0,0.0,0.0,0.0,0.0,0.0,0,0,0.07155524891198818,Low
Malta,1995,0,1,0,0.0,0.0,0.0,0.0,1.0,0,0,0.2020203200114487,Low
Malta,1996,0,0,0,0.0,0.0,0.0,0.0,-1.0,0,0,0.1307577716278981,Low
Malta,1997,0,0,0,0.0,0.0,0.0,0.0,0.0,0,0,0.07155524891198818,Low
Malta,1998,0,0,0,0.0,0.0,0.0,0.0,0.0,0,0,0.07155524891198818,Low
Malta,1999,0,0,0,0.0,0.0,0.0,0.0,0.0,0,0,0.07155524891198818,Low
Malta,2000,0,0,0,0.0,0.0,0.0,0.0,0.0,0,0,0.07155524891198818,Low
Malta,2001,0,0,0,0.0,0.0,0.0,0.0,0.0,0,0,0.07155524891198818,Low
Malta,2002,0,0,0,0.0,0.0,0.0,0.0,0.0,0,0,0.07155524891198818,Low
Malta,2003,0,0,0,0.0,0.0,0.0,0.0,0.0,0,0,0.07155524891198818,Low
Malta,2004,0,0,0,0.0,0.0,0.0,0.0,0.0,0,0,0.07155524891198818,Low
Malta,2005,0,0,0,0.0,0.0,0.0,0.0,0.0,0,0,0.07155524891198818,Low
Malta,2006,0,0,0,0.0,0.0,0.0,0.0,0.0,0,0,0.07155524891198818,Low
Malta,2007,0,0,0,0.0,0.0,0.0,0.0,0.0,0,0,0.07155524891198818,Low
Malta,2008,0,0,0,0.0,0.0,0.0,0.0,0.0,0,0,0.07155524891198818,Low
Malta,2009,0,0,0,0.0,0.0,0.0,0.0,0.0,0,0,0.07155524891198818,Low
Malta,2010,0,0,0,0.0,0.0,0.0,0.0,0.0,0,0,0.07155524891198818,Low
Malta,2011,0,0,0,0.0,0.0,0.0,0.0,0.0,0,0,0.07155524891198818,Low
Malta,2012,0,0,0,0.0,0.0,0.0,0.0,0.0,0,0,0.07155524891198818,Low
Malta,2013,0,0,0,0.0,0.0,0.0,0.0,0.0,0,0,0.07155524891198818,Low
Malta,2014,0,0,0,0.0,0.0,0.0,0.0,0.0,0,0,0.07155524891198818,Low
Malta,2015,0,0,0,0.0,0.0,0.0,0.0,0.0,0,0,0.07155524891198818,Low
Malta,2016,0,0,0,0.0,0.0,0.0,0.0,0.0,0,0,0.07155524891198818,Low
Malta,2017,0,0,0,0.0,0.0,0.0,0.0,0.0,0,0,0.07155524891198818,Low
Malta,2018,0,0,0,0.0,0.0,0.0,0.0,0.0,0,0,0.07155524891198818,Low
Malta,2019,0,0,0,0.0,0.0,0.0,0.0,0.0,0,0,0.07155524891198818,Low
Malta,2020,0,0,0,0.0,0.0,0.0,0.0,0.0,0,0,0.07155524891198818,Low
Malta,2021,0,0,0,0.0,0.0,0.0,0.0,0.0,0,0,0.07155524891198818,Low
Malta,2022,0,0,0,0.0,0.0,0.0,0.0,0.0,0,0,0.07155524891198818,Low
Malta,2023,0,0,0,0.0,0.0,0.0,0.0,0.0,0,0,0.07155524891198818,Low
Mauritania,1989,128,15,1,0.0,0.0,0.0,0.0,0.0,1,1,0.8223020940359717,Critical
Mauritania,1990,29,6,1,1.0,128.0,1.0,128.0,-9.0,2,0,0.6360042636919553,High
Mauritania,1991,0,0,0,1.0,29.0,1.0,78.5,-6.0,0,0,0.3533452879646412,Medium
Mauritania,1992,0,1,0,0.0,0.0,0.6666666666666666,52.333333333333336,1.0,0,0,0.044255341460557866,Low
Mauritania,1993,0,0,0,0.0,0.0,0.3333333333333333,9.666666666666666,-1.0,0,0,0.082868653382698,Low
Mauritania,1994,0,0,0,0.0,0.0,0.0,0.0,0.0,0,0,0.07155524891198818,Low
Mauritania,1995,0,0,0,0.0,0.0,0.0,0.0,0.0,0,0,0.07155524891198818,Low
Mauritania,1996,0,0,0,0.0,0.0,0.0,0.0,0.0,0,0,0.07155524891198818,Low
Mauritania,1997,0,0,0,0.0,0.0,0.0,0.0,0.0,0,0,0.07155524891198818,Low
Mauritania,1998,0,0,0,0.0,0.0,0.0,0.0,0.0,0,0,0.07155524891198818,Low
Mauritania,1999,0,0,0,0.0,0.0,0.0,0.0,0.0,0,0,0.07155524891198818,Low
Mauritania,2000,0,0,0,0.0,0.0,0.0,0.0,0.0,0,0,0.07155524891198818,Low
Mauritania,2001,0,0,0,0.0,0.0,0.0,0.0,0.0,0,0,0.07155524891198818,Low
Mauritania,2002,0,0,0,0.0,0.0,0.0,0.0,0.0,0,0,0.07155524891198818,Low
Mauritania,2003,0,0,0,0.0,0.0,0.0,0.0,0.0,0,0,0.07155524891198818,Low
Mauritania,2004,0,0,0,0.0,0.0,0.0,0.0,0.0,0,0,0.07155524891198818,Low
Mauritania,2005,0,0,0,0.0,0.0,0.0,0.0,0.0,0,0,0.07155524891198818,Low
Mauritania,2006,0,0,0,0.0,0.0,0.0,0.0,0.0,0,0,0.07155524891198818,Low
Mauritania,2007,4,1,0,0.0,0.0,0.0,0.0,1.0,0,0,0.2020203200114487,Low
Mauritania,2008,12,1,0,0.0,4.0,0.0,1.3333333333333333,0.0,0,0,0.2047363931148308,Low
Mauritania,2009,1,1,0,0.0,12.0,0.0,5.333333333333333,0.0,0,0,0.36789349552519646,Medium
Mauritania,2010,1,1,0,0.0,1.0,0.0,5.666666666666667,0.0,0,0,0.25951357183679263,Medium
Mauritania,2011,13,6,0,0.0,1.0,0.0,4.666666666666667,5.0,0,0,0.32392309903328115,Medium
Mauritania,2012,1,1,0,0.0,13.0,0.0,5.0,-5.0,0,0,0.1121488608358798,Low
Mauritania,2013,0,0,0,0.0,1.0,0.0,5.0,-1.0,0,0,0.21347408721957423,Low
Mauritania,2014,0,0,0,0.0,0.0,0.0,4.666666666666667,0.0,0,0,0.15870903584246648,Low
Mauritania,2015,0,0,0,0.0,0.0,0.0,0.3333333333333333,0.0,0,0,0.11040342782141219,Low
Mauritania,2016,0,0,0,0.0,0.0,0.0,0.0,0.0,0,0,0.07155524891198818,Low
Mauritania,2017,0,0,0,0.0,0.0,0.0,0.0,0.0,0,0,0.07155524891198818,Low
Mauritania,2018,0,0,0,0.0,0.0,0.0,0.0,0.0,0,0,0.07155524891198818,Low
Mauritania,2019,1,1,0,0.0,0.0,0.0,0.0,1.0,0,0,0.2020203200114487,Low
Mauritania,2020,0,1,0,0.0,1.0,0.0,0.3333333333333333,0.0,0,0,0.22410571693746784,Low
Mauritania,2021,0,0,0,0.0,0.0,0.0,0.3333333333333333,-1.0,0,0,0.10930077019078392,Low
Mauritania,2022,0,0,0,0.0,0.0,0.0,0.3333333333333333,0.0,0,0,0.11040342782141219,Low
Mauritania,2023,6,2,0,0.0,0.0,0.0,0.0,2.0,0,0,0.18758822948971413,Low
Mexico,1989,3,2,0,0.0,0.0,0.0,0.0,0.0,0,0,0.07155524891198818,Low
Mexico,1990,4,3,0,0.0,3.0,0.0,3.0,1.0,0,0,0.19575201596499808,Low
Mexico,1991,0,0,0,0.0,4.0,0.0,3.5,-3.0,0,0,0.13741799979417804,Low
Mexico,1992,16,3,0,0.0,0.0,0.0,2.333333333333333,3.0,0,1,0.5732257861145863,High
Mexico,1993,34,3,1,0.0,16.0,0.0,6.666666666666667,0.0,1,1,0.6149839688120708,High
Mexico,1994,153,12,1,1.0,34.0,0.3333333333333333,16.666666666666668,9.0,2,0,0.5042685507817392,High
Mexico,1995,22,5,0,1.0,153.0,0.6666666666666666,67.66666666666667,-7.0,0,1,0.5149484319454335,High
Mexico,1996,43,15,1,0.0,22.0,0.6666666666666666,69.66666666666667,10.0,1,1,0.7497273014387904,High
Mexico,1997,58,6,1,1.0,43.0,0.6666666666666666,72.66666666666667,-9.0,2,0,0.4366706991944173,Medium
Mexico,1998,7,5,0,1.0,58.0,0.6666666666666666,41.0,-1.0,0,0,0.5470116245338068,High
Mexico,1999,0,0,0,0.0,7.0,0.6666666666666666,36.0,-5.0,0,0,0.18724545734743148,Low
Mexico,2000,0,0,0,0.0,0.0,0.3333333333333333,21.666666666666668,0.0,0,0,0.039743766451584235,Low
Mexico,2001,0,0,0,0.0,0.0,0.0,2.333333333333333,0.0,0,1,0.20634890404888742,Low
Mexico,2002,27,3,1,0.0,0.0,0.0,0.0,3.0,1,0,0.5983763437101017,High
Mexico,2003,0,0,0,1.0,27.0,0.3333333333333333,9.0,-3.0,0,1,0.41300141486635294,Medium
Mexico,2004,220,31,1,0.0,0.0,0.3333333333333333,9.0,31.0,1,1,0.8565839414521523,Critical
Mexico,2005,204,12,1,1.0,220.0,0.6666666666666666,82.33333333333333,-19.0,2,1,0.7985309334472276,Critical
Mexico,2006,670,40,1,1.0,204.0,0.6666666666666666,141.33333333333334,28.0,3,1,0.9525752203268325,Critical
Mexico,2007,1946,1409,1,1.0,670.0,1.0,364.6666666666667,1369.0,4,1,0.9878261098144361,Critical
Mexico,2008,3743,384,1,1.0,1946.0,1.0,940.0,-1025.0,5,1,0.8913793200414551,Critical
Mexico,2009,5607,605,1,1.0,3743.0,1.0,2119.6666666666665,221.0,6,1,0.9966004422362059,Critical
Mexico,2010,6215,2085,1,1.0,5607.0,1.0,3765.3333333333335,1480.0,7,1,0.9971463502542428,Critical
Mexico,2011,4945,369,1,1.0,6215.0,1.0,5188.333333333333,-1716.0,8,1,0.9669373759934329,Critical
Mexico,2012,5966,266,1,1.0,4945.0,1.0,5589.0,-103.0,9,1,0.985731787314805,Critical
Mexico,2013,4478,191,1,1.0,5966.0,1.0,5708.666666666667,-75.0,10,1,0.9846294501680478,Critical
Mexico,2014,3357,183,1,1.0,4478.0,1.0,5129.666666666667,-8.0,11,1,0.9835803519017465,Critical
Mexico,2015,4527,258,1,1.0,3357.0,1.0,4600.333333333333,75.0,12,1,0.9968689192298933,Critical
Mexico,2016,4306,187,1,1.0,4527.0,1.0,4120.666666666667,-71.0,13,1,0.9757557638543946,Critical
Mexico,2017,9725,348,1,1.0,4306.0,1.0,4063.3333333333335,161.0,14,1,0.9982429166378248,Critical
Mexico,2018,11247,714,1,1.0,9725.0,1.0,6186.0,366.0,15,1,0.9977159471076684,Critical
Mexico,2019,10486,1024,1,1.0,11247.0,1.0,8426.0,310.0,16,1,0.9987224062426613,Critical
Mexico,2020,13431,2033,1,1.0,10486.0,1.0,10486.0,1009.0,17,1,0.9987307731263699,Critical
Mexico,2021,15119,3744,1,1.0,13431.0,1.0,11721.333333333334,1711.0,18,1,0.9988276902295012,Critical
Mexico,2022,12555,2179,1,1.0,15119.0,1.0,13012.0,-1565.0,19,1,0.9892791151072046,Critical
Mexico,2023,10899,2748,1,1.0,12555.0,1.0,13701.666666666666,569.0,20,1,0.9988541945958044,Critical
Moldova,1989,0,0,0,0.0,0.0,0.0,0.0,0.0,0,0,0.07155524891198818,Low
Moldova,1990,0,0,0,0.0,0.0,0.0,0.0,0.0,0,0,0.07155524891198818,Low
Moldova,1991,0,0,0,0.0,0.0,0.0,0.0,0.0,0,1,0.07155524891198818,Low
Moldova,1992,585,77,1,0.0,0.0,0.0,0.0,77.0,1,0,0.43543746351498197,Medium
Moldova,1993,0,0,0,1.0,585.0,0.3333333333333333,195.0,-77.0,0,0,0.09177288779043852,Low
Moldova,1994,0,0,0,0.0,0.0,0.3333333333333333,195.0,0.0,0,0,0.043787219568293276,Low
Moldova,1995,0,0,0,0.0,0.0,0.3333333333333333,195.0,0.0,0,0,0.043787219568293276,Low
Moldova,1996,0,0,0,0.0,0.0,0.0,0.0,0.0,0,0,0.07155524891198818,Low
Moldova,1997,0,0,0,0.0,0.0,0.0,0.0,0.0,0,0,0.07155524891198818,Low
Moldova,1998,0,0,0,0.0,0.0,0.0,0.0,0.0,0,0,0.07155524891198818,Low
Moldova,1999,0,0,0,0.0,0.0,0.0,0.0,0.0,0,0,0.07155524891198818,Low
Moldova,2000,0,0,0,0.0,0.0,0.0,0.0,0.0,0,0,0.07155524891198818,Low
Moldova,2001,0,0,0,0.0,0.0,0.0,0.0,0.0,0,0,0.07155524891198818,Low
Moldova,2002,0,0,0,0.0,0.0,0.0,0.0,0.0,0,0,0.07155524891198818,Low
Moldova,2003,0,0,0,0.0,0.0,0.0,0.0,0.0,0,0,0.07155524891198818,Low
Moldova,2004,0,0,0,0.0,0.0,0.0,0.0,0.0,0,0,0.07155524891198818,Low
Moldova,2005,0,0,0,0.0,0.0,0.0,0.0,0.0,0,0,0.07155524891198818,Low
Moldova,2006,0,0,0,0.0,0.0,0.0,0.0,0.0,0,0,0.07155524891198818,Low
Moldova,2007,0,0,0,0.0,0.0,0.0,0.0,0.0,0,0,0.07155524891198818,Low
Moldova,2008,0,0,0,0.0,0.0,0.0,0.0,0.0,0,0,0.07155524891198818,Low
Moldova,2009,0,0,0,0.0,0.0,0.0,0.0,0.0,0,0,0.07155524891198818,Low
Moldova,2010,0,0,0,0.0,0.0,0.0,0.0,0.0,0,0,0.07155524891198818,Low
Moldova,2011,0,0,0,0.0,0.0,0.0,0.0,0.0,0,0,0.07155524891198818,Low
Moldova,2012,0,0,0,0.0,0.0,0.0,0.0,0.0,0,0,0.07155524891198818,Low
Moldova,2013,0,0,0,0.0,0.0,0.0,0.0,0.0,0,0,0.07155524891198818,Low
Moldova,2014,0,0,0,0.0,0.0,0.0,0.0,0.0,0,0,0.07155524891198818,Low
Moldova,2015,0,0,0,0.0,0.0,0.0,0.0,0.0,0,0,0.07155524891198818,Low
Moldova,2016,0,0,0,0.0,0.0,0.0,0.0,0.0,0,0,0.07155524891198818,Low
Moldova,2017,0,0,0,0.0,0.0,0.0,0.0,0.0,0,0,0.07155524891198818,Low
Moldova,2018,0,0,0,0.0,0.0,0.0,0.0,0.0,0,0,0.07155524891198818,Low
Moldova,2019,0,0,0,0.0,0.0,0.0,0.0,0.0,0,0,0.07155524891198818,Low
Moldova,2020,0,0,0,0.0,0.0,0.0,0.0,0.0,0,0,0.07155524891198818,Low
Moldova,2021,0,0,0,0.0,0.0,0.0,0.0,0.0,0,0,0.07155524891198818,Low
Moldova,2022,0,0,0,0.0,0.0,0.0,0.0,0.0,0,0,0.07155524891198818,Low
Moldova,2023,0,0,0,0.0,0.0,0.0,0.0,0.0,0,0,0.07155524891198818,Low
Morocco,1989,207,6,1,0.0,0.0,0.0,0.0,0.0,1,0,0.8223020940359717,Critical
Morocco,1990,0,0,0,1.0,207.0,1.0,207.0,-6.0,0,0,0.32296915911382984,Medium
Morocco,1991,19,2,0,0.0,0.0,0.5,103.5,2.0,0,0,0.10247622172292462,Low
Morocco,1992,0,0,0,0.0,19.0,0.3333333333333333,75.33333333333333,-2.0,0,0,0.32190104753209153,Medium
Morocco,1993,0,0,0,0.0,0.0,0.0,6.333333333333333,0.0,0,0,0.20152262086964845,Low
Morocco,1994,0,0,0,0.0,0.0,0.0,6.333333333333333,0.0,0,0,0.20152262086964845,Low
Morocco,1995,0,0,0,0.0,0.0,0.0,0.0,0.0,0,0,0.07155524891198818,Low
Morocco,1996,0,0,0,0.0,0.0,0.0,0.0,0.0,0,0,0.07155524891198818,Low
Morocco,1997,0,0,0,0.0,0.0,0.0,0.0,0.0,0,0,0.07155524891198818,Low
Morocco,1998,0,0,0,0.0,0.0,0.0,0.0,0.0,0,0,0.07155524891198818,Low
Morocco,1999,0,0,0,0.0,0.0,0.0,0.0,0.0,0,0,0.07155524891198818,Low
Morocco,2000,0,0,0,0.0,0.0,0.0,0.0,0.0,0,0,0.07155524891198818,Low
Morocco,2001,0,0,0,0.0,0.0,0.0,0.0,0.0,0,0,0.07155524891198818,Low
Morocco,2002,0,0,0,0.0,0.0,0.0,0.0,0.0,0,1,0.07155524891198818,Low
Morocco,2003,34,2,1,0.0,0.0,0.0,0.0,2.0,1,0,0.6756032947779685,High
Morocco,2004,0,0,0,1.0,34.0,0.3333333333333333,11.333333333333334,-2.0,0,0,0.2295430165809166,Low
Morocco,2005,0,0,0,0.0,0.0,0.3333333333333333,11.333333333333334,0.0,0,0,0.041048332838727004,Low
Morocco,2006,0,0,0,0.0,0.0,0.3333333333333333,11.333333333333334,0.0,0,0,0.041048332838727004,Low
Morocco,2007,0,0,0,0.0,0.0,0.0,0.0,0.0,0,0,0.07155524891198818,Low
Morocco,2008,0,0,0,0.0,0.0,0.0,0.0,0.0,0,0,0.07155524891198818,Low
Morocco,2009,0,0,0,0.0,0.0,0.0,0.0,0.0,0,0,0.07155524891198818,Low
Morocco,2010,0,0,0,0.0,0.0,0.0,0.0,0.0,0,0,0.07155524891198818,Low
Morocco,2011,17,1,0,0.0,0.0,0.0,0.0,1.0,0,0,0.2020203200114487,Low
Morocco,2012,0,0,0,0.0,17.0,0.0,5.666666666666667,-1.0,0,0,0.28165236507270647,Medium
Morocco,2013,0,0,0,0.0,0.0,0.0,5.666666666666667,0.0,0,0,0.19851335618628949,Low
Morocco,2014,0,0,0,0.0,0.0,0.0,5.666666666666667,0.0,0,0,0.19851335618628949,Low
Morocco,2015,0,0,0,0.0,0.0,0.0,0.0,0.0,0,0,0.07155524891198818,Low
Morocco,2016,0,0,0,0.0,0.0,0.0,0.0,0.0,0,0,0.07155524891198818,Low
Morocco,2017,0,0,0,0.0,0.0,0.0,0.0,0.0,0,0,0.07155524891198818,Low
Morocco,2018,0,0,0,0.0,0.0,0.0,0.0,0.0,0,0,0.07155524891198818,Low
Morocco,2019,0,0,0,0.0,0.0,0.0,0.0,0.0,0,0,0.07155524891198818,Low
Morocco,2020,2,1,0,0.0,0.0,0.0,0.0,1.0,0,0,0.2020203200114487,Low
Morocco,2021,6,7,0,0.0,2.0,0.0,0.6666666666666666,6.0,0,0,0.29365389343423154,Medium
Morocco,2022,14,4,0,0.0,6.0,0.0,2.6666666666666665,-3.0,0,0,0.12201901417613698,Low
Morocco,2023,5,2,0,0.0,14.0,0.0,7.333333333333333,-2.0,0,0,0.2670308155415142,Medium
Mozambique,1989,1552,131,1,0.0,0.0,0.0,0.0,0.0,1,1,0.8223020940359717,Critical
Mozambique,1990,1759,44,1,1.0,1552.0,1.0,1552.0,-87.0,2,1,0.9696491359134393,Critical
Mozambique,1991,1961,58,1,1.0,1759.0,1.0,1655.5,14.0,3,1,0.9737159521432595,Critical
Mozambique,1992,521,34,1,1.0,1961.0,1.0,1757.3333333333333,-24.0,4,0,0.8920292228964983,Critical
Mozambique,1993,2,2,0,1.0,521.0,1.0,1413.6666666666667,-32.0,0,0,0.38848624993998093,Medium
Mozambique,1994,2,2,0,0.0,2.0,0.6666666666666666,828.0,0.0,0,0,0.07418258982702845,Low
Mozambique,1995,1,1,0,0.0,2.0,0.3333333333333333,175.0,-1.0,0,0,0.19702219643515695,Low
Mozambique,1996,0,0,0,0.0,1.0,0.0,1.6666666666666667,-1.0,0,0,0.2516338047076034,Medium
Mozambique,1997,0,0,0,0.0,0.0,0.0,1.0,0.0,0,0,0.1924230177346629,Low
Mozambique,1998,0,0,0,0.0,0.0,0.0,0.3333333333333333,0.0,0,0,0.11040342782141219,Low
Mozambique,1999,0,0,0,0.0,0.0,0.0,0.0,0.0,0,0,0.07155524891198818,Low
Mozambique,2000,0,0,0,0.0,0.0,0.0,0.0,0.0,0,0,0.07155524891198818,Low
Mozambique,2001,0,0,0,0.0,0.0,0.0,0.0,0.0,0,0,0.07155524891198818,Low
Mozambique,2002,0,0,0,0.0,0.0,0.0,0.0,0.0,0,0,0.07155524891198818,Low
Mozambique,2003,0,0,0,0.0,0.0,0.0,0.0,0.0,0,0,0.07155524891198818,Low
Mozambique,2004,1,1,0,0.0,0.0,0.0,0.0,1.0,0,0,0.2020203200114487,Low
Mozambique,2005,13,2,0,0.0,1.0,0.0,0.3333333333333333,1.0,0,0,0.14504711020612582,Low
Mozambique,2006,0,0,0,0.0,13.0,0.0,4.666666666666667,-2.0,0,0,0.23619695000092297,Low
Mozambique,2007,0,0,0,0.0,0.0,0.0,4.666666666666667,0.0,0,0,0.15870903584246648,Low
Mozambique,2008,0,0,0,0.0,0.0,0.0,4.333333333333333,0.0,0,0,0.15750995417760832,Low
Mozambique,2009,0,0,0,0.0,0.0,0.0,0.0,0.0,0,0,0.07155524891198818,Low
Mozambique,2010,7,1,0,0.0,0.0,0.0,0.0,1.0,0,0,0.2020203200114487,Low
Mozambique,2011,0,0,0,0.0,7.0,0.0,2.333333333333333,-1.0,0,0,0.2649834165661272,Medium
Mozambique,2012,2,1,0,0.0,0.0,0.0,2.333333333333333,1.0,0,1,0.38444128194738314,Medium
Mozambique,2013,45,18,1,0.0,2.0,0.0,3.0,17.0,1,1,0.7936649985235682,Critical
Mozambique,2014,33,13,1,1.0,45.0,0.3333333333333333,15.666666666666666,-5.0,2,0,0.333378076169126,Medium
Mozambique,2015,0,0,0,1.0,33.0,0.6666666666666666,26.666666666666668,-13.0,0,1,0.5137881861790731,High
Mozambique,2016,68,31,1,0.0,0.0,0.6666666666666666,26.0,31.0,1,0,0.3500030083650307,Medium
Mozambique,2017,3,3,0,1.0,68.0,0.6666666666666666,33.666666666666664,-28.0,0,1,0.6182211918853188,High
Mozambique,2018,171,48,1,0.0,3.0,0.3333333333333333,23.666666666666668,45.0,1,1,0.8876899112452221,Critical
Mozambique,2019,597,124,1,1.0,171.0,0.6666666666666666,80.66666666666667,76.0,2,1,0.9441700891317805,Critical
Mozambique,2020,1627,213,1,1.0,597.0,0.6666666666666666,257.0,89.0,3,1,0.9544847991732835,Critical
Mozambique,2021,1918,235,1,1.0,1627.0,1.0,798.3333333333334,22.0,4,1,0.9859470398171524,Critical
Mozambique,2022,717,268,1,1.0,1918.0,1.0,1380.6666666666667,33.0,5,1,0.9961464387763442,Critical
Mozambique,2023,271,100,1,1.0,717.0,1.0,1420.6666666666667,-168.0,6,1,0.984261188170218,Critical
Myanmar (Burma),1989,1534,37,1,0.0,0.0,0.0,0.0,0.0,1,1,0.8223020940359717,Critical
Myanmar (Burma),1990,796,32,1,1.0,1534.0,1.0,1534.0,-5.0,2,1,0.9461513577577699,Critical
Myanmar (Burma),1991,1375,32,1,1.0,796.0,1.0,1165.0,0.0,3,1,0.9622566159256037,Critical
Myanmar (Burma),1992,1749,45,1,1.0,1375.0,1.0,1235.0,13.0,4,1,0.9884523066246489,Critical
Myanmar (Burma),1993,145,12,1,1.0,1749.0,1.0,1306.6666666666667,-33.0,5,1,0.9816856517542135,Critical
Myanmar (Burma),1994,794,83,1,1.0,145.0,1.0,1089.6666666666667,71.0,6,1,0.982802691588455,Critical
Myanmar (Burma),1995,1496,89,1,1.0,794.0,1.0,896.0,6.0,7,1,0.9856881847327155,Critical
Myanmar (Burma),1996,591,79,1,1.0,1496.0,1.0,811.6666666666666,-10.0,8,1,0.9816845749342732,Critical
Myanmar (Burma),1997,788,88,1,1.0,591.0,1.0,960.3333333333334,9.0,9,1,0.9927903187192796,Critical
Myanmar (Burma),1998,581,125,1,1.0,788.0,1.0,958.3333333333334,37.0,10,1,0.9968474671169971,Critical
Myanmar (Burma),1999,369,129,1,1.0,581.0,1.0,653.3333333333334,4.0,11,1,0.9895837145377525,Critical
Myanmar (Burma),2000,748,173,1,1.0,369.0,1.0,579.3333333333334,44.0,12,1,0.9965091177421057,Critical
Myanmar (Burma),2001,387,93,1,1.0,748.0,1.0,566.0,-80.0,13,1,0.9808732199113198,Critical
Myanmar (Burma),2002,543,100,1,1.0,387.0,1.0,501.3333333333333,7.0,14,1,0.9922462447949539,Critical
Myanmar (Burma),2003,272,65,1,1.0,543.0,1.0,559.3333333333334,-35.0,15,1,0.987603060930575,Critical
Myanmar (Burma),2004,177,84,1,1.0,272.0,1.0,400.6666666666667,19.0,16,1,0.9956980480512828,Critical
Myanmar (Burma),2005,449,81,1,1.0,177.0,1.0,330.6666666666667,-3.0,17,1,0.9606410054740047,Critical
Myanmar (Burma),2006,452,113,1,1.0,449.0,1.0,299.3333333333333,32.0,18,1,0.9971289652910963,Critical
Myanmar (Burma),2007,704,177,1,1.0,452.0,1.0,359.3333333333333,64.0,19,1,0.9978013554976466,Critical
Myanmar (Burma),2008,102,65,1,1.0,704.0,1.0,535.0,-112.0,20,1,0.989223697503222,Critical
Myanmar (Burma),2009,225,35,1,1.0,102.0,1.0,419.3333333333333,-30.0,21,1,0.9595326962849405,Critical
Myanmar (Burma),2010,185,50,1,1.0,225.0,1.0,343.6666666666667,15.0,22,1,0.9960852128392607,Critical
Myanmar (Burma),2011,811,265,1,1.0,185.0,1.0,170.66666666666666,215.0,23,1,0.9961899818483647,Critical
Myanmar (Burma),2012,971,77,1,1.0,811.0,1.0,407.0,-188.0,24,1,0.9552209260991827,Critical
Myanmar (Burma),2013,358,86,1,1.0,971.0,1.0,655.6666666666666,9.0,25,1,0.9863146855355245,Critical
Myanmar (Burma),2014,256,35,1,1.0,358.0,1.0,713.3333333333334,-51.0,26,1,0.9891558809576679,Critical
Myanmar (Burma),2015,705,198,1,1.0,256.0,1.0,528.3333333333334,163.0,27,1,0.9978051464045139,Critical
Myanmar (Burma),2016,183,57,1,1.0,705.0,1.0,439.6666666666667,-141.0,28,1,0.9771633250003375,Critical
Myanmar (Burma),2017,2395,88,1,1.0,183.0,1.0,381.3333333333333,31.0,29,1,0.9973133022834247,Critical
Myanmar (Burma),2018,122,71,1,1.0,2395.0,1.0,1094.3333333333333,-17.0,30,1,0.9901111784354399,Critical
Myanmar (Burma),2019,587,148,1,1.0,122.0,1.0,900.0,77.0,31,1,0.9642779381351143,Critical
Myanmar (Burma),2020,207,77,1,1.0,587.0,1.0,1034.6666666666667,-71.0,32,1,0.9895021166778122,Critical
Myanmar (Burma),2021,1781,857,1,1.0,207.0,1.0,305.3333333333333,780.0,33,1,0.9975847176539363,Critical
Myanmar (Burma),2022,2761,1549,1,1.0,1781.0,1.0,858.3333333333334,692.0,34,1,0.9941807406030445,Critical
Myanmar (Burma),2023,3065,2085,1,1.0,2761.0,1.0,1583.0,536.0,35,1,0.9984625086984111,Critical
Namibia,1989,0,0,0,0.0,0.0,0.0,0.0,0.0,0,0,0.07155524891198818,Low
Namibia,1990,0,0,0,0.0,0.0,0.0,0.0,0.0,0,0,0.07155524891198818,Low
Namibia,1991,0,0,0,0.0,0.0,0.0,0.0,0.0,0,0,0.07155524891198818,Low
Namibia,1992,0,0,0,0.0,0.0,0.0,0.0,0.0,0,0,0.07155524891198818,Low
Namibia,1993,0,0,0,0.0,0.0,0.0,0.0,0.0,0,0,0.07155524891198818,Low
Namibia,1994,0,1,0,0.0,0.0,0.0,0.0,1.0,0,0,0.2020203200114487,Low
Namibia,1995,0,0,0,0.0,0.0,0.0,0.0,-1.0,0,0,0.1307577716278981,Low
Namibia,1996,2,1,0,0.0,0.0,0.0,0.0,1.0,0,0,0.2020203200114487,Low
Namibia,1997,0,0,0,0.0,2.0,0.0,0.6666666666666666,-1.0,0,0,0.24111742643615458,Low
Namibia,1998,0,0,0,0.0,0.0,0.0,0.6666666666666666,0.0,0,0,0.11405812144190554,Low
Namibia,1999,1,1,0,0.0,0.0,0.0,0.6666666666666666,1.0,0,1,0.24278435864316042,Low
Namibia,2000,60,15,1,0.0,1.0,0.0,0.3333333333333333,14.0,1,0,0.4581010158841595,Medium
Namibia,2001,0,0,0,1.0,60.0,0.3333333333333333,20.33333333333333,-15.0,0,0,0.17598221024804125,Low
Namibia,2002,0,1,0,0.0,0.0,0.3333333333333333,20.33333333333333,1.0,0,0,0.08597609337271943,Low
Namibia,2003,0,0,0,0.0,0.0,0.3333333333333333,20.0,-1.0,0,0,0.0787636791229097,Low
Namibia,2004,0,0,0,0.0,0.0,0.0,0.0,0.0,0,0,0.07155524891198818,Low
Namibia,2005,0,0,0,0.0,0.0,0.0,0.0,0.0,0,0,0.07155524891198818,Low
Namibia,2006,0,0,0,0.0,0.0,0.0,0.0,0.0,0,0,0.07155524891198818,Low
Namibia,2007,0,0,0,0.0,0.0,0.0,0.0,0.0,0,0,0.07155524891198818,Low
Namibia,2008,0,0,0,0.0,0.0,0.0,0.0,0.0,0,0,0.07155524891198818,Low
Namibia,2009,0,0,0,0.0,0.0,0.0,0.0,0.0,0,0,0.07155524891198818,Low
Namibia,2010,0,0,0,0.0,0.0,0.0,0.0,0.0,0,0,0.07155524891198818,Low
Namibia,2011,0,0,0,0.0,0.0,0.0,0.0,0.0,0,0,0.07155524891198818,Low
Namibia,2012,0,0,0,0.0,0.0,0.0,0.0,0.0,0,0,0.07155524891198818,Low
Namibia,2013,0,0,0,0.0,0.0,0.0,0.0,0.0,0,0,0.07155524891198818,Low
Namibia,2014,0,0,0,0.0,0.0,0.0,0.0,0.0,0,0,0.07155524891198818,Low
Namibia,2015,0,0,0,0.0,0.0,0.0,0.0,0.0,0,0,0.07155524891198818,Low
Namibia,2016,0,0,0,0.0,0.0,0.0,0.0,0.0,0,0,0.07155524891198818,Low
Namibia,2017,0,0,0,0.0,0.0,0.0,0.0,0.0,0,0,0.07155524891198818,Low
Namibia,2018,0,0,0,0.0,0.0,0.0,0.0,0.0,0,0,0.07155524891198818,Low
Namibia,2019,0,0,0,0.0,0.0,0.0,0.0,0.0,0,0,0.07155524891198818,Low
Namibia,2020,0,0,0,0.0,0.0,0.0,0.0,0.0,0,0,0.07155524891198818,Low
Namibia,2021,0,0,0,0.0,0.0,0.0,0.0,0.0,0,0,0.07155524891198818,Low
Namibia,2022,0,0,0,0.0,0.0,0.0,0.0,0.0,0,0,0.07155524891198818,Low
Namibia,2023,0,0,0,0.0,0.0,0.0,0.0,0.0,0,0,0.07155524891198818,Low
Nepal,1989,0,0,0,0.0,0.0,0.0,0.0,0.0,0,0,0.07155524891198818,Low
Nepal,1990,14,9,0,0.0,0.0,0.0,0.0,9.0,0,0,0.10264531174173569,Low
Nepal,1991,2,1,0,0.0,14.0,0.0,7.0,-8.0,0,0,0.13074640824096548,Low
Nepal,1992,0,1,0,0.0,2.0,0.0,5.333333333333333,0.0,0,0,0.272376954797585,Medium
Nepal,1993,3,3,0,0.0,0.0,0.0,5.333333333333333,2.0,0,0,0.6219724668322357,High
Nepal,1994,0,1,0,0.0,3.0,0.0,1.6666666666666667,-2.0,0,0,0.10783369354463346,Low
Nepal,1995,0,1,0,0.0,0.0,0.0,1.0,0.0,0,1,0.1924230177346629,Low
Nepal,1996,77,53,1,0.0,0.0,0.0,1.0,52.0,1,1,0.6354273397848215,High
Nepal,1997,48,37,1,1.0,77.0,0.3333333333333333,25.666666666666668,-16.0,2,1,0.6082464070506997,High
Nepal,1998,357,218,1,1.0,48.0,0.6666666666666666,41.66666666666666,181.0,3,1,0.9154488142764342,Critical
Nepal,1999,295,244,1,1.0,357.0,1.0,160.66666666666666,26.0,4,1,0.9831560920725593,Critical
Nepal,2000,365,186,1,1.0,295.0,1.0,233.33333333333331,-58.0,5,1,0.9799845242093906,Critical
Nepal,2001,569,229,1,1.0,365.0,1.0,339.0,43.0,6,1,0.9963671744194933,Critical
Nepal,2002,4432,1531,1,1.0,569.0,1.0,409.6666666666667,1302.0,7,1,0.9964819485784419,Critical
Nepal,2003,1732,885,1,1.0,4432.0,1.0,1788.6666666666667,-646.0,8,1,0.9105433613630305,Critical
Nepal,2004,2456,1360,1,1.0,1732.0,1.0,2244.333333333333,475.0,9,1,0.9971184909712535,Critical
Nepal,2005,1399,649,1,1.0,2456.0,1.0,2873.333333333333,-711.0,10,1,0.9515587840872252,Critical
Nepal,2006,566,215,1,1.0,1399.0,1.0,1862.3333333333333,-434.0,11,1,0.9214122661613169,Critical
Nepal,2007,31,20,1,1.0,566.0,1.0,1473.6666666666667,-195.0,12,0,0.9829082950215564,Critical
Nepal,2008,0,9,0,1.0,31.0,1.0,665.3333333333334,-11.0,0,0,0.3586809829527143,Medium
Nepal,2009,9,2,0,0.0,0.0,0.6666666666666666,199.0,-7.0,0,0,0.02664016922813723,Low
Nepal,2010,0,0,0,0.0,9.0,0.3333333333333333,13.333333333333334,-2.0,0,0,0.21779871954417268,Low
Nepal,2011,0,0,0,0.0,0.0,0.0,3.0,0.0,0,0,0.14605807669347048,Low
Nepal,2012,0,0,0,0.0,0.0,0.0,3.0,0.0,0,0,0.14605807669347048,Low
Nepal,2013,0,0,0,0.0,0.0,0.0,0.0,0.0,0,0,0.07155524891198818,Low
Nepal,2014,0,0,0,0.0,0.0,0.0,0.0,0.0,0,0,0.07155524891198818,Low
Nepal,2015,0,0,0,0.0,0.0,0.0,0.0,0.0,0,0,0.07155524891198818,Low
Nepal,2016,0,0,0,0.0,0.0,0.0,0.0,0.0,0,0,0.07155524891198818,Low
Nepal,2017,0,0,0,0.0,0.0,0.0,0.0,0.0,0,0,0.07155524891198818,Low
Nepal,2018,0,0,0,0.0,0.0,0.0,0.0,0.0,0,0,0.07155524891198818,Low
Nepal,2019,0,0,0,0.0,0.0,0.0,0.0,0.0,0,0,0.07155524891198818,Low
Nepal,2020,0,0,0,0.0,0.0,0.0,0.0,0.0,0,0,0.07155524891198818,Low
Nepal,2021,0,0,0,0.0,0.0,0.0,0.0,0.0,0,0,0.07155524891198818,Low
Nepal,2022,1,1,0,0.0,0.0,0.0,0.0,1.0,0,0,0.2020203200114487,Low
Nepal,2023,0,0,0,0.0,1.0,0.0,0.3333333333333333,-1.0,0,0,0.20646866026789099,Low
Netherlands,1989,0,0,0,0.0,0.0,0.0,0.0,0.0,0,0,0.07155524891198818,Low
Netherlands,1990,2,1,0,0.0,0.0,0.0,0.0,1.0,0,0,0.2020203200114487,Low
Netherlands,1991,0,0,0,0.0,2.0,0.0,1.0,-1.0,0,0,0.20653505931599994,Low
Netherlands,1992,0,0,0,0.0,0.0,0.0,0.6666666666666666,0.0,0,0,0.11405812144190554,Low
Netherlands,1993,0,0,0,0.0,0.0,0.0,0.6666666666666666,0.0,0,0,0.11405812144190554,Low
Netherlands,1994,0,0,0,0.0,0.0,0.0,0.0,0.0,0,0,0.07155524891198818,Low
Netherlands,1995,0,0,0,0.0,0.0,0.0,0.0,0.0,0,0,0.07155524891198818,Low
Netherlands,1996,0,0,0,0.0,0.0,0.0,0.0,0.0,0,0,0.07155524891198818,Low
Netherlands,1997,0,0,0,0.0,0.0,0.0,0.0,0.0,0,0,0.07155524891198818,Low
Netherlands,1998,0,0,0,0.0,0.0,0.0,0.0,0.0,0,0,0.07155524891198818,Low
Netherlands,1999,0,0,0,0.0,0.0,0.0,0.0,0.0,0,0,0.07155524891198818,Low
Netherlands,2000,0,0,0,0.0,0.0,0.0,0.0,0.0,0,0,0.07155524891198818,Low
Netherlands,2001,0,0,0,0.0,0.0,0.0,0.0,0.0,0,0,0.07155524891198818,Low
Netherlands,2002,0,0,0,0.0,0.0,0.0,0.0,0.0,0,0,0.07155524891198818,Low
Netherlands,2003,0,0,0,0.0,0.0,0.0,0.0,0.0,0,0,0.07155524891198818,Low
Netherlands,2004,0,0,0,0.0,0.0,0.0,0.0,0.0,0,0,0.07155524891198818,Low
Netherlands,2005,0,0,0,0.0,0.0,0.0,0.0,0.0,0,0,0.07155524891198818,Low
Netherlands,2006,0,0,0,0.0,0.0,0.0,0.0,0.0,0,0,0.07155524891198818,Low
Netherlands,2007,0,0,0,0.0,0.0,0.0,0.0,0.0,0,0,0.07155524891198818,Low
Netherlands,2008,0,0,0,0.0,0.0,0.0,0.0,0.0,0,0,0.07155524891198818,Low
Netherlands,2009,0,0,0,0.0,0.0,0.0,0.0,0.0,0,0,0.07155524891198818,Low
Netherlands,2010,0,0,0,0.0,0.0,0.0,0.0,0.0,0,0,0.07155524891198818,Low
Netherlands,2011,0,0,0,0.0,0.0,0.0,0.0,0.0,0,0,0.07155524891198818,Low
Netherlands,2012,0,0,0,0.0,0.0,0.0,0.0,0.0,0,0,0.07155524891198818,Low
Netherlands,2013,0,0,0,0.0,0.0,0.0,0.0,0.0,0,0,0.07155524891198818,Low
Netherlands,2014,0,0,0,0.0,0.0,0.0,0.0,0.0,0,0,0.07155524891198818,Low
Netherlands,2015,0,1,0,0.0,0.0,0.0,0.0,1.0,0,0,0.2020203200114487,Low
Netherlands,2016,0,0,0,0.0,0.0,0.0,0.0,-1.0,0,0,0.1307577716278981,Low
Netherlands,2017,0,0,0,0.0,0.0,0.0,0.0,0.0,0,0,0.07155524891198818,Low
Netherlands,2018,0,0,0,0.0,0.0,0.0,0.0,0.0,0,0,0.07155524891198818,Low
Netherlands,2019,0,0,0,0.0,0.0,0.0,0.0,0.0,0,0,0.07155524891198818,Low
Netherlands,2020,0,0,0,0.0,0.0,0.0,0.0,0.0,0,0,0.07155524891198818,Low
Netherlands,2021,0,0,0,0.0,0.0,0.0,0.0,0.0,0,0,0.07155524891198818,Low
Netherlands,2022,0,0,0,0.0,0.0,0.0,0.0,0.0,0,0,0.07155524891198818,Low
Netherlands,2023,0,0,0,0.0,0.0,0.0,0.0,0.0,0,0,0.07155524891198818,Low
Nicaragua,1989,526,21,1,0.0,0.0,0.0,0.0,0.0,1,1,0.8223020940359717,Critical
Nicaragua,1990,39,6,1,1.0,526.0,1.0,526.0,-15.0,2,0,0.8476763333393122,Critical
Nicaragua,1991,0,0,0,1.0,39.0,1.0,282.5,-6.0,0,0,0.47370005071332455,Medium
Nicaragua,1992,0,0,0,0.0,0.0,0.6666666666666666,188.33333333333331,0.0,0,0,0.02608834201945337,Low
Nicaragua,1993,0,0,0,0.0,0.0,0.3333333333333333,13.0,0.0,0,0,0.04272040421663252,Low
Nicaragua,1994,0,0,0,0.0,0.0,0.0,0.0,0.0,0,0,0.07155524891198818,Low
Nicaragua,1995,0,0,0,0.0,0.0,0.0,0.0,0.0,0,0,0.07155524891198818,Low
Nicaragua,1996,0,0,0,0.0,0.0,0.0,0.0,0.0,0,0,0.07155524891198818,Low
Nicaragua,1997,0,0,0,0.0,0.0,0.0,0.0,0.0,0,0,0.07155524891198818,Low
Nicaragua,1998,0,0,0,0.0,0.0,0.0,0.0,0.0,0,0,0.07155524891198818,Low
Nicaragua,1999,0,0,0,0.0,0.0,0.0,0.0,0.0,0,0,0.07155524891198818,Low
Nicaragua,2000,0,0,0,0.0,0.0,0.0,0.0,0.0,0,0,0.07155524891198818,Low
Nicaragua,2001,0,0,0,0.0,0.0,0.0,0.0,0.0,0,0,0.07155524891198818,Low
Nicaragua,2002,0,0,0,0.0,0.0,0.0,0.0,0.0,0,0,0.07155524891198818,Low
Nicaragua,2003,0,0,0,0.0,0.0,0.0,0.0,0.0,0,0,0.07155524891198818,Low
Nicaragua,2004,0,0,0,0.0,0.0,0.0,0.0,0.0,0,0,0.07155524891198818,Low
Nicaragua,2005,0,0,0,0.0,0.0,0.0,0.0,0.0,0,0,0.07155524891198818,Low
Nicaragua,2006,0,0,0,0.0,0.0,0.0,0.0,0.0,0,0,0.07155524891198818,Low
Nicaragua,2007,0,0,0,0.0,0.0,0.0,0.0,0.0,0,0,0.07155524891198818,Low
Nicaragua,2008,0,0,0,0.0,0.0,0.0,0.0,0.0,0,0,0.07155524891198818,Low
Nicaragua,2009,0,0,0,0.0,0.0,0.0,0.0,0.0,0,0,0.07155524891198818,Low
Nicaragua,2010,0,0,0,0.0,0.0,0.0,0.0,0.0,0,0,0.07155524891198818,Low
Nicaragua,2011,0,0,0,0.0,0.0,0.0,0.0,0.0,0,0,0.07155524891198818,Low
Nicaragua,2012,0,0,0,0.0,0.0,0.0,0.0,0.0,0,0,0.07155524891198818,Low
Nicaragua,2013,0,0,0,0.0,0.0,0.0,0.0,0.0,0,0,0.07155524891198818,Low
Nicaragua,2014,0,0,0,0.0,0.0,0.0,0.0,0.0,0,0,0.07155524891198818,Low
Nicaragua,2015,0,0,0,0.0,0.0,0.0,0.0,0.0,0,0,0.07155524891198818,Low
Nicaragua,2016,0,0,0,0.0,0.0,0.0,0.0,0.0,0,0,0.07155524891198818,Low
Nicaragua,2017,0,0,0,0.0,0.0,0.0,0.0,0.0,0,0,0.07155524891198818,Low
Nicaragua,2018,0,0,0,0.0,0.0,0.0,0.0,0.0,0,0,0.07155524891198818,Low
Nicaragua,2019,0,0,0,0.0,0.0,0.0,0.0,0.0,0,0,0.07155524891198818,Low
Nicaragua,2020,0,0,0,0.0,0.0,0.0,0.0,0.0,0,0,0.07155524891198818,Low
Nicaragua,2021,0,0,0,0.0,0.0,0.0,0.0,0.0,0,0,0.07155524891198818,Low
Nicaragua,2022,0,0,0,0.0,0.0,0.0,0.0,0.0,0,0,0.07155524891198818,Low
Nicaragua,2023,0,0,0,0.0,0.0,0.0,0.0,0.0,0,0,0.07155524891198818,Low
Niger,1989,170,1,1,0.0,0.0,0.0,0.0,0.0,1,1,0.8223020940359717,Critical
Niger,1990,200,2,1,1.0,170.0,1.0,170.0,1.0,2,1,0.8994133114880195,Critical
Niger,1991,40,9,1,1.0,200.0,1.0,185.0,7.0,3,1,0.9572129823865729,Critical
Niger,1992,29,11,1,1.0,40.0,1.0,136.66666666666666,2.0,4,0,0.48801007746717784,Medium
Niger,1993,6,1,0,1.0,29.0,1.0,89.66666666666667,-10.0,0,1,0.34548293552129433,Medium
Niger,1994,50,11,1,0.0,6.0,0.6666666666666666,25.0,10.0,1,1,0.6370897011704965,High
Niger,1995,67,7,1,1.0,50.0,0.6666666666666666,28.33333333333333,-4.0,2,0,0.5573062102376269,High
Niger,1996,14,3,0,1.0,67.0,0.6666666666666666,41.0,-4.0,0,1,0.5804234010980028,High
Niger,1997,81,8,1,0.0,14.0,0.6666666666666666,43.66666666666666,5.0,1,1,0.6861148100158014,High
Niger,1998,147,2,1,1.0,81.0,0.6666666666666666,54.0,-6.0,2,0,0.6749783195449582,High
Niger,1999,0,0,0,1.0,147.0,0.6666666666666666,80.66666666666667,-2.0,0,0,0.36151084234863606,Medium
Niger,2000,0,0,0,0.0,0.0,0.6666666666666666,76.0,0.0,0,0,0.0278915204107579,Low
Niger,2001,0,0,0,0.0,0.0,0.3333333333333333,49.0,0.0,0,0,0.03849581918333227,Low
Niger,2002,0,0,0,0.0,0.0,0.0,0.0,0.0,0,0,0.07155524891198818,Low
Niger,2003,0,0,0,0.0,0.0,0.0,0.0,0.0,0,0,0.07155524891198818,Low
Niger,2004,4,1,0,0.0,0.0,0.0,0.0,1.0,0,0,0.2020203200114487,Low
Niger,2005,0,0,0,0.0,4.0,0.0,1.3333333333333333,-1.0,0,0,0.1511927892361622,Low
Niger,2006,0,0,0,0.0,0.0,0.0,1.3333333333333333,0.0,0,1,0.191773195624242,Low
Niger,2007,98,22,1,0.0,0.0,0.0,1.3333333333333333,22.0,1,1,0.7274506840899652,High
Niger,2008,68,13,1,1.0,98.0,0.3333333333333333,32.666666666666664,-9.0,2,0,0.5551586152720206,High
Niger,2009,0,0,0,1.0,68.0,0.6666666666666666,55.333333333333336,-13.0,0,0,0.4892626783317887,Medium
Niger,2010,0,0,0,0.0,0.0,0.6666666666666666,55.333333333333336,0.0,0,0,0.031142978611943727,Low
Niger,2011,0,0,0,0.0,0.0,0.3333333333333333,22.666666666666668,0.0,0,0,0.03988094661057166,Low
Niger,2012,1,1,0,0.0,0.0,0.0,0.0,1.0,0,1,0.2020203200114487,Low
Niger,2013,31,6,1,0.0,1.0,0.0,0.3333333333333333,5.0,1,0,0.42835793670228933,Medium
Niger,2014,5,2,0,1.0,31.0,0.3333333333333333,10.666666666666666,-4.0,0,1,0.20703116291053753,Low
Niger,2015,533,43,1,0.0,5.0,0.3333333333333333,12.333333333333334,41.0,1,1,0.9201387287369827,Critical
Niger,2016,299,18,1,1.0,533.0,0.6666666666666666,189.66666666666663,-25.0,2,1,0.950865865263962,Critical
Niger,2017,248,16,1,1.0,299.0,0.6666666666666666,279.0,-2.0,3,1,0.9005328067304833,Critical
Niger,2018,181,25,1,1.0,248.0,1.0,360.0,9.0,4,1,0.9820271237912378,Critical
Niger,2019,454,72,1,1.0,181.0,1.0,242.66666666666663,47.0,5,1,0.9903824514169489,Critical
Niger,2020,820,68,1,1.0,454.0,1.0,294.3333333333333,-4.0,6,1,0.9793355112812637,Critical
Niger,2021,1130,78,1,1.0,820.0,1.0,485.0,10.0,7,1,0.9918119464433032,Critical
Niger,2022,664,73,1,1.0,1130.0,1.0,801.3333333333334,-5.0,8,1,0.9803611828567125,Critical
Niger,2023,513,97,1,1.0,664.0,1.0,871.3333333333334,24.0,9,1,0.9961542341092368,Critical
Nigeria,1989,0,0,0,0.0,0.0,0.0,0.0,0.0,0,1,0.07155524891198818,Low
Nigeria,1990,89,2,1,0.0,0.0,0.0,0.0,2.0,1,1,0.6756032947779685,High
Nigeria,1991,380,4,1,1.0,89.0,0.5,44.5,2.0,2,1,0.8910545942725732,Critical
Nigeria,1992,943,12,1,1.0,380.0,0.6666666666666666,156.33333333333334,8.0,3,1,0.959451672997023,Critical
Nigeria,1993,1185,8,1,1.0,943.0,1.0,470.6666666666667,-4.0,4,1,0.9461747570058371,Critical
Nigeria,1994,90,16,1,1.0,1185.0,1.0,836.0,8.0,5,0,0.8596276669388445,Critical
Nigeria,1995,1,1,0,1.0,90.0,1.0,739.3333333333334,-15.0,0,1,0.6521188830153832,High
Nigeria,1996,87,5,1,0.0,1.0,0.6666666666666666,425.3333333333333,4.0,1,1,0.7850356872733285,Critical
Nigeria,1997,595,20,1,1.0,87.0,0.6666666666666666,59.333333333333336,15.0,2,1,0.8922992325989644,Critical
Nigeria,1998,357,31,1,1.0,595.0,0.6666666666666666,227.66666666666663,11.0,3,1,0.9637385389764099,Critical
Nigeria,1999,3519,39,1,1.0,357.0,1.0,346.3333333333333,8.0,4,1,0.9602829900376977,Critical
Nigeria,2000,2104,30,1,1.0,3519.0,1.0,1490.3333333333333,-9.0,5,1,0.9834328930610146,Critical
Nigeria,2001,2437,41,1,1.0,2104.0,1.0,1993.3333333333333,11.0,6,1,0.9930174061536625,Critical
Nigeria,2002,629,45,1,1.0,2437.0,1.0,2686.6666666666665,4.0,7,1,0.9887577676223541,Critical
Nigeria,2003,449,63,1,1.0,629.0,1.0,1723.3333333333333,18.0,8,1,0.9956264011391014,Critical
Nigeria,2004,2136,87,1,1.0,449.0,1.0,1171.6666666666667,24.0,9,1,0.9966629084806925,Critical
Nigeria,2005,233,22,1,1.0,2136.0,1.0,1071.3333333333333,-65.0,10,1,0.983291827772263,Critical
Nigeria,2006,231,23,1,1.0,233.0,1.0,939.3333333333334,1.0,11,1,0.9699623606457738,Critical
Nigeria,2007,157,22,1,1.0,231.0,1.0,866.6666666666666,-1.0,12,1,0.9858274925286376,Critical
Nigeria,2008,432,31,1,1.0,157.0,1.0,207.0,9.0,13,1,0.991630535984157,Critical
Nigeria,2009,533,41,1,1.0,432.0,1.0,273.3333333333333,10.0,14,1,0.9658135174840311,Critical
Nigeria,2010,980,92,1,1.0,533.0,1.0,374.0,51.0,15,1,0.9972252634747736,Critical
Nigeria,2011,1831,254,1,1.0,980.0,1.0,648.3333333333334,162.0,16,1,0.9930474171026773,Critical
Nigeria,2012,2022,409,1,1.0,1831.0,1.0,1114.6666666666667,155.0,17,1,0.9974791054926112,Critical
Nigeria,2013,3391,334,1,1.0,2022.0,1.0,1611.0,-75.0,18,1,0.9890824965670617,Critical
Nigeria,2014,10346,554,1,1.0,3391.0,1.0,2414.6666666666665,220.0,19,1,0.9982926778534759,Critical
Nigeria,2015,9121,505,1,1.0,10346.0,1.0,5253.0,-49.0,20,1,0.9905479036988436,Critical
Nigeria,2016,3949,434,1,1.0,9121.0,1.0,7619.333333333333,-71.0,21,1,0.9877031432484397,Critical
Nigeria,2017,3589,507,1,1.0,3949.0,1.0,7805.333333333333,73.0,22,1,0.9987430615918436,Critical
Nigeria,2018,3243,535,1,1.0,3589.0,1.0,5553.0,28.0,23,1,0.9982855829069467,Critical
Nigeria,2019,2455,524,1,1.0,3243.0,1.0,3593.6666666666665,-11.0,24,1,0.9890608986679613,Critical
Nigeria,2020,3079,625,1,1.0,2455.0,1.0,3095.6666666666665,101.0,25,1,0.9982638832645747,Critical
Nigeria,2021,3171,515,1,1.0,3079.0,1.0,2925.6666666666665,-110.0,26,1,0.9888155938568264,Critical
Nigeria,2022,2917,471,1,1.0,3171.0,1.0,2901.6666666666665,-44.0,27,1,0.9882479720488834,Critical
Nigeria,2023,3971,626,1,1.0,2917.0,1.0,3055.6666666666665,155.0,28,1,0.9984148620476314,Critical
North Macedonia,1989,0,0,0,0.0,0.0,0.0,0.0,0.0,0,0,0.07155524891198818,Low
North Macedonia,1990,0,0,0,0.0,0.0,0.0,0.0,0.0,0,0,0.07155524891198818,Low
North Macedonia,1991,0,0,0,0.0,0.0,0.0,0.0,0.0,0,0,0.07155524891198818,Low
North Macedonia,1992,0,0,0,0.0,0.0,0.0,0.0,0.0,0,0,0.07155524891198818,Low
North Macedonia,1993,0,0,0,0.0,0.0,0.0,0.0,0.0,0,0,0.07155524891198818,Low
North Macedonia,1994,0,0,0,0.0,0.0,0.0,0.0,0.0,0,0,0.07155524891198818,Low
North Macedonia,1995,0,0,0,0.0,0.0,0.0,0.0,0.0,0,0,0.07155524891198818,Low
North Macedonia,1996,0,0,0,0.0,0.0,0.0,0.0,0.0,0,0,0.07155524891198818,Low
North Macedonia,1997,0,0,0,0.0,0.0,0.0,0.0,0.0,0,0,0.07155524891198818,Low
North Macedonia,1998,0,0,0,0.0,0.0,0.0,0.0,0.0,0,0,0.07155524891198818,Low
North Macedonia,1999,6,1,0,0.0,0.0,0.0,0.0,1.0,0,0,0.2020203200114487,Low
North Macedonia,2000,3,1,0,0.0,6.0,0.0,2.0,0.0,0,1,0.426940003161275,Medium
North Macedonia,2001,72,53,1,0.0,3.0,0.0,3.0,52.0,1,0,0.5632981610249752,High
North Macedonia,2002,0,0,0,1.0,72.0,0.3333333333333333,27.0,-53.0,0,0,0.0985534570201899,Low
North Macedonia,2003,0,0,0,0.0,0.0,0.3333333333333333,25.0,0.0,0,0,0.03978909963440286,Low
North Macedonia,2004,0,0,0,0.0,0.0,0.3333333333333333,24.0,0.0,0,0,0.03988094661057166,Low
North Macedonia,2005,0,0,0,0.0,0.0,0.0,0.0,0.0,0,0,0.07155524891198818,Low
North Macedonia,2006,0,0,0,0.0,0.0,0.0,0.0,0.0,0,0,0.07155524891198818,Low
North Macedonia,2007,0,0,0,0.0,0.0,0.0,0.0,0.0,0,0,0.07155524891198818,Low
North Macedonia,2008,0,0,0,0.0,0.0,0.0,0.0,0.0,0,0,0.07155524891198818,Low
North Macedonia,2009,0,0,0,0.0,0.0,0.0,0.0,0.0,0,0,0.07155524891198818,Low
North Macedonia,2010,0,0,0,0.0,0.0,0.0,0.0,0.0,0,0,0.07155524891198818,Low
North Macedonia,2011,0,0,0,0.0,0.0,0.0,0.0,0.0,0,0,0.07155524891198818,Low
North Macedonia,2012,0,0,0,0.0,0.0,0.0,0.0,0.0,0,0,0.07155524891198818,Low
North Macedonia,2013,0,0,0,0.0,0.0,0.0,0.0,0.0,0,0,0.07155524891198818,Low
North Macedonia,2014,0,0,0,0.0,0.0,0.0,0.0,0.0,0,0,0.07155524891198818,Low
North Macedonia,2015,0,0,0,0.0,0.0,0.0,0.0,0.0,0,0,0.07155524891198818,Low
North Macedonia,2016,0,0,0,0.0,0.0,0.0,0.0,0.0,0,0,0.07155524891198818,Low
North Macedonia,2017,0,0,0,0.0,0.0,0.0,0.0,0.0,0,0,0.07155524891198818,Low
North Macedonia,2018,0,0,0,0.0,0.0,0.0,0.0,0.0,0,0,0.07155524891198818,Low
North Macedonia,2019,0,0,0,0.0,0.0,0.0,0.0,0.0,0,0,0.07155524891198818,Low
North Macedonia,2020,0,0,0,0.0,0.0,0.0,0.0,0.0,0,0,0.07155524891198818,Low
North Macedonia,2021,0,0,0,0.0,0.0,0.0,0.0,0.0,0,0,0.07155524891198818,Low
North Macedonia,2022,0,0,0,0.0,0.0,0.0,0.0,0.0,0,0,0.07155524891198818,Low
North Macedonia,2023,0,0,0,0.0,0.0,0.0,0.0,0.0,0,0,0.07155524891198818,Low
Pakistan,1989,114,20,1,0.0,0.0,0.0,0.0,0.0,1,1,0.8223020940359717,Critical
Pakistan,1990,386,44,1,1.0,114.0,1.0,114.0,24.0,2,1,0.9262143173294843,Critical
Pakistan,1991,62,10,1,1.0,386.0,1.0,250.0,-34.0,3,1,0.942876720086446,Critical
Pakistan,1992,72,5,1,1.0,62.0,1.0,187.33333333333331,-5.0,4,1,0.8988554461173393,Critical
Pakistan,1993,48,7,1,1.0,72.0,1.0,173.33333333333334,2.0,5,1,0.9650828752409527,Critical
Pakistan,1994,169,38,1,1.0,48.0,1.0,60.66666666666666,31.0,6,1,0.9702053832428233,Critical
Pakistan,1995,127,23,1,1.0,169.0,1.0,96.33333333333331,-15.0,7,1,0.9214811329492788,Critical
Pakistan,1996,64,21,1,1.0,127.0,1.0,114.66666666666669,-2.0,8,1,0.9681833284407202,Critical
Pakistan,1997,123,29,1,1.0,64.0,1.0,120.0,8.0,9,1,0.9691271486024533,Critical
Pakistan,1998,121,39,1,1.0,123.0,1.0,104.66666666666669,10.0,10,1,0.9735838148298399,Critical
Pakistan,1999,57,12,1,1.0,121.0,1.0,102.66666666666669,-27.0,11,1,0.9483354183113212,Critical
Pakistan,2000,59,27,1,1.0,57.0,1.0,100.33333333333331,15.0,12,1,0.9079121820894798,Critical
Pakistan,2001,42,9,1,1.0,59.0,1.0,79.0,-18.0,13,1,0.7710926746879863,Critical
Pakistan,2002,170,70,1,1.0,42.0,1.0,52.66666666666666,61.0,14,1,0.9302712013241652,Critical
Pakistan,2003,242,79,1,1.0,170.0,1.0,90.33333333333331,9.0,15,1,0.9656748546470362,Critical
Pakistan,2004,430,62,1,1.0,242.0,1.0,151.33333333333334,-17.0,16,1,0.977923711430352,Critical
Pakistan,2005,168,48,1,1.0,430.0,1.0,280.6666666666667,-14.0,17,1,0.9878267418587122,Critical
Pakistan,2006,427,46,1,1.0,168.0,1.0,280.0,-2.0,18,1,0.9866264937498407,Critical
Pakistan,2007,1380,211,1,1.0,427.0,1.0,341.6666666666667,165.0,19,1,0.9978013554976466,Critical
Pakistan,2008,4621,664,1,1.0,1380.0,1.0,658.3333333333334,453.0,20,1,0.9972675658797546,Critical
Pakistan,2009,7512,884,1,1.0,4621.0,1.0,2142.6666666666665,220.0,21,1,0.9983608279744577,Critical
Pakistan,2010,7251,962,1,1.0,7512.0,1.0,4504.333333333333,78.0,22,1,0.9986535077267431,Critical
Pakistan,2011,3475,613,1,1.0,7251.0,1.0,6461.333333333333,-349.0,23,1,0.988675723634175,Critical
Pakistan,2012,3583,651,1,1.0,3475.0,1.0,6079.333333333333,38.0,24,1,0.998706129084256,Critical
Pakistan,2013,2914,361,1,1.0,3583.0,1.0,4769.666666666667,-290.0,25,1,0.9711776371926208,Critical
Pakistan,2014,3639,433,1,1.0,2914.0,1.0,3324.0,72.0,26,1,0.9982047525145803,Critical
Pakistan,2015,2454,285,1,1.0,3639.0,1.0,3378.6666666666665,-148.0,27,1,0.9876526061755768,Critical
Pakistan,2016,1100,158,1,1.0,2454.0,1.0,3002.333333333333,-127.0,28,1,0.9854913714851657,Critical
Pakistan,2017,960,163,1,1.0,1100.0,1.0,2397.6666666666665,5.0,29,1,0.9929248702659235,Critical
Pakistan,2018,483,93,1,1.0,960.0,1.0,1504.6666666666667,-70.0,30,1,0.9874001660057633,Critical
Pakistan,2019,293,99,1,1.0,483.0,1.0,847.6666666666666,6.0,31,1,0.9886700978940538,Critical
Pakistan,2020,409,145,1,1.0,293.0,1.0,578.6666666666666,46.0,32,1,0.997827404554984,Critical
Pakistan,2021,452,191,1,1.0,409.0,1.0,395.0,46.0,33,1,0.9979683499715529,Critical
Pakistan,2022,719,284,1,1.0,452.0,1.0,384.6666666666667,93.0,34,1,0.9979683499715529,Critical
Pakistan,2023,1178,382,1,1.0,719.0,1.0,526.6666666666666,98.0,35,1,0.9948103201801625,Critical
Panama,1989,920,3,1,0.0,0.0,0.0,0.0,0.0,1,0,0.8223020940359717,Critical
Panama,1990,0,0,0,1.0,920.0,1.0,920.0,-3.0,0,0,0.28768169848623,Medium
Panama,1991,0,0,0,0.0,0.0,0.5,460.0,0.0,0,0,0.027830374665299282,Low
Panama,1992,0,0,0,0.0,0.0,0.3333333333333333,306.6666666666667,0.0,0,0,0.043787219568293276,Low
Panama,1993,0,0,0,0.0,0.0,0.0,0.0,0.0,0,0,0.07155524891198818,Low
Panama,1994,0,0,0,0.0,0.0,0.0,0.0,0.0,0,0,0.07155524891198818,Low
Panama,1995,0,0,0,0.0,0.0,0.0,0.0,0.0,0,0,0.07155524891198818,Low
Panama,1996,0,0,0,0.0,0.0,0.0,0.0,0.0,0,0,0.07155524891198818,Low
Panama,1997,0,0,0,0.0,0.0,0.0,0.0,0.0,0,0,0.07155524891198818,Low
Panama,1998,0,0,0,0.0,0.0,0.0,0.0,0.0,0,0,0.07155524891198818,Low
Panama,1999,0,0,0,0.0,0.0,0.0,0.0,0.0,0,0,0.07155524891198818,Low
Panama,2000,0,0,0,0.0,0.0,0.0,0.0,0.0,0,0,0.07155524891198818,Low
Panama,2001,0,0,0,0.0,0.0,0.0,0.0,0.0,0,0,0.07155524891198818,Low
Panama,2002,0,0,0,0.0,0.0,0.0,0.0,0.0,0,0,0.07155524891198818,Low
Panama,2003,0,0,0,0.0,0.0,0.0,0.0,0.0,0,0,0.07155524891198818,Low
Panama,2004,0,0,0,0.0,0.0,0.0,0.0,0.0,0,0,0.07155524891198818,Low
Panama,2005,0,0,0,0.0,0.0,0.0,0.0,0.0,0,0,0.07155524891198818,Low
Panama,2006,0,0,0,0.0,0.0,0.0,0.0,0.0,0,0,0.07155524891198818,Low
Panama,2007,0,0,0,0.0,0.0,0.0,0.0,0.0,0,0,0.07155524891198818,Low
Panama,2008,0,0,0,0.0,0.0,0.0,0.0,0.0,0,0,0.07155524891198818,Low
Panama,2009,1,1,0,0.0,0.0,0.0,0.0,1.0,0,0,0.2020203200114487,Low
Panama,2010,0,0,0,0.0,1.0,0.0,0.3333333333333333,-1.0,0,0,0.20646866026789099,Low
Panama,2011,0,0,0,0.0,0.0,0.0,0.3333333333333333,0.0,0,0,0.11040342782141219,Low
Panama,2012,0,0,0,0.0,0.0,0.0,0.3333333333333333,0.0,0,0,0.11040342782141219,Low
Panama,2013,0,0,0,0.0,0.0,0.0,0.0,0.0,0,0,0.07155524891198818,Low
Panama,2014,0,0,0,0.0,0.0,0.0,0.0,0.0,0,0,0.07155524891198818,Low
Panama,2015,0,0,0,0.0,0.0,0.0,0.0,0.0,0,0,0.07155524891198818,Low
Panama,2016,0,0,0,0.0,0.0,0.0,0.0,0.0,0,0,0.07155524891198818,Low
Panama,2017,0,0,0,0.0,0.0,0.0,0.0,0.0,0,0,0.07155524891198818,Low
Panama,2018,0,0,0,0.0,0.0,0.0,0.0,0.0,0,0,0.07155524891198818,Low
Panama,2019,0,0,0,0.0,0.0,0.0,0.0,0.0,0,0,0.07155524891198818,Low
Panama,2020,0,0,0,0.0,0.0,0.0,0.0,0.0,0,0,0.07155524891198818,Low
Panama,2021,0,0,0,0.0,0.0,0.0,0.0,0.0,0,0,0.07155524891198818,Low
Panama,2022,0,0,0,0.0,0.0,0.0,0.0,0.0,0,0,0.07155524891198818,Low
Panama,2023,0,0,0,0.0,0.0,0.0,0.0,0.0,0,0,0.07155524891198818,Low
Papua New Guinea,1989,14,6,0,0.0,0.0,0.0,0.0,0.0,0,1,0.07155524891198818,Low
Papua New Guinea,1990,61,15,1,0.0,14.0,0.0,14.0,9.0,1,1,0.571237358539354,High
Papua New Guinea,1991,29,3,1,1.0,61.0,0.5,37.5,-12.0,2,1,0.8348151020981817,Critical
Papua New Guinea,1992,61,16,1,1.0,29.0,0.6666666666666666,34.666666666666664,13.0,3,1,0.8988674468252656,Critical
Papua New Guinea,1993,40,14,1,1.0,61.0,1.0,50.333333333333336,-2.0,4,1,0.9302282711204485,Critical
Papua New Guinea,1994,26,6,1,1.0,40.0,1.0,43.333333333333336,-8.0,5,1,0.5529918310444696,High
Papua New Guinea,1995,33,11,1,1.0,26.0,1.0,42.333333333333336,5.0,6,1,0.7634889842720047,Critical
Papua New Guinea,1996,106,26,1,1.0,33.0,1.0,33.0,15.0,7,0,0.5155205670460647,High
Papua New Guinea,1997,12,4,0,1.0,106.0,1.0,55.0,-22.0,0,1,0.5269811298104847,High
Papua New Guinea,1998,40,2,1,0.0,12.0,0.6666666666666666,50.333333333333336,-2.0,1,1,0.719489317622495,High
Papua New Guinea,1999,60,2,1,1.0,40.0,0.6666666666666666,52.66666666666666,0.0,2,0,0.5752647515300838,High
Papua New Guinea,2000,13,2,0,1.0,60.0,0.6666666666666666,37.333333333333336,0.0,0,1,0.535022607013711,High
Papua New Guinea,2001,65,6,1,0.0,13.0,0.6666666666666666,37.66666666666666,4.0,1,0,0.5261441581883148,High
Papua New Guinea,2002,7,3,0,1.0,65.0,0.6666666666666666,46.0,-3.0,0,0,0.527745711741768,High
Papua New Guinea,2003,0,0,0,0.0,7.0,0.3333333333333333,28.33333333333333,-3.0,0,0,0.18841468560790106,Low
Papua New Guinea,2004,0,0,0,0.0,0.0,0.3333333333333333,24.0,0.0,0,0,0.03988094661057166,Low
Papua New Guinea,2005,0,0,0,0.0,0.0,0.0,2.333333333333333,0.0,0,0,0.20634890404888742,Low
Papua New Guinea,2006,0,0,0,0.0,0.0,0.0,0.0,0.0,0,0,0.07155524891198818,Low
Papua New Guinea,2007,0,0,0,0.0,0.0,0.0,0.0,0.0,0,0,0.07155524891198818,Low
Papua New Guinea,2008,0,0,0,0.0,0.0,0.0,0.0,0.0,0,0,0.07155524891198818,Low
Papua New Guinea,2009,0,0,0,0.0,0.0,0.0,0.0,0.0,0,0,0.07155524891198818,Low
Papua New Guinea,2010,0,0,0,0.0,0.0,0.0,0.0,0.0,0,0,0.07155524891198818,Low
Papua New Guinea,2011,0,0,0,0.0,0.0,0.0,0.0,0.0,0,1,0.07155524891198818,Low
Papua New Guinea,2012,57,4,1,0.0,0.0,0.0,0.0,4.0,1,0,0.4521018138551865,Medium
Papua New Guinea,2013,0,0,0,1.0,57.0,0.3333333333333333,19.0,-4.0,0,0,0.12009778702471886,Low
Papua New Guinea,2014,0,0,0,0.0,0.0,0.3333333333333333,19.0,0.0,0,0,0.038401158007816086,Low
Papua New Guinea,2015,0,0,0,0.0,0.0,0.3333333333333333,19.0,0.0,0,0,0.038401158007816086,Low
Papua New Guinea,2016,0,0,0,0.0,0.0,0.0,0.0,0.0,0,0,0.07155524891198818,Low
Papua New Guinea,2017,0,0,0,0.0,0.0,0.0,0.0,0.0,0,0,0.07155524891198818,Low
Papua New Guinea,2018,0,0,0,0.0,0.0,0.0,0.0,0.0,0,1,0.07155524891198818,Low
Papua New Guinea,2019,30,3,1,0.0,0.0,0.0,0.0,3.0,1,0,0.5983763437101017,High
Papua New Guinea,2020,0,0,0,1.0,30.0,0.3333333333333333,10.0,-3.0,0,1,0.4014292162083202,Medium
Papua New Guinea,2021,38,4,1,0.0,0.0,0.3333333333333333,10.0,4.0,1,1,0.6010222494824026,High
Papua New Guinea,2022,109,16,1,1.0,38.0,0.6666666666666666,22.666666666666668,12.0,2,0,0.6000077652297487,High
Papua New Guinea,2023,1,1,0,1.0,109.0,0.6666666666666666,49.0,-15.0,0,1,0.5292410890289331,High
Paraguay,1989,150,1,1,0.0,0.0,0.0,0.0,0.0,1,0,0.8223020940359717,Critical
Paraguay,1990,0,0,0,1.0,150.0,1.0,150.0,-1.0,0,0,0.346200582122288,Medium
Paraguay,1991,0,0,0,0.0,0.0,0.5,75.0,0.0,0,0,0.030946264718858127,Low
Paraguay,1992,0,0,0,0.0,0.0,0.3333333333333333,50.0,0.0,0,0,0.038723407384604676,Low
Paraguay,1993,0,0,0,0.0,0.0,0.0,0.0,0.0,0,0,0.07155524891198818,Low
Paraguay,1994,0,0,0,0.0,0.0,0.0,0.0,0.0,0,0,0.07155524891198818,Low
Paraguay,1995,0,0,0,0.0,0.0,0.0,0.0,0.0,0,0,0.07155524891198818,Low
Paraguay,1996,0,0,0,0.0,0.0,0.0,0.0,0.0,0,0,0.07155524891198818,Low
Paraguay,1997,0,0,0,0.0,0.0,0.0,0.0,0.0,0,0,0.07155524891198818,Low
Paraguay,1998,0,0,0,0.0,0.0,0.0,0.0,0.0,0,0,0.07155524891198818,Low
Paraguay,1999,0,0,0,0.0,0.0,0.0,0.0,0.0,0,0,0.07155524891198818,Low
Paraguay,2000,0,0,0,0.0,0.0,0.0,0.0,0.0,0,0,0.07155524891198818,Low
Paraguay,2001,0,0,0,0.0,0.0,0.0,0.0,0.0,0,0,0.07155524891198818,Low
Paraguay,2002,0,0,0,0.0,0.0,0.0,0.0,0.0,0,0,0.07155524891198818,Low
Paraguay,2003,0,0,0,0.0,0.0,0.0,0.0,0.0,0,0,0.07155524891198818,Low
Paraguay,2004,0,0,0,0.0,0.0,0.0,0.0,0.0,0,0,0.07155524891198818,Low
Paraguay,2005,0,0,0,0.0,0.0,0.0,0.0,0.0,0,0,0.07155524891198818,Low
Paraguay,2006,0,0,0,0.0,0.0,0.0,0.0,0.0,0,0,0.07155524891198818,Low
Paraguay,2007,0,0,0,0.0,0.0,0.0,0.0,0.0,0,0,0.07155524891198818,Low
Paraguay,2008,0,0,0,0.0,0.0,0.0,0.0,0.0,0,0,0.07155524891198818,Low
Paraguay,2009,0,0,0,0.0,0.0,0.0,0.0,0.0,0,0,0.07155524891198818,Low
Paraguay,2010,0,0,0,0.0,0.0,0.0,0.0,0.0,0,0,0.07155524891198818,Low
Paraguay,2011,0,0,0,0.0,0.0,0.0,0.0,0.0,0,0,0.07155524891198818,Low
Paraguay,2012,0,0,0,0.0,0.0,0.0,0.0,0.0,0,0,0.07155524891198818,Low
Paraguay,2013,0,0,0,0.0,0.0,0.0,0.0,0.0,0,0,0.07155524891198818,Low
Paraguay,2014,0,0,0,0.0,0.0,0.0,0.0,0.0,0,0,0.07155524891198818,Low
Paraguay,2015,0,0,0,0.0,0.0,0.0,0.0,0.0,0,0,0.07155524891198818,Low
Paraguay,2016,1,1,0,0.0,0.0,0.0,0.0,1.0,0,0,0.2020203200114487,Low
Paraguay,2017,0,0,0,0.0,1.0,0.0,0.3333333333333333,-1.0,0,0,0.20646866026789099,Low
Paraguay,2018,1,1,0,0.0,0.0,0.0,0.3333333333333333,1.0,0,0,0.15018933965983913,Low
Paraguay,2019,0,0,0,0.0,1.0,0.0,0.6666666666666666,-1.0,0,0,0.21450515299978615,Low
Paraguay,2020,1,1,0,0.0,0.0,0.0,0.3333333333333333,1.0,0,0,0.15018933965983913,Low
Paraguay,2021,4,1,0,0.0,1.0,0.0,0.6666666666666666,0.0,0,0,0.24108914468136775,Low
Paraguay,2022,0,0,0,0.0,4.0,0.0,1.6666666666666667,-1.0,0,0,0.1681815742013067,Low
Paraguay,2023,0,0,0,0.0,0.0,0.0,1.6666666666666667,0.0,0,0,0.200987836760613,Low
Peru,1989,1945,172,1,0.0,0.0,0.0,0.0,0.0,1,1,0.8223020940359717,Critical
Peru,1990,1228,140,1,1.0,1945.0,1.0,1945.0,-32.0,2,1,0.9486131726604723,Critical
Peru,1991,1350,122,1,1.0,1228.0,1.0,1586.5,-18.0,3,1,0.9649923754351454,Critical
Peru,1992,1195,128,1,1.0,1350.0,1.0,1507.6666666666667,6.0,4,1,0.978219021654627,Critical
Peru,1993,779,72,1,1.0,1195.0,1.0,1257.6666666666667,-56.0,5,1,0.9785692903752861,Critical
Peru,1994,369,35,1,1.0,779.0,1.0,1108.0,-37.0,6,1,0.9817154911466456,Critical
Peru,1995,274,41,1,1.0,369.0,1.0,781.0,6.0,7,1,0.991316121104648,Critical
Peru,1996,105,25,1,1.0,274.0,1.0,474.0,-16.0,8,1,0.9849734722487039,Critical
Peru,1997,116,19,1,1.0,105.0,1.0,249.33333333333331,-6.0,9,1,0.968485450394227,Critical
Peru,1998,33,9,1,1.0,116.0,1.0,165.0,-10.0,10,1,0.9486408326364466,Critical
Peru,1999,89,16,1,1.0,33.0,1.0,84.66666666666667,7.0,11,0,0.4519412237880302,Medium
Peru,2000,5,4,0,1.0,89.0,1.0,79.33333333333333,-12.0,0,0,0.40629707087124994,Medium
Peru,2001,21,3,0,0.0,5.0,0.6666666666666666,42.333333333333336,-1.0,0,0,0.2402180465940204,Low
Peru,2002,13,6,0,0.0,21.0,0.3333333333333333,38.333333333333336,3.0,0,0,0.4873116785897627,Medium
Peru,2003,13,4,0,0.0,13.0,0.0,13.0,-2.0,0,0,0.33631852062629913,Medium
Peru,2004,3,2,0,0.0,13.0,0.0,15.666666666666666,-2.0,0,0,0.33379371319445306,Medium
Peru,2005,0,1,0,0.0,3.0,0.0,9.666666666666666,-1.0,0,0,0.2234891508200217,Low
Peru,2006,11,3,0,0.0,0.0,0.0,5.333333333333333,2.0,0,1,0.6219724668322357,High
Peru,2007,32,9,1,0.0,11.0,0.0,4.666666666666667,6.0,1,1,0.703964427723112,High
Peru,2008,40,13,1,1.0,32.0,0.3333333333333333,14.333333333333334,4.0,2,1,0.6493927450259824,High
Peru,2009,54,13,1,1.0,40.0,0.6666666666666666,27.666666666666668,0.0,3,1,0.7139990505215494,High
Peru,2010,29,13,1,1.0,54.0,1.0,42.0,0.0,4,0,0.5787081408622687,High
Peru,2011,15,11,0,1.0,29.0,1.0,41.0,-2.0,0,0,0.4048773531455566,Medium
Peru,2012,0,0,0,0.0,15.0,0.6666666666666666,32.666666666666664,-11.0,0,0,0.17153441930757626,Low
Peru,2013,3,1,0,0.0,0.0,0.3333333333333333,14.666666666666666,1.0,0,0,0.08272767300170639,Low
Peru,2014,14,8,0,0.0,3.0,0.0,6.0,7.0,0,0,0.32400042355019293,Medium
Peru,2015,9,4,0,0.0,14.0,0.0,5.666666666666667,-4.0,0,0,0.11695100887955431,Low
Peru,2016,11,2,0,0.0,9.0,0.0,8.666666666666666,-2.0,0,0,0.2143823948530264,Low
Peru,2017,7,2,0,0.0,11.0,0.0,11.333333333333334,0.0,0,0,0.3581830127733304,Medium
Peru,2018,0,0,0,0.0,7.0,0.0,9.0,-2.0,0,0,0.22134772464509136,Low
Peru,2019,2,1,0,0.0,0.0,0.0,6.0,1.0,0,0,0.2917831749022044,Medium
Peru,2020,11,3,0,0.0,2.0,0.0,3.0,2.0,0,0,0.4126265684219088,Medium
Peru,2021,20,3,0,0.0,11.0,0.0,4.333333333333333,0.0,0,0,0.33699134977906925,Medium
Peru,2022,14,3,0,0.0,20.0,0.0,11.0,0.0,0,0,0.3208084680963756,Medium
Peru,2023,12,2,0,0.0,14.0,0.0,15.0,-1.0,0,0,0.37588217922871114,Medium
Philippines,1989,984,136,1,0.0,0.0,0.0,0.0,0.0,1,1,0.8223020940359717,Critical
Philippines,1990,1362,128,1,1.0,984.0,1.0,984.0,-8.0,2,1,0.9434762122606164,Critical
Philippines,1991,1549,113,1,1.0,1362.0,1.0,1173.0,-15.0,3,1,0.9651914053819067,Critical
Philippines,1992,445,59,1,1.0,1549.0,1.0,1298.3333333333333,-54.0,4,1,0.9494583364381204,Critical
Philippines,1993,318,45,1,1.0,445.0,1.0,1118.6666666666667,-14.0,5,1,0.9835694856605319,Critical
Philippines,1994,308,40,1,1.0,318.0,1.0,770.6666666666666,-5.0,6,1,0.9848105462605948,Critical
Philippines,1995,188,18,1,1.0,308.0,1.0,357.0,-22.0,7,1,0.9852306907622996,Critical
Philippines,1996,199,26,1,1.0,188.0,1.0,271.3333333333333,8.0,8,1,0.9520666869804425,Critical
Philippines,1997,322,40,1,1.0,199.0,1.0,231.66666666666663,14.0,9,1,0.9923867703970789,Critical
Philippines,1998,138,23,1,1.0,322.0,1.0,236.33333333333331,-17.0,10,1,0.9808879074009776,Critical
Philippines,1999,219,48,1,1.0,138.0,1.0,219.66666666666663,25.0,11,1,0.9696283328984958,Critical
Philippines,2000,1761,171,1,1.0,219.0,1.0,226.33333333333331,123.0,12,1,0.9806565998673212,Critical
Philippines,2001,1053,144,1,1.0,1761.0,1.0,706.0,-27.0,13,1,0.9754864730260264,Critical
Philippines,2002,763,211,1,1.0,1053.0,1.0,1011.0,67.0,14,1,0.9968570023417068,Critical
Philippines,2003,1134,152,1,1.0,763.0,1.0,1192.3333333333333,-59.0,15,1,0.9881908365899779,Critical
Philippines,2004,471,136,1,1.0,1134.0,1.0,983.3333333333334,-16.0,16,1,0.9823085655865295,Critical
Philippines,2005,487,124,1,1.0,471.0,1.0,789.3333333333334,-12.0,17,1,0.9887691358280037,Critical
Philippines,2006,434,131,1,1.0,487.0,1.0,697.3333333333334,7.0,18,1,0.9916758262276485,Critical
Philippines,2007,483,103,1,1.0,434.0,1.0,464.0,-28.0,19,1,0.9890685529574597,Critical
Philippines,2008,566,182,1,1.0,483.0,1.0,468.0,79.0,20,1,0.9978348447090414,Critical
Philippines,2009,1048,155,1,1.0,566.0,1.0,494.3333333333333,-27.0,21,1,0.9851839395423565,Critical
Philippines,2010,372,119,1,1.0,1048.0,1.0,699.0,-36.0,22,1,0.9862938972361726,Critical
Philippines,2011,414,149,1,1.0,372.0,1.0,662.0,30.0,23,1,0.99803846363477,Critical
Philippines,2012,311,109,1,1.0,414.0,1.0,611.3333333333334,-40.0,24,1,0.9884212055161441,Critical
Philippines,2013,537,139,1,1.0,311.0,1.0,365.6666666666667,30.0,25,1,0.9942112873279715,Critical
Philippines,2014,484,149,1,1.0,537.0,1.0,420.6666666666667,10.0,26,1,0.9961072986410859,Critical
Philippines,2015,628,203,1,1.0,484.0,1.0,444.0,54.0,27,1,0.9980429432091713,Critical
Philippines,2016,616,168,1,1.0,628.0,1.0,549.6666666666666,-35.0,28,1,0.9893352450627722,Critical
Philippines,2017,1713,267,1,1.0,616.0,1.0,576.0,99.0,29,1,0.9982577992820207,Critical
Philippines,2018,436,123,1,1.0,1713.0,1.0,985.6666666666666,-144.0,30,1,0.9876455070222534,Critical
Philippines,2019,364,130,1,1.0,436.0,1.0,921.6666666666666,7.0,31,1,0.9895827745909391,Critical
Philippines,2020,376,158,1,1.0,364.0,1.0,837.6666666666666,28.0,32,1,0.98636040157772,Critical
Philippines,2021,310,143,1,1.0,376.0,1.0,392.0,-15.0,33,1,0.9891338512311098,Critical
Philippines,2022,247,128,1,1.0,310.0,1.0,350.0,-15.0,34,1,0.9892609045182988,Critical
Philippines,2023,269,117,1,1.0,247.0,1.0,311.0,-11.0,35,1,0.9769730722791129,Critical
Poland,1989,0,0,0,0.0,0.0,0.0,0.0,0.0,0,0,0.07155524891198818,Low
Poland,1990,0,0,0,0.0,0.0,0.0,0.0,0.0,0,0,0.07155524891198818,Low
Poland,1991,0,0,0,0.0,0.0,0.0,0.0,0.0,0,0,0.07155524891198818,Low
Poland,1992,0,0,0,0.0,0.0,0.0,0.0,0.0,0,0,0.07155524891198818,Low
Poland,1993,0,0,0,0.0,0.0,0.0,0.0,0.0,0,0,0.07155524891198818,Low
Poland,1994,0,0,0,0.0,0.0,0.0,0.0,0.0,0,0,0.07155524891198818,Low
Poland,1995,0,0,0,0.0,0.0,0.0,0.0,0.0,0,0,0.07155524891198818,Low
Poland,1996,0,0,0,0.0,0.0,0.0,0.0,0.0,0,0,0.07155524891198818,Low
Poland,1997,0,0,0,0.0,0.0,0.0,0.0,0.0,0,0,0.07155524891198818,Low
Poland,1998,0,0,0,0.0,0.0,0.0,0.0,0.0,0,0,0.07155524891198818,Low
Poland,1999,0,0,0,0.0,0.0,0.0,0.0,0.0,0,0,0.07155524891198818,Low
Poland,2000,0,0,0,0.0,0.0,0.0,0.0,0.0,0,0,0.07155524891198818,Low
Poland,2001,0,0,0,0.0,0.0,0.0,0.0,0.0,0,0,0.07155524891198818,Low
Poland,2002,0,0,0,0.0,0.0,0.0,0.0,0.0,0,0,0.07155524891198818,Low
Poland,2003,0,0,0,0.0,0.0,0.0,0.0,0.0,0,0,0.07155524891198818,Low
Poland,2004,0,0,0,0.0,0.0,0.0,0.0,0.0,0,0,0.07155524891198818,Low
Poland,2005,0,0,0,0.0,0.0,0.0,0.0,0.0,0,0,0.07155524891198818,Low
Poland,2006,0,0,0,0.0,0.0,0.0,0.0,0.0,0,0,0.07155524891198818,Low
Poland,2007,0,0,0,0.0,0.0,0.0,0.0,0.0,0,0,0.07155524891198818,Low
Poland,2008,0,0,0,0.0,0.0,0.0,0.0,0.0,0,0,0.07155524891198818,Low
Poland,2009,0,0,0,0.0,0.0,0.0,0.0,0.0,0,0,0.07155524891198818,Low
Poland,2010,0,0,0,0.0,0.0,0.0,0.0,0.0,0,0,0.07155524891198818,Low
Poland,2011,0,0,0,0.0,0.0,0.0,0.0,0.0,0,0,0.07155524891198818,Low
Poland,2012,0,0,0,0.0,0.0,0.0,0.0,0.0,0,0,0.07155524891198818,Low
Poland,2013,0,0,0,0.0,0.0,0.0,0.0,0.0,0,0,0.07155524891198818,Low
Poland,2014,0,0,0,0.0,0.0,0.0,0.0,0.0,0,0,0.07155524891198818,Low
Poland,2015,0,0,0,0.0,0.0,0.0,0.0,0.0,0,0,0.07155524891198818,Low
Poland,2016,0,0,0,0.0,0.0,0.0,0.0,0.0,0,0,0.07155524891198818,Low
Poland,2017,0,0,0,0.0,0.0,0.0,0.0,0.0,0,0,0.07155524891198818,Low
Poland,2018,0,0,0,0.0,0.0,0.0,0.0,0.0,0,0,0.07155524891198818,Low
Poland,2019,0,0,0,0.0,0.0,0.0,0.0,0.0,0,0,0.07155524891198818,Low
Poland,2020,0,0,0,0.0,0.0,0.0,0.0,0.0,0,0,0.07155524891198818,Low
Poland,2021,0,0,0,0.0,0.0,0.0,0.0,0.0,0,0,0.07155524891198818,Low
Poland,2022,2,1,0,0.0,0.0,0.0,0.0,1.0,0,0,0.2020203200114487,Low
Poland,2023,0,0,0,0.0,2.0,0.0,0.6666666666666666,-1.0,0,0,0.24111742643615458,Low
Qatar,1989,0,0,0,0.0,0.0,0.0,0.0,0.0,0,0,0.07155524891198818,Low
Qatar,1990,0,0,0,0.0,0.0,0.0,0.0,0.0,0,0,0.07155524891198818,Low
Qatar,1991,0,0,0,0.0,0.0,0.0,0.0,0.0,0,0,0.07155524891198818,Low
Qatar,1992,0,0,0,0.0,0.0,0.0,0.0,0.0,0,0,0.07155524891198818,Low
Qatar,1993,0,0,0,0.0,0.0,0.0,0.0,0.0,0,0,0.07155524891198818,Low
Qatar,1994,0,0,0,0.0,0.0,0.0,0.0,0.0,0,0,0.07155524891198818,Low
Qatar,1995,0,0,0,0.0,0.0,0.0,0.0,0.0,0,0,0.07155524891198818,Low
Qatar,1996,0,0,0,0.0,0.0,0.0,0.0,0.0,0,0,0.07155524891198818,Low
Qatar,1997,0,0,0,0.0,0.0,0.0,0.0,0.0,0,0,0.07155524891198818,Low
Qatar,1998,0,0,0,0.0,0.0,0.0,0.0,0.0,0,0,0.07155524891198818,Low
Qatar,1999,0,0,0,0.0,0.0,0.0,0.0,0.0,0,0,0.07155524891198818,Low
Qatar,2000,0,0,0,0.0,0.0,0.0,0.0,0.0,0,0,0.07155524891198818,Low
Qatar,2001,0,0,0,0.0,0.0,0.0,0.0,0.0,0,0,0.07155524891198818,Low
Qatar,2002,0,0,0,0.0,0.0,0.0,0.0,0.0,0,0,0.07155524891198818,Low
Qatar,2003,0,0,0,0.0,0.0,0.0,0.0,0.0,0,0,0.07155524891198818,Low
Qatar,2004,0,1,0,0.0,0.0,0.0,0.0,1.0,0,0,0.2020203200114487,Low
Qatar,2005,0,0,0,0.0,0.0,0.0,0.0,-1.0,0,0,0.1307577716278981,Low
Qatar,2006,0,0,0,0.0,0.0,0.0,0.0,0.0,0,0,0.07155524891198818,Low
Qatar,2007,0,0,0,0.0,0.0,0.0,0.0,0.0,0,0,0.07155524891198818,Low
Qatar,2008,0,0,0,0.0,0.0,0.0,0.0,0.0,0,0,0.07155524891198818,Low
Qatar,2009,0,0,0,0.0,0.0,0.0,0.0,0.0,0,0,0.07155524891198818,Low
Qatar,2010,0,0,0,0.0,0.0,0.0,0.0,0.0,0,0,0.07155524891198818,Low
Qatar,2011,0,0,0,0.0,0.0,0.0,0.0,0.0,0,0,0.07155524891198818,Low
Qatar,2012,0,0,0,0.0,0.0,0.0,0.0,0.0,0,0,0.07155524891198818,Low
Qatar,2013,0,0,0,0.0,0.0,0.0,0.0,0.0,0,0,0.07155524891198818,Low
Qatar,2014,0,0,0,0.0,0.0,0.0,0.0,0.0,0,0,0.07155524891198818,Low
Qatar,2015,0,0,0,0.0,0.0,0.0,0.0,0.0,0,0,0.07155524891198818,Low
Qatar,2016,0,0,0,0.0,0.0,0.0,0.0,0.0,0,0,0.07155524891198818,Low
Qatar,2017,0,0,0,0.0,0.0,0.0,0.0,0.0,0,0,0.07155524891198818,Low
Qatar,2018,0,0,0,0.0,0.0,0.0,0.0,0.0,0,0,0.07155524891198818,Low
Qatar,2019,0,0,0,0.0,0.0,0.0,0.0,0.0,0,0,0.07155524891198818,Low
Qatar,2020,0,0,0,0.0,0.0,0.0,0.0,0.0,0,0,0.07155524891198818,Low
Qatar,2021,0,0,0,0.0,0.0,0.0,0.0,0.0,0,0,0.07155524891198818,Low
Qatar,2022,0,0,0,0.0,0.0,0.0,0.0,0.0,0,0,0.07155524891198818,Low
Qatar,2023,0,0,0,0.0,0.0,0.0,0.0,0.0,0,0,0.07155524891198818,Low
Romania,1989,448,16,1,0.0,0.0,0.0,0.0,0.0,1,0,0.8223020940359717,Critical
Romania,1990,0,0,0,1.0,448.0,1.0,448.0,-16.0,0,0,0.36313481318198,Medium
Romania,1991,0,0,0,0.0,0.0,0.5,224.0,0.0,0,0,0.027830374665299282,Low
Romania,1992,0,0,0,0.0,0.0,0.3333333333333333,149.33333333333334,0.0,0,0,0.043787219568293276,Low
Romania,1993,0,0,0,0.0,0.0,0.0,0.0,0.0,0,0,0.07155524891198818,Low
Romania,1994,0,0,0,0.0,0.0,0.0,0.0,0.0,0,0,0.07155524891198818,Low
Romania,1995,0,0,0,0.0,0.0,0.0,0.0,0.0,0,0,0.07155524891198818,Low
Romania,1996,0,0,0,0.0,0.0,0.0,0.0,0.0,0,0,0.07155524891198818,Low
Romania,1997,0,0,0,0.0,0.0,0.0,0.0,0.0,0,0,0.07155524891198818,Low
Romania,1998,0,0,0,0.0,0.0,0.0,0.0,0.0,0,0,0.07155524891198818,Low
Romania,1999,0,0,0,0.0,0.0,0.0,0.0,0.0,0,0,0.07155524891198818,Low
Romania,2000,0,0,0,0.0,0.0,0.0,0.0,0.0,0,0,0.07155524891198818,Low
Romania,2001,0,0,0,0.0,0.0,0.0,0.0,0.0,0,0,0.07155524891198818,Low
Romania,2002,0,0,0,0.0,0.0,0.0,0.0,0.0,0,0,0.07155524891198818,Low
Romania,2003,0,0,0,0.0,0.0,0.0,0.0,0.0,0,0,0.07155524891198818,Low
Romania,2004,0,0,0,0.0,0.0,0.0,0.0,0.0,0,0,0.07155524891198818,Low
Romania,2005,0,0,0,0.0,0.0,0.0,0.0,0.0,0,0,0.07155524891198818,Low
Romania,2006,0,0,0,0.0,0.0,0.0,0.0,0.0,0,0,0.07155524891198818,Low
Romania,2007,0,0,0,0.0,0.0,0.0,0.0,0.0,0,0,0.07155524891198818,Low
Romania,2008,0,0,0,0.0,0.0,0.0,0.0,0.0,0,0,0.07155524891198818,Low
Romania,2009,0,0,0,0.0,0.0,0.0,0.0,0.0,0,0,0.07155524891198818,Low
Romania,2010,0,0,0,0.0,0.0,0.0,0.0,0.0,0,0,0.07155524891198818,Low
Romania,2011,0,0,0,0.0,0.0,0.0,0.0,0.0,0,0,0.07155524891198818,Low
Romania,2012,0,0,0,0.0,0.0,0.0,0.0,0.0,0,0,0.07155524891198818,Low
Romania,2013,0,0,0,0.0,0.0,0.0,0.0,0.0,0,0,0.07155524891198818,Low
Romania,2014,0,0,0,0.0,0.0,0.0,0.0,0.0,0,0,0.07155524891198818,Low
Romania,2015,0,0,0,0.0,0.0,0.0,0.0,0.0,0,0,0.07155524891198818,Low
Romania,2016,0,0,0,0.0,0.0,0.0,0.0,0.0,0,0,0.07155524891198818,Low
Romania,2017,0,0,0,0.0,0.0,0.0,0.0,0.0,0,0,0.07155524891198818,Low
Romania,2018,0,0,0,0.0,0.0,0.0,0.0,0.0,0,0,0.07155524891198818,Low
Romania,2019,0,0,0,0.0,0.0,0.0,0.0,0.0,0,0,0.07155524891198818,Low
Romania,2020,0,0,0,0.0,0.0,0.0,0.0,0.0,0,0,0.07155524891198818,Low
Romania,2021,0,0,0,0.0,0.0,0.0,0.0,0.0,0,0,0.07155524891198818,Low
Romania,2022,0,0,0,0.0,0.0,0.0,0.0,0.0,0,0,0.07155524891198818,Low
Romania,2023,0,0,0,0.0,0.0,0.0,0.0,0.0,0,0,0.07155524891198818,Low
Russia (Soviet Union),1989,160,6,1,0.0,0.0,0.0,0.0,0.0,1,1,0.8223020940359717,Critical
Russia (Soviet Union),1990,393,28,1,1.0,160.0,1.0,160.0,22.0,2,1,0.9485080771726272,Critical
Russia (Soviet Union),1991,340,56,1,1.0,393.0,1.0,276.5,28.0,3,0,0.7506325257686117,Critical
Russia (Soviet Union),1992,1,1,0,1.0,340.0,1.0,297.6666666666667,-55.0,0,1,0.5492966352735019,High
Russia (Soviet Union),1993,145,12,1,0.0,1.0,0.6666666666666666,244.66666666666663,11.0,1,1,0.8521445407917735,Critical
Russia (Soviet Union),1994,485,31,1,1.0,145.0,0.6666666666666666,162.0,19.0,2,1,0.9474994623405306,Critical
Russia (Soviet Union),1995,1910,205,1,1.0,485.0,0.6666666666666666,210.33333333333331,174.0,3,1,0.9853611268841058,Critical
Russia (Soviet Union),1996,2764,147,1,1.0,1910.0,1.0,846.6666666666666,-58.0,4,0,0.8684768326238977,Critical
Russia (Soviet Union),1997,13,5,0,1.0,2764.0,1.0,1719.6666666666667,-142.0,0,0,0.33142404078866394,Medium
Russia (Soviet Union),1998,7,3,0,0.0,13.0,0.6666666666666666,1562.3333333333333,-2.0,0,1,0.5916239023449396,High
Russia (Soviet Union),1999,6197,68,1,0.0,7.0,0.3333333333333333,928.0,65.0,1,1,0.8231825956032162,Critical
Russia (Soviet Union),2000,4333,176,1,1.0,6197.0,0.3333333333333333,2072.333333333333,108.0,2,1,0.8864256422307678,Critical
Russia (Soviet Union),2001,992,159,1,1.0,4333.0,0.6666666666666666,3512.333333333333,-17.0,3,1,0.9175142652236985,Critical
Russia (Soviet Union),2002,1508,388,1,1.0,992.0,1.0,3840.6666666666665,229.0,4,1,0.9823591122395116,Critical
Russia (Soviet Union),2003,548,73,1,1.0,1508.0,1.0,2277.6666666666665,-315.0,5,1,0.9812909637160587,Critical
Russia (Soviet Union),2004,1317,253,1,1.0,548.0,1.0,1016.0,180.0,6,1,0.997073490753538,Critical
Russia (Soviet Union),2005,688,247,1,1.0,1317.0,1.0,1124.3333333333333,-6.0,7,1,0.9821532426527112,Critical
Russia (Soviet Union),2006,260,152,1,1.0,688.0,1.0,851.0,-95.0,8,1,0.9811386740856098,Critical
Russia (Soviet Union),2007,182,145,1,1.0,260.0,1.0,755.0,-7.0,9,1,0.9826122710687267,Critical
Russia (Soviet Union),2008,410,192,1,1.0,182.0,1.0,376.6666666666667,47.0,10,1,0.9964514895477433,Critical
Russia (Soviet Union),2009,698,315,1,1.0,410.0,1.0,284.0,123.0,11,1,0.995646412569725,Critical
Russia (Soviet Union),2010,481,245,1,1.0,698.0,1.0,430.0,-70.0,12,1,0.9843310148283164,Critical
Russia (Soviet Union),2011,396,241,1,1.0,481.0,1.0,529.6666666666666,-4.0,13,1,0.9759739640338135,Critical
Russia (Soviet Union),2012,525,223,1,1.0,396.0,1.0,525.0,-18.0,14,1,0.9842253825419838,Critical
Russia (Soviet Union),2013,365,179,1,1.0,525.0,1.0,467.3333333333333,-44.0,15,1,0.9869070922472518,Critical
Russia (Soviet Union),2014,176,76,1,1.0,365.0,1.0,428.6666666666667,-103.0,16,1,0.9869713399279025,Critical
Russia (Soviet Union),2015,86,31,1,1.0,176.0,1.0,355.3333333333333,-45.0,17,1,0.9794244721857976,Critical
Russia (Soviet Union),2016,78,29,1,1.0,86.0,1.0,209.0,-2.0,18,1,0.9748295101863617,Critical
Russia (Soviet Union),2017,53,28,1,1.0,78.0,1.0,113.33333333333331,-1.0,19,1,0.9357553185465559,Critical
Russia (Soviet Union),2018,38,21,1,1.0,53.0,1.0,72.33333333333333,-7.0,20,1,0.7704123699397157,Critical
Russia (Soviet Union),2019,26,12,1,1.0,38.0,1.0,56.333333333333336,-9.0,21,1,0.8133417328407669,Critical
Russia (Soviet Union),2020,33,18,1,1.0,26.0,1.0,39.0,6.0,22,0,0.41680055370370783,Medium
Russia (Soviet Union),2021,2,2,0,1.0,33.0,1.0,32.333333333333336,-16.0,0,1,0.5803034108739031,High
Russia (Soviet Union),2022,67,32,1,0.0,2.0,0.6666666666666666,20.33333333333333,30.0,1,1,0.8086381117833025,Critical
Russia (Soviet Union),2023,204,87,1,1.0,67.0,0.6666666666666666,34.0,55.0,2,1,0.9631566218585577,Critical
Rwanda,1989,0,0,0,0.0,0.0,0.0,0.0,0.0,0,1,0.07155524891198818,Low
Rwanda,1990,2647,37,1,0.0,0.0,0.0,0.0,37.0,1,1,0.6850296798065619,High
Rwanda,1991,1102,38,1,1.0,2647.0,0.5,1323.5,1.0,2,1,0.8560401031169306,Critical
Rwanda,1992,647,32,1,1.0,1102.0,0.6666666666666666,1249.6666666666667,-6.0,3,1,0.9310775284949068,Critical
Rwanda,1993,977,42,1,1.0,647.0,1.0,1465.3333333333333,10.0,4,1,0.9889965193539229,Critical
Rwanda,1994,772463,2119,1,1.0,977.0,1.0,908.6666666666666,2077.0,5,1,0.994596802694052,Critical
Rwanda,1995,4232,17,1,1.0,772463.0,1.0,258029.0,-2102.0,6,1,0.9789036973256827,Critical
Rwanda,1996,876,41,1,1.0,4232.0,1.0,259224.0,24.0,7,1,0.9964470212147046,Critical
Rwanda,1997,7201,131,1,1.0,876.0,1.0,259190.3333333333,90.0,8,1,0.9954116313017451,Critical
Rwanda,1998,1774,67,1,1.0,7201.0,1.0,4103.0,-64.0,9,1,0.9833267478750186,Critical
Rwanda,1999,29,1,1,1.0,1774.0,1.0,3283.6666666666665,-66.0,10,0,0.9542847955599562,Critical
Rwanda,2000,0,0,0,1.0,29.0,1.0,3001.333333333333,-1.0,0,1,0.7145528336838253,High
Rwanda,2001,2044,22,1,0.0,0.0,0.6666666666666666,601.0,22.0,1,0,0.2906997319440744,Medium
Rwanda,2002,0,0,0,1.0,2044.0,0.6666666666666666,691.0,-22.0,0,0,0.1733486010906413,Low
Rwanda,2003,0,0,0,0.0,0.0,0.3333333333333333,681.3333333333334,0.0,0,0,0.043719188829118114,Low
Rwanda,2004,16,1,0,0.0,0.0,0.3333333333333333,681.3333333333334,1.0,0,0,0.045094735318721095,Low
Rwanda,2005,0,0,0,0.0,16.0,0.0,5.333333333333333,-1.0,0,0,0.2949260656096258,Medium
Rwanda,2006,0,0,0,0.0,0.0,0.0,5.333333333333333,0.0,0,0,0.17384964231551378,Low
Rwanda,2007,0,0,0,0.0,0.0,0.0,5.333333333333333,0.0,0,0,0.17384964231551378,Low
Rwanda,2008,0,0,0,0.0,0.0,0.0,0.0,0.0,0,0,0.07155524891198818,Low
Rwanda,2009,2,1,0,0.0,0.0,0.0,0.0,1.0,0,0,0.2020203200114487,Low
Rwanda,2010,0,0,0,0.0,2.0,0.0,0.6666666666666666,-1.0,0,0,0.24111742643615458,Low
Rwanda,2011,0,1,0,0.0,0.0,0.0,0.6666666666666666,1.0,0,0,0.24278435864316042,Low
Rwanda,2012,13,4,0,0.0,0.0,0.0,0.6666666666666666,3.0,0,0,0.33382650957118654,Medium
Rwanda,2013,4,3,0,0.0,13.0,0.0,4.333333333333333,-1.0,0,0,0.28754551273620366,Medium
Rwanda,2014,0,0,0,0.0,4.0,0.0,5.666666666666667,-3.0,0,0,0.23637465366189572,Low
Rwanda,2015,0,0,0,0.0,0.0,0.0,5.666666666666667,0.0,0,1,0.19851335618628949,Low
Rwanda,2016,27,26,1,0.0,0.0,0.0,1.3333333333333333,26.0,1,0,0.6735710975250391,High
Rwanda,2017,10,9,0,1.0,27.0,0.3333333333333333,9.0,-17.0,0,0,0.3077719410799537,Medium
Rwanda,2018,18,4,0,0.0,10.0,0.3333333333333333,12.333333333333334,-5.0,0,0,0.12164129933295356,Low
Rwanda,2019,19,1,0,0.0,18.0,0.3333333333333333,18.33333333333333,-3.0,0,0,0.23569910375024833,Low
Rwanda,2020,0,0,0,0.0,19.0,0.0,15.666666666666666,-1.0,0,0,0.33978643152100696,Medium
Rwanda,2021,7,2,0,0.0,0.0,0.0,12.333333333333334,2.0,0,0,0.5725841956695911,High
Rwanda,2022,8,3,0,0.0,7.0,0.0,8.666666666666666,1.0,0,0,0.38165639412719277,Medium
Rwanda,2023,0,0,0,0.0,8.0,0.0,5.0,-3.0,0,0,0.15532130932869181,Low
Saudi Arabia,1989,0,0,0,0.0,0.0,0.0,0.0,0.0,0,0,0.07155524891198818,Low
Saudi Arabia,1990,0,0,0,0.0,0.0,0.0,0.0,0.0,0,1,0.07155524891198818,Low
Saudi Arabia,1991,91,4,1,0.0,0.0,0.0,0.0,4.0,1,0,0.4521018138551865,Medium
Saudi Arabia,1992,0,0,0,1.0,91.0,0.3333333333333333,30.33333333333333,-4.0,0,0,0.15857955491909534,Low
Saudi Arabia,1993,0,0,0,0.0,0.0,0.3333333333333333,30.33333333333333,0.0,0,0,0.03843661575287774,Low
Saudi Arabia,1994,0,0,0,0.0,0.0,0.3333333333333333,30.33333333333333,0.0,0,0,0.03843661575287774,Low
Saudi Arabia,1995,0,0,0,0.0,0.0,0.0,0.0,0.0,0,0,0.07155524891198818,Low
Saudi Arabia,1996,0,0,0,0.0,0.0,0.0,0.0,0.0,0,0,0.07155524891198818,Low
Saudi Arabia,1997,0,0,0,0.0,0.0,0.0,0.0,0.0,0,0,0.07155524891198818,Low
Saudi Arabia,1998,0,0,0,0.0,0.0,0.0,0.0,0.0,0,0,0.07155524891198818,Low
Saudi Arabia,1999,0,0,0,0.0,0.0,0.0,0.0,0.0,0,0,0.07155524891198818,Low
Saudi Arabia,2000,0,0,0,0.0,0.0,0.0,0.0,0.0,0,0,0.07155524891198818,Low
Saudi Arabia,2001,0,0,0,0.0,0.0,0.0,0.0,0.0,0,0,0.07155524891198818,Low
Saudi Arabia,2002,0,0,0,0.0,0.0,0.0,0.0,0.0,0,1,0.07155524891198818,Low
Saudi Arabia,2003,26,2,1,0.0,0.0,0.0,0.0,2.0,1,1,0.6756032947779685,High
Saudi Arabia,2004,91,41,1,1.0,26.0,0.3333333333333333,8.666666666666666,39.0,2,1,0.9183759721663878,Critical
Saudi Arabia,2005,31,17,1,1.0,91.0,0.6666666666666666,39.0,-24.0,3,0,0.5355074420014526,High
Saudi Arabia,2006,11,3,0,1.0,31.0,1.0,49.333333333333336,-14.0,0,0,0.44006291376417994,Medium
Saudi Arabia,2007,2,2,0,0.0,11.0,0.6666666666666666,44.333333333333336,-1.0,0,0,0.3679093247871427,Medium
Saudi Arabia,2008,0,0,0,0.0,2.0,0.3333333333333333,14.666666666666666,-2.0,0,0,0.16875814548836995,Low
Saudi Arabia,2009,0,0,0,0.0,0.0,0.0,4.333333333333333,0.0,0,0,0.15750995417760832,Low
Saudi Arabia,2010,0,0,0,0.0,0.0,0.0,0.6666666666666666,0.0,0,0,0.11405812144190554,Low
Saudi Arabia,2011,0,0,0,0.0,0.0,0.0,0.0,0.0,0,0,0.07155524891198818,Low
Saudi Arabia,2012,0,0,0,0.0,0.0,0.0,0.0,0.0,0,0,0.07155524891198818,Low
Saudi Arabia,2013,0,0,0,0.0,0.0,0.0,0.0,0.0,0,0,0.07155524891198818,Low
Saudi Arabia,2014,0,0,0,0.0,0.0,0.0,0.0,0.0,0,1,0.07155524891198818,Low
Saudi Arabia,2015,113,40,1,0.0,0.0,0.0,0.0,40.0,1,1,0.6223841675548478,High
Saudi Arabia,2016,125,33,1,1.0,113.0,0.3333333333333333,37.66666666666666,-7.0,2,1,0.6808702584662191,High
Saudi Arabia,2017,45,7,1,1.0,125.0,0.6666666666666666,79.33333333333333,-26.0,3,0,0.4791943319054701,Medium
Saudi Arabia,2018,11,8,0,1.0,45.0,1.0,94.33333333333331,1.0,0,0,0.6998242758686759,High
Saudi Arabia,2019,6,7,0,0.0,11.0,0.6666666666666666,60.333333333333336,-1.0,0,0,0.42996394066033505,Medium
Saudi Arabia,2020,0,1,0,0.0,6.0,0.3333333333333333,20.666666666666668,-6.0,0,0,0.1298981665885989,Low
Saudi Arabia,2021,6,3,0,0.0,0.0,0.0,5.666666666666667,2.0,0,0,0.6224792935498764,High
Saudi Arabia,2022,0,0,0,0.0,6.0,0.0,4.0,-3.0,0,0,0.1231885809367045,Low
Saudi Arabia,2023,9,3,0,0.0,0.0,0.0,2.0,3.0,0,0,0.40236318828992007,Medium
Senegal,1989,121,11,1,0.0,0.0,0.0,0.0,0.0,1,1,0.8223020940359717,Critical
Senegal,1990,84,14,1,1.0,121.0,1.0,121.0,3.0,2,0,0.7014271893695777,High
Senegal,1991,16,7,0,1.0,84.0,1.0,102.5,-7.0,0,1,0.748727688913004,High
Senegal,1992,135,16,1,0.0,16.0,0.6666666666666666,73.66666666666667,9.0,1,1,0.7541867645126936,Critical
Senegal,1993,285,30,1,1.0,135.0,0.6666666666666666,78.33333333333333,14.0,2,0,0.6259373083953201,High
Senegal,1994,0,0,0,1.0,285.0,0.6666666666666666,145.33333333333334,-30.0,0,1,0.48665296432504174,Medium
Senegal,1995,329,39,1,0.0,0.0,0.6666666666666666,140.0,39.0,1,0,0.33216827686628,Medium
Senegal,1996,5,2,0,1.0,329.0,0.6666666666666666,204.66666666666663,-37.0,0,1,0.5868924134795334,High
Senegal,1997,366,32,1,0.0,5.0,0.3333333333333333,111.33333333333331,30.0,1,1,0.9611659220710815,Critical
Senegal,1998,343,31,1,1.0,366.0,0.6666666666666666,233.33333333333331,-1.0,2,1,0.9507671175437057,Critical
Senegal,1999,31,9,1,1.0,343.0,0.6666666666666666,238.0,-22.0,3,1,0.9529989249575076,Critical
Senegal,2000,56,23,1,1.0,31.0,1.0,246.66666666666663,14.0,4,1,0.8950929379338292,Critical
Senegal,2001,47,12,1,1.0,56.0,1.0,143.33333333333334,-11.0,5,1,0.6565235617656993,High
Senegal,2002,45,15,1,1.0,47.0,1.0,44.66666666666666,3.0,6,1,0.8239236615841484,Critical
Senegal,2003,39,5,1,1.0,45.0,1.0,49.333333333333336,-10.0,7,0,0.5496124065476949,High
Senegal,2004,3,1,0,1.0,39.0,1.0,43.66666666666666,-4.0,0,1,0.6219211812026176,High
Senegal,2005,46,2,1,0.0,3.0,0.6666666666666666,29.0,1.0,1,1,0.6766664043957661,High
Senegal,2006,126,4,1,1.0,46.0,0.6666666666666666,29.33333333333333,2.0,2,0,0.5600453852852156,High
Senegal,2007,0,0,0,1.0,126.0,0.6666666666666666,58.333333333333336,-4.0,0,0,0.42745236069657494,Medium
Senegal,2008,11,3,0,0.0,0.0,0.6666666666666666,57.333333333333336,3.0,0,0,0.11778747457512063,Low
Senegal,2009,19,11,0,0.0,11.0,0.3333333333333333,45.66666666666666,8.0,0,0,0.576461850574429,High
Senegal,2010,19,9,0,0.0,19.0,0.0,10.0,-2.0,0,1,0.34882023296430514,Medium
Senegal,2011,37,14,1,0.0,19.0,0.0,16.333333333333332,5.0,1,0,0.5591438570744981,High
Senegal,2012,23,10,0,1.0,37.0,0.3333333333333333,25.0,-4.0,0,0,0.14436075746026944,Low
Senegal,2013,8,4,0,0.0,23.0,0.3333333333333333,26.33333333333333,-6.0,0,0,0.22621267598373984,Low
Senegal,2014,0,0,0,0.0,8.0,0.3333333333333333,22.666666666666668,-4.0,0,0,0.11786430456853282,Low
Senegal,2015,0,0,0,0.0,0.0,0.0,10.333333333333334,0.0,0,0,0.17107759681406495,Low
Senegal,2016,0,0,0,0.0,0.0,0.0,2.6666666666666665,0.0,0,0,0.1521610815065023,Low
Senegal,2017,0,0,0,0.0,0.0,0.0,0.0,0.0,0,0,0.07155524891198818,Low
Senegal,2018,1,1,0,0.0,0.0,0.0,0.0,1.0,0,0,0.2020203200114487,Low
Senegal,2019,0,0,0,0.0,1.0,0.0,0.3333333333333333,-1.0,0,0,0.20646866026789099,Low
Senegal,2020,0,1,0,0.0,0.0,0.0,0.3333333333333333,1.0,0,0,0.15018933965983913,Low
Senegal,2021,0,2,0,0.0,0.0,0.0,0.3333333333333333,1.0,0,0,0.15018933965983913,Low
Senegal,2022,0,0,0,0.0,0.0,0.0,0.0,-2.0,0,0,0.043319662830865205,Low
Senegal,2023,0,0,0,0.0,0.0,0.0,0.0,0.0,0,0,0.07155524891198818,Low
Serbia (Yugoslavia),1989,0,0,0,0.0,0.0,0.0,0.0,0.0,0,0,0.07155524891198818,Low
Serbia (Yugoslavia),1990,0,0,0,0.0,0.0,0.0,0.0,0.0,0,1,0.07155524891198818,Low
Serbia (Yugoslavia),1991,3295,250,1,0.0,0.0,0.0,0.0,250.0,1,1,0.6239995679896014,High
Serbia (Yugoslavia),1992,1868,387,1,1.0,3295.0,0.3333333333333333,1098.3333333333333,137.0,2,0,0.38706487089389485,Medium
Serbia (Yugoslavia),1993,0,0,0,1.0,1868.0,0.6666666666666666,1721.0,-387.0,0,0,0.13227480158912067,Low
Serbia (Yugoslavia),1994,0,0,0,0.0,0.0,0.6666666666666666,1721.0,0.0,0,0,0.11263684074998419,Low
Serbia (Yugoslavia),1995,0,2,0,0.0,0.0,0.3333333333333333,622.6666666666666,2.0,0,0,0.15048305173572063,Low
Serbia (Yugoslavia),1996,2,3,0,0.0,0.0,0.0,0.0,1.0,0,0,0.2020203200114487,Low
Serbia (Yugoslavia),1997,9,5,0,0.0,2.0,0.0,0.6666666666666666,2.0,0,1,0.5423168383211467,High
Serbia (Yugoslavia),1998,1446,221,1,0.0,9.0,0.0,3.6666666666666665,216.0,1,1,0.9010599220951915,Critical
Serbia (Yugoslavia),1999,2153,335,1,1.0,1446.0,0.3333333333333333,485.6666666666667,114.0,2,0,0.49061920214179755,Medium
Serbia (Yugoslavia),2000,0,0,0,1.0,2153.0,0.6666666666666666,1202.6666666666667,-335.0,0,0,0.11722425245827485,Low
Serbia (Yugoslavia),2001,0,1,0,0.0,0.0,0.6666666666666666,1199.6666666666667,1.0,0,0,0.020904939193215465,Low
Serbia (Yugoslavia),2002,0,0,0,0.0,0.0,0.3333333333333333,717.6666666666666,-1.0,0,0,0.07772579477746665,Low
Serbia (Yugoslavia),2003,0,0,0,0.0,0.0,0.0,0.0,0.0,0,0,0.07155524891198818,Low
Serbia (Yugoslavia),2004,0,0,0,0.0,0.0,0.0,0.0,0.0,0,0,0.07155524891198818,Low
Serbia (Yugoslavia),2005,0,0,0,0.0,0.0,0.0,0.0,0.0,0,0,0.07155524891198818,Low
Serbia (Yugoslavia),2006,0,0,0,0.0,0.0,0.0,0.0,0.0,0,0,0.07155524891198818,Low
Serbia (Yugoslavia),2007,0,0,0,0.0,0.0,0.0,0.0,0.0,0,0,0.07155524891198818,Low
Serbia (Yugoslavia),2008,0,0,0,0.0,0.0,0.0,0.0,0.0,0,0,0.07155524891198818,Low
Serbia (Yugoslavia),2009,0,0,0,0.0,0.0,0.0,0.0,0.0,0,0,0.07155524891198818,Low
Serbia (Yugoslavia),2010,0,0,0,0.0,0.0,0.0,0.0,0.0,0,0,0.07155524891198818,Low
Serbia (Yugoslavia),2011,0,0,0,0.0,0.0,0.0,0.0,0.0,0,0,0.07155524891198818,Low
Serbia (Yugoslavia),2012,0,0,0,0.0,0.0,0.0,0.0,0.0,0,0,0.07155524891198818,Low
Serbia (Yugoslavia),2013,0,0,0,0.0,0.0,0.0,0.0,0.0,0,0,0.07155524891198818,Low
Serbia (Yugoslavia),2014,0,0,0,0.0,0.0,0.0,0.0,0.0,0,0,0.07155524891198818,Low
Serbia (Yugoslavia),2015,0,0,0,0.0,0.0,0.0,0.0,0.0,0,0,0.07155524891198818,Low
Serbia (Yugoslavia),2016,0,0,0,0.0,0.0,0.0,0.0,0.0,0,0,0.07155524891198818,Low
Serbia (Yugoslavia),2017,0,0,0,0.0,0.0,0.0,0.0,0.0,0,0,0.07155524891198818,Low
Serbia (Yugoslavia),2018,0,0,0,0.0,0.0,0.0,0.0,0.0,0,0,0.07155524891198818,Low
Serbia (Yugoslavia),2019,0,0,0,0.0,0.0,0.0,0.0,0.0,0,0,0.07155524891198818,Low
Serbia (Yugoslavia),2020,0,0,0,0.0,0.0,0.0,0.0,0.0,0,0,0.07155524891198818,Low
Serbia (Yugoslavia),2021,0,0,0,0.0,0.0,0.0,0.0,0.0,0,0,0.07155524891198818,Low
Serbia (Yugoslavia),2022,0,0,0,0.0,0.0,0.0,0.0,0.0,0,0,0.07155524891198818,Low
Serbia (Yugoslavia),2023,0,0,0,0.0,0.0,0.0,0.0,0.0,0,0,0.07155524891198818,Low
Sierra Leone,1989,0,0,0,0.0,0.0,0.0,0.0,0.0,0,0,0.07155524891198818,Low
Sierra Leone,1990,0,0,0,0.0,0.0,0.0,0.0,0.0,0,1,0.07155524891198818,Low
Sierra Leone,1991,1225,128,1,0.0,0.0,0.0,0.0,128.0,1,1,0.6239995679896014,High
Sierra Leone,1992,531,64,1,1.0,1225.0,0.3333333333333333,408.3333333333333,-64.0,2,1,0.9088816666304279,Critical
Sierra Leone,1993,642,68,1,1.0,531.0,0.6666666666666666,585.3333333333334,4.0,3,1,0.9674898213836168,Critical
Sierra Leone,1994,2097,164,1,1.0,642.0,1.0,799.3333333333334,96.0,4,1,0.9898015453362495,Critical
Sierra Leone,1995,3194,197,1,1.0,2097.0,1.0,1090.0,33.0,5,1,0.9922911449542136,Critical
Sierra Leone,1996,943,100,1,1.0,3194.0,1.0,1977.6666666666667,-97.0,6,1,0.985275644993471,Critical
Sierra Leone,1997,1233,137,1,1.0,943.0,1.0,2078.0,37.0,7,1,0.9966434159470897,Critical
Sierra Leone,1998,5155,360,1,1.0,1233.0,1.0,1790.0,223.0,8,1,0.9970232577742124,Critical
Sierra Leone,1999,4493,199,1,1.0,5155.0,1.0,2443.6666666666665,-161.0,9,1,0.9857506093161706,Critical
Sierra Leone,2000,856,59,1,1.0,4493.0,1.0,3627.0,-140.0,10,1,0.9828652017727111,Critical
Sierra Leone,2001,73,19,1,1.0,856.0,1.0,3501.333333333333,-40.0,11,0,0.9282757645357002,Critical
Sierra Leone,2002,1,1,0,1.0,73.0,1.0,1807.3333333333333,-18.0,0,0,0.5742424392197155,High
Sierra Leone,2003,0,0,0,0.0,1.0,0.6666666666666666,310.0,-1.0,0,0,0.06400093790573855,Low
Sierra Leone,2004,0,0,0,0.0,0.0,0.3333333333333333,24.666666666666668,0.0,0,0,0.03978909963440286,Low
Sierra Leone,2005,0,0,0,0.0,0.0,0.0,0.3333333333333333,0.0,0,0,0.11040342782141219,Low
Sierra Leone,2006,0,0,0,0.0,0.0,0.0,0.0,0.0,0,0,0.07155524891198818,Low
Sierra Leone,2007,0,0,0,0.0,0.0,0.0,0.0,0.0,0,0,0.07155524891198818,Low
Sierra Leone,2008,0,0,0,0.0,0.0,0.0,0.0,0.0,0,0,0.07155524891198818,Low
Sierra Leone,2009,0,0,0,0.0,0.0,0.0,0.0,0.0,0,0,0.07155524891198818,Low
Sierra Leone,2010,0,0,0,0.0,0.0,0.0,0.0,0.0,0,0,0.07155524891198818,Low
Sierra Leone,2011,0,0,0,0.0,0.0,0.0,0.0,0.0,0,0,0.07155524891198818,Low
Sierra Leone,2012,0,0,0,0.0,0.0,0.0,0.0,0.0,0,0,0.07155524891198818,Low
Sierra Leone,2013,0,0,0,0.0,0.0,0.0,0.0,0.0,0,0,0.07155524891198818,Low
Sierra Leone,2014,0,0,0,0.0,0.0,0.0,0.0,0.0,0,0,0.07155524891198818,Low
Sierra Leone,2015,0,0,0,0.0,0.0,0.0,0.0,0.0,0,0,0.07155524891198818,Low
Sierra Leone,2016,0,0,0,0.0,0.0,0.0,0.0,0.0,0,0,0.07155524891198818,Low
Sierra Leone,2017,0,0,0,0.0,0.0,0.0,0.0,0.0,0,0,0.07155524891198818,Low
Sierra Leone,2018,0,0,0,0.0,0.0,0.0,0.0,0.0,0,0,0.07155524891198818,Low
Sierra Leone,2019,0,0,0,0.0,0.0,0.0,0.0,0.0,0,0,0.07155524891198818,Low
Sierra Leone,2020,0,0,0,0.0,0.0,0.0,0.0,0.0,0,0,0.07155524891198818,Low
Sierra Leone,2021,1,1,0,0.0,0.0,0.0,0.0,1.0,0,0,0.2020203200114487,Low
Sierra Leone,2022,0,0,0,0.0,1.0,0.0,0.3333333333333333,-1.0,0,0,0.20646866026789099,Low
Sierra Leone,2023,0,0,0,0.0,0.0,0.0,0.3333333333333333,0.0,0,0,0.11040342782141219,Low
Solomon Islands,1989,0,0,0,0.0,0.0,0.0,0.0,0.0,0,0,0.07155524891198818,Low
Solomon Islands,1990,0,0,0,0.0,0.0,0.0,0.0,0.0,0,0,0.07155524891198818,Low
Solomon Islands,1991,0,0,0,0.0,0.0,0.0,0.0,0.0,0,0,0.07155524891198818,Low
Solomon Islands,1992,2,1,0,0.0,0.0,0.0,0.0,1.0,0,0,0.2020203200114487,Low
Solomon Islands,1993,0,0,0,0.0,2.0,0.0,0.6666666666666666,-1.0,0,0,0.24111742643615458,Low
Solomon Islands,1994,0,0,0,0.0,0.0,0.0,0.6666666666666666,0.0,0,0,0.11405812144190554,Low
Solomon Islands,1995,0,0,0,0.0,0.0,0.0,0.6666666666666666,0.0,0,0,0.11405812144190554,Low
Solomon Islands,1996,0,0,0,0.0,0.0,0.0,0.0,0.0,0,0,0.07155524891198818,Low
Solomon Islands,1997,0,0,0,0.0,0.0,0.0,0.0,0.0,0,0,0.07155524891198818,Low
Solomon Islands,1998,0,0,0,0.0,0.0,0.0,0.0,0.0,0,0,0.07155524891198818,Low
Solomon Islands,1999,0,0,0,0.0,0.0,0.0,0.0,0.0,0,0,0.07155524891198818,Low
Solomon Islands,2000,0,0,0,0.0,0.0,0.0,0.0,0.0,0,0,0.07155524891198818,Low
Solomon Islands,2001,0,0,0,0.0,0.0,0.0,0.0,0.0,0,0,0.07155524891198818,Low
Solomon Islands,2002,0,0,0,0.0,0.0,0.0,0.0,0.0,0,0,0.07155524891198818,Low
Solomon Islands,2003,0,0,0,0.0,0.0,0.0,0.0,0.0,0,0,0.07155524891198818,Low
Solomon Islands,2004,0,0,0,0.0,0.0,0.0,0.0,0.0,0,0,0.07155524891198818,Low
Solomon Islands,2005,0,0,0,0.0,0.0,0.0,0.0,0.0,0,0,0.07155524891198818,Low
Solomon Islands,2006,0,0,0,0.0,0.0,0.0,0.0,0.0,0,0,0.07155524891198818,Low
Solomon Islands,2007,0,0,0,0.0,0.0,0.0,0.0,0.0,0,0,0.07155524891198818,Low
Solomon Islands,2008,0,0,0,0.0,0.0,0.0,0.0,0.0,0,0,0.07155524891198818,Low
Solomon Islands,2009,0,0,0,0.0,0.0,0.0,0.0,0.0,0,0,0.07155524891198818,Low
Solomon Islands,2010,0,0,0,0.0,0.0,0.0,0.0,0.0,0,0,0.07155524891198818,Low
Solomon Islands,2011,0,0,0,0.0,0.0,0.0,0.0,0.0,0,0,0.07155524891198818,Low
Solomon Islands,2012,0,0,0,0.0,0.0,0.0,0.0,0.0,0,0,0.07155524891198818,Low
Solomon Islands,2013,0,0,0,0.0,0.0,0.0,0.0,0.0,0,0,0.07155524891198818,Low
Solomon Islands,2014,0,0,0,0.0,0.0,0.0,0.0,0.0,0,0,0.07155524891198818,Low
Solomon Islands,2015,0,0,0,0.0,0.0,0.0,0.0,0.0,0,0,0.07155524891198818,Low
Solomon Islands,2016,0,0,0,0.0,0.0,0.0,0.0,0.0,0,0,0.07155524891198818,Low
Solomon Islands,2017,0,0,0,0.0,0.0,0.0,0.0,0.0,0,0,0.07155524891198818,Low
Solomon Islands,2018,0,0,0,0.0,0.0,0.0,0.0,0.0,0,0,0.07155524891198818,Low
Solomon Islands,2019,0,0,0,0.0,0.0,0.0,0.0,0.0,0,0,0.07155524891198818,Low
Solomon Islands,2020,0,0,0,0.0,0.0,0.0,0.0,0.0,0,0,0.07155524891198818,Low
Solomon Islands,2021,0,0,0,0.0,0.0,0.0,0.0,0.0,0,0,0.07155524891198818,Low
Solomon Islands,2022,0,0,0,0.0,0.0,0.0,0.0,0.0,0,0,0.07155524891198818,Low
Solomon Islands,2023,0,0,0,0.0,0.0,0.0,0.0,0.0,0,0,0.07155524891198818,Low
Somalia,1989,1061,33,1,0.0,0.0,0.0,0.0,0.0,1,1,0.8223020940359717,Critical
Somalia,1990,2700,52,1,1.0,1061.0,1.0,1061.0,19.0,2,1,0.9791761068343906,Critical
Somalia,1991,8455,20,1,1.0,2700.0,1.0,1880.5,-32.0,3,1,0.9524081872083346,Critical
Somalia,1992,4729,18,1,1.0,8455.0,1.0,4072.0,-2.0,4,1,0.9531492853764496,Critical
Somalia,1993,483,20,1,1.0,4729.0,1.0,5294.666666666667,2.0,5,1,0.9827769543926477,Critical
Somalia,1994,626,37,1,1.0,483.0,1.0,4555.666666666667,17.0,6,1,0.9813159896759348,Critical
Somalia,1995,444,69,1,1.0,626.0,1.0,1946.0,32.0,7,1,0.9972754035432378,Critical
Somalia,1996,949,92,1,1.0,444.0,1.0,517.6666666666666,23.0,8,1,0.9878413703624165,Critical
Somalia,1997,277,27,1,1.0,949.0,1.0,673.0,-65.0,9,1,0.9811599453330399,Critical
Somalia,1998,330,18,1,1.0,277.0,1.0,556.6666666666666,-9.0,10,1,0.9844332807814442,Critical
Somalia,1999,542,42,1,1.0,330.0,1.0,518.6666666666666,24.0,11,1,0.9949945225228077,Critical
Somalia,2000,185,27,1,1.0,542.0,1.0,383.0,-15.0,12,1,0.9844914449761487,Critical
Somalia,2001,483,31,1,1.0,185.0,1.0,352.3333333333333,4.0,13,1,0.9888245071366493,Critical
Somalia,2002,638,61,1,1.0,483.0,1.0,403.3333333333333,30.0,14,1,0.9972252634747736,Critical
Somalia,2003,405,49,1,1.0,638.0,1.0,435.3333333333333,-12.0,15,1,0.9875046982018421,Critical
Somalia,2004,670,52,1,1.0,405.0,1.0,508.6666666666667,3.0,16,1,0.9895441950311514,Critical
Somalia,2005,340,26,1,1.0,670.0,1.0,571.0,-26.0,17,1,0.9885879147122787,Critical
Somalia,2006,1204,79,1,1.0,340.0,1.0,471.6666666666667,53.0,18,1,0.9977128926244654,Critical
Somalia,2007,1620,294,1,1.0,1204.0,1.0,738.0,215.0,19,1,0.9939342325464213,Critical
Somalia,2008,1751,288,1,1.0,1620.0,1.0,1054.6666666666667,-6.0,20,1,0.985664535227288,Critical
Somalia,2009,2204,255,1,1.0,1751.0,1.0,1525.0,-33.0,21,1,0.9886048438937254,Critical
Somalia,2010,2722,313,1,1.0,2204.0,1.0,1858.3333333333333,58.0,22,1,0.9982076361085179,Critical
Somalia,2011,2118,271,1,1.0,2722.0,1.0,2225.6666666666665,-42.0,23,1,0.990180752060253,Critical
Somalia,2012,2989,446,1,1.0,2118.0,1.0,2348.0,175.0,24,1,0.9982076361085179,Critical
Somalia,2013,1045,383,1,1.0,2989.0,1.0,2609.6666666666665,-63.0,25,1,0.9902204918025679,Critical
Somalia,2014,1247,406,1,1.0,1045.0,1.0,2050.6666666666665,23.0,26,1,0.9855946365816518,Critical
Somalia,2015,1254,319,1,1.0,1247.0,1.0,1760.3333333333333,-87.0,27,1,0.9819313707783022,Critical
Somalia,2016,2073,377,1,1.0,1254.0,1.0,1182.0,58.0,28,1,0.9983843449028046,Critical
Somalia,2017,2071,285,1,1.0,2073.0,1.0,1524.6666666666667,-92.0,29,1,0.9904875620183905,Critical
Somalia,2018,2507,509,1,1.0,2071.0,1.0,1799.3333333333333,224.0,30,1,0.9983504869201346,Critical
Somalia,2019,2219,426,1,1.0,2507.0,1.0,2217.0,-83.0,31,1,0.9903589283991934,Critical
Somalia,2020,2120,394,1,1.0,2219.0,1.0,2265.6666666666665,-32.0,32,1,0.9899613844632081,Critical
Somalia,2021,2269,390,1,1.0,2120.0,1.0,2282.0,-4.0,33,1,0.9842414823243496,Critical
Somalia,2022,3115,338,1,1.0,2269.0,1.0,2202.6666666666665,-52.0,34,1,0.9902912840900128,Critical
Somalia,2023,4216,247,1,1.0,3115.0,1.0,2501.333333333333,-91.0,35,1,0.9911717376827884,Critical
South Africa,1989,645,279,1,0.0,0.0,0.0,0.0,0.0,1,1,0.8223020940359717,Critical
South Africa,1990,1459,562,1,1.0,645.0,1.0,645.0,283.0,2,1,0.970416229795214,Critical
South Africa,1991,737,448,1,1.0,1459.0,1.0,1052.0,-114.0,3,1,0.9667925057852497,Critical
South Africa,1992,761,574,1,1.0,737.0,1.0,947.0,126.0,4,1,0.9879875505917776,Critical
South Africa,1993,895,576,1,1.0,761.0,1.0,985.6666666666666,2.0,5,1,0.9814530493253822,Critical
South Africa,1994,532,263,1,1.0,895.0,1.0,797.6666666666666,-313.0,6,1,0.9736246509850213,Critical
South Africa,1995,143,39,1,1.0,532.0,1.0,729.3333333333334,-224.0,7,1,0.9834720700717259,Critical
South Africa,1996,156,37,1,1.0,143.0,1.0,523.3333333333334,-2.0,8,1,0.9600861982041919,Critical
South Africa,1997,30,20,1,1.0,156.0,1.0,277.0,-17.0,9,1,0.9788544857752718,Critical
South Africa,1998,44,23,1,1.0,30.0,1.0,109.66666666666669,3.0,10,0,0.4211487700356169,Medium
South Africa,1999,19,11,0,1.0,44.0,1.0,76.66666666666667,-12.0,0,0,0.3204091469752196,Medium
South Africa,2000,0,1,0,0.0,19.0,0.6666666666666666,31.0,-10.0,0,0,0.13456268214506695,Low
South Africa,2001,0,0,0,0.0,0.0,0.3333333333333333,21.0,-1.0,0,0,0.08112069625514379,Low
South Africa,2002,2,3,0,0.0,0.0,0.0,6.333333333333333,3.0,0,0,0.5475245715635618,High
South Africa,2003,0,0,0,0.0,2.0,0.0,0.6666666666666666,-3.0,0,0,0.13729268531563338,Low
South Africa,2004,0,4,0,0.0,0.0,0.0,0.6666666666666666,4.0,0,0,0.2806421981818804,Medium
South Africa,2005,0,0,0,0.0,0.0,0.0,0.6666666666666666,-4.0,0,0,0.09232485122102618,Low
South Africa,2006,0,0,0,0.0,0.0,0.0,0.0,0.0,0,0,0.07155524891198818,Low
South Africa,2007,0,0,0,0.0,0.0,0.0,0.0,0.0,0,0,0.07155524891198818,Low
South Africa,2008,0,0,0,0.0,0.0,0.0,0.0,0.0,0,0,0.07155524891198818,Low
South Africa,2009,0,0,0,0.0,0.0,0.0,0.0,0.0,0,0,0.07155524891198818,Low
South Africa,2010,1,1,0,0.0,0.0,0.0,0.0,1.0,0,0,0.2020203200114487,Low
South Africa,2011,0,0,0,0.0,1.0,0.0,0.3333333333333333,-1.0,0,0,0.20646866026789099,Low
South Africa,2012,0,0,0,0.0,0.0,0.0,0.3333333333333333,0.0,0,0,0.11040342782141219,Low
South Africa,2013,0,0,0,0.0,0.0,0.0,0.3333333333333333,0.0,0,0,0.11040342782141219,Low
South Africa,2014,0,0,0,0.0,0.0,0.0,0.0,0.0,0,0,0.07155524891198818,Low
South Africa,2015,0,1,0,0.0,0.0,0.0,0.0,1.0,0,0,0.2020203200114487,Low
South Africa,2016,3,3,0,0.0,0.0,0.0,0.0,2.0,0,0,0.18758822948971413,Low
South Africa,2017,0,0,0,0.0,3.0,0.0,1.0,-3.0,0,0,0.10289843704038207,Low
South Africa,2018,12,3,0,0.0,0.0,0.0,1.0,3.0,0,0,0.34907534410157753,Medium
South Africa,2019,8,6,0,0.0,12.0,0.0,5.0,3.0,0,1,0.6517201290794644,High
South Africa,2020,29,18,1,0.0,8.0,0.0,6.666666666666667,12.0,1,1,0.7422705288891235,High
South Africa,2021,123,12,1,1.0,29.0,0.3333333333333333,16.333333333333332,-6.0,2,0,0.3238674763152386,Medium
South Africa,2022,4,4,0,1.0,123.0,0.6666666666666666,53.333333333333336,-8.0,0,0,0.39194240695855936,Medium
South Africa,2023,5,5,0,0.0,4.0,0.6666666666666666,52.0,1.0,0,0,0.13893921805814916,Low
South Sudan,1989,0,0,0,0.0,0.0,0.0,0.0,0.0,0,0,0.07155524891198818,Low
South Sudan,1990,0,0,0,0.0,0.0,0.0,0.0,0.0,0,0,0.07155524891198818,Low
South Sudan,1991,0,0,0,0.0,0.0,0.0,0.0,0.0,0,0,0.07155524891198818,Low
South Sudan,1992,0,0,0,0.0,0.0,0.0,0.0,0.0,0,0,0.07155524891198818,Low
South Sudan,1993,0,0,0,0.0,0.0,0.0,0.0,0.0,0,0,0.07155524891198818,Low
South Sudan,1994,0,0,0,0.0,0.0,0.0,0.0,0.0,0,0,0.07155524891198818,Low
South Sudan,1995,0,0,0,0.0,0.0,0.0,0.0,0.0,0,0,0.07155524891198818,Low
South Sudan,1996,0,0,0,0.0,0.0,0.0,0.0,0.0,0,0,0.07155524891198818,Low
South Sudan,1997,0,0,0,0.0,0.0,0.0,0.0,0.0,0,0,0.07155524891198818,Low
South Sudan,1998,0,0,0,0.0,0.0,0.0,0.0,0.0,0,0,0.07155524891198818,Low
South Sudan,1999,0,0,0,0.0,0.0,0.0,0.0,0.0,0,0,0.07155524891198818,Low
South Sudan,2000,0,0,0,0.0,0.0,0.0,0.0,0.0,0,0,0.07155524891198818,Low
South Sudan,2001,0,0,0,0.0,0.0,0.0,0.0,0.0,0,0,0.07155524891198818,Low
South Sudan,2002,0,0,0,0.0,0.0,0.0,0.0,0.0,0,0,0.07155524891198818,Low
South Sudan,2003,0,0,0,0.0,0.0,0.0,0.0,0.0,0,0,0.07155524891198818,Low
South Sudan,2004,0,0,0,0.0,0.0,0.0,0.0,0.0,0,0,0.07155524891198818,Low
South Sudan,2005,0,0,0,0.0,0.0,0.0,0.0,0.0,0,0,0.07155524891198818,Low
South Sudan,2006,0,0,0,0.0,0.0,0.0,0.0,0.0,0,0,0.07155524891198818,Low
South Sudan,2007,0,0,0,0.0,0.0,0.0,0.0,0.0,0,0,0.07155524891198818,Low
South Sudan,2008,0,0,0,0.0,0.0,0.0,0.0,0.0,0,0,0.07155524891198818,Low
South Sudan,2009,0,0,0,0.0,0.0,0.0,0.0,0.0,0,0,0.07155524891198818,Low
South Sudan,2010,0,0,0,0.0,0.0,0.0,0.0,0.0,0,1,0.07155524891198818,Low
South Sudan,2011,1194,31,1,0.0,0.0,0.0,0.0,31.0,1,1,0.6620026723338067,High
South Sudan,2012,864,59,1,1.0,1194.0,0.3333333333333333,398.0,28.0,2,1,0.8498558397306696,Critical
South Sudan,2013,1827,99,1,1.0,864.0,0.6666666666666666,686.0,40.0,3,1,0.9727188866055451,Critical
South Sudan,2014,2491,125,1,1.0,1827.0,1.0,1295.0,26.0,4,1,0.9892455050741303,Critical
South Sudan,2015,1137,99,1,1.0,2491.0,1.0,1727.3333333333333,-26.0,5,1,0.9829278406880574,Critical
South Sudan,2016,1303,69,1,1.0,1137.0,1.0,1818.3333333333333,-30.0,6,1,0.981054454167814,Critical
South Sudan,2017,1271,116,1,1.0,1303.0,1.0,1643.6666666666667,47.0,7,1,0.9970986076044233,Critical
South Sudan,2018,1229,157,1,1.0,1271.0,1.0,1237.0,41.0,8,1,0.9970502378075308,Critical
South Sudan,2019,642,68,1,1.0,1229.0,1.0,1267.6666666666667,-89.0,9,1,0.9835408536774062,Critical
South Sudan,2020,748,63,1,1.0,642.0,1.0,1047.3333333333333,-5.0,10,1,0.9817688435279549,Critical
South Sudan,2021,891,55,1,1.0,748.0,1.0,873.0,-8.0,11,1,0.9822532831266265,Critical
South Sudan,2022,728,35,1,1.0,891.0,1.0,760.3333333333334,-20.0,12,1,0.9809129945402636,Critical
South Sudan,2023,224,10,1,1.0,728.0,1.0,789.0,-25.0,13,1,0.9821134655059904,Critical
Spain,1989,17,12,0,0.0,0.0,0.0,0.0,0.0,0,0,0.07155524891198818,Low
Spain,1990,19,10,0,0.0,17.0,0.0,17.0,-2.0,0,1,0.4759383681907127,Medium
Spain,1991,45,23,1,0.0,19.0,0.0,18.0,13.0,1,0,0.6335976641170781,High
Spain,1992,23,15,0,1.0,45.0,0.3333333333333333,27.0,-8.0,0,0,0.16342450071726772,Low
Spain,1993,12,6,0,0.0,23.0,0.3333333333333333,29.0,-9.0,0,0,0.23390414089786715,Low
Spain,1994,11,9,0,0.0,12.0,0.3333333333333333,26.666666666666668,3.0,0,0,0.3583928931251226,Medium
Spain,1995,13,10,0,0.0,11.0,0.0,15.333333333333334,1.0,0,0,0.3855501444966817,Medium
Spain,1996,4,4,0,0.0,13.0,0.0,12.0,-6.0,0,0,0.14877456595642438,Low
Spain,1997,12,11,0,0.0,4.0,0.0,9.333333333333334,7.0,0,0,0.36587443727786395,Medium
Spain,1998,7,6,0,0.0,12.0,0.0,9.666666666666666,-5.0,0,0,0.1659027813903487,Low
Spain,1999,0,0,0,0.0,7.0,0.0,7.666666666666667,-6.0,0,0,0.1251306413548929,Low
Spain,2000,20,15,0,0.0,0.0,0.0,6.333333333333333,15.0,0,0,0.4158603254675611,Medium
Spain,2001,13,12,0,0.0,20.0,0.0,9.0,-3.0,0,0,0.20462089915026946,Low
Spain,2002,5,4,0,0.0,13.0,0.0,11.0,-8.0,0,0,0.14673086166621377,Low
Spain,2003,3,2,0,0.0,5.0,0.0,12.666666666666666,-2.0,0,1,0.3594444410927805,Medium
Spain,2004,191,1,1,0.0,3.0,0.0,7.0,-1.0,1,0,0.30070680197800986,Medium
Spain,2005,0,0,0,1.0,191.0,0.3333333333333333,66.33333333333333,-1.0,0,0,0.15142255184096387,Low
Spain,2006,0,0,0,0.0,0.0,0.3333333333333333,64.66666666666667,0.0,0,0,0.04148056756144328,Low
Spain,2007,0,0,0,0.0,0.0,0.3333333333333333,63.66666666666666,0.0,0,0,0.04148056756144328,Low
Spain,2008,2,2,0,0.0,0.0,0.0,0.0,2.0,0,0,0.18758822948971413,Low
Spain,2009,3,2,0,0.0,2.0,0.0,0.6666666666666666,0.0,0,0,0.3451214901884244,Medium
Spain,2010,0,0,0,0.0,3.0,0.0,1.6666666666666667,-2.0,0,0,0.10783369354463346,Low
Spain,2011,0,0,0,0.0,0.0,0.0,1.6666666666666667,0.0,0,0,0.200987836760613,Low
Spain,2012,0,0,0,0.0,0.0,0.0,1.0,0.0,0,0,0.1924230177346629,Low
Spain,2013,0,0,0,0.0,0.0,0.0,0.0,0.0,0,0,0.07155524891198818,Low
Spain,2014,0,0,0,0.0,0.0,0.0,0.0,0.0,0,0,0.07155524891198818,Low
Spain,2015,0,0,0,0.0,0.0,0.0,0.0,0.0,0,0,0.07155524891198818,Low
Spain,2016,0,0,0,0.0,0.0,0.0,0.0,0.0,0,0,0.07155524891198818,Low
Spain,2017,16,3,0,0.0,0.0,0.0,0.0,3.0,0,0,0.08814327318334579,Low
Spain,2018,0,0,0,0.0,16.0,0.0,5.333333333333333,-3.0,0,0,0.1663343495860653,Low
Spain,2019,0,0,0,0.0,0.0,0.0,5.333333333333333,0.0,0,0,0.17384964231551378,Low
Spain,2020,0,0,0,0.0,0.0,0.0,5.333333333333333,0.0,0,0,0.17384964231551378,Low
Spain,2021,0,0,0,0.0,0.0,0.0,0.0,0.0,0,0,0.07155524891198818,Low
Spain,2022,0,0,0,0.0,0.0,0.0,0.0,0.0,0,0,0.07155524891198818,Low
Spain,2023,2,1,0,0.0,0.0,0.0,0.0,1.0,0,0,0.2020203200114487,Low
Sri Lanka,1989,1288,192,1,0.0,0.0,0.0,0.0,0.0,1,1,0.8223020940359717,Critical
Sri Lanka,1990,4840,244,1,1.0,1288.0,1.0,1288.0,52.0,2,1,0.9869214194992562,Critical
Sri Lanka,1991,6646,316,1,1.0,4840.0,1.0,3064.0,72.0,3,1,0.9802800087556369,Critical
Sri Lanka,1992,4444,180,1,1.0,6646.0,1.0,4258.0,-136.0,4,1,0.964634746597702,Critical
Sri Lanka,1993,2084,111,1,1.0,4444.0,1.0,5310.0,-69.0,5,1,0.9847609171023026,Critical
Sri Lanka,1994,712,80,1,1.0,2084.0,1.0,4391.333333333333,-31.0,6,1,0.9778179751616066,Critical
Sri Lanka,1995,4971,252,1,1.0,712.0,1.0,2413.333333333333,172.0,7,1,0.9972754035432378,Critical
Sri Lanka,1996,4097,120,1,1.0,4971.0,1.0,2589.0,-132.0,8,1,0.9854597644074495,Critical
Sri Lanka,1997,2902,135,1,1.0,4097.0,1.0,3260.0,15.0,9,1,0.9928131634855959,Critical
Sri Lanka,1998,3830,179,1,1.0,2902.0,1.0,3990.0,44.0,10,1,0.9967410606080613,Critical
Sri Lanka,1999,1948,184,1,1.0,3830.0,1.0,3609.6666666666665,5.0,11,1,0.9875186097882555,Critical
Sri Lanka,2000,2569,177,1,1.0,1948.0,1.0,2893.333333333333,-7.0,12,1,0.9775993958687623,Critical
Sri Lanka,2001,1162,136,1,1.0,2569.0,1.0,2782.333333333333,-41.0,13,0,0.956243308857324,Critical
Sri Lanka,2002,17,5,0,1.0,1162.0,1.0,1893.0,-131.0,0,1,0.5141783176361485,High
Sri Lanka,2003,33,23,1,0.0,17.0,0.6666666666666666,1249.3333333333333,18.0,1,1,0.7684779665021616,Critical
Sri Lanka,2004,84,36,1,1.0,33.0,0.6666666666666666,404.0,13.0,2,1,0.8959827760699616,Critical
Sri Lanka,2005,130,83,1,1.0,84.0,0.6666666666666666,44.66666666666666,47.0,3,1,0.9490280702800743,Critical
Sri Lanka,2006,2173,229,1,1.0,130.0,1.0,82.33333333333333,146.0,4,1,0.8946924038111466,Critical
Sri Lanka,2007,2564,488,1,1.0,2173.0,1.0,795.6666666666666,259.0,5,1,0.9948411723016498,Critical
Sri Lanka,2008,8453,1016,1,1.0,2564.0,1.0,1622.3333333333333,528.0,6,1,0.9966346889995064,Critical
Sri Lanka,2009,10418,387,1,1.0,8453.0,1.0,4396.666666666667,-629.0,7,0,0.8582244958883096,Critical
Sri Lanka,2010,0,0,0,1.0,10418.0,1.0,7145.0,-387.0,0,0,0.146347540085612,Low
Sri Lanka,2011,2,2,0,0.0,0.0,0.6666666666666666,6290.333333333333,2.0,0,0,0.15188017452762634,Low
Sri Lanka,2012,0,0,0,0.0,2.0,0.3333333333333333,3473.333333333333,-2.0,0,0,0.17292292994578584,Low
Sri Lanka,2013,5,1,0,0.0,0.0,0.0,0.6666666666666666,1.0,0,0,0.24278435864316042,Low
Sri Lanka,2014,0,0,0,0.0,5.0,0.0,2.333333333333333,-1.0,0,0,0.2013862040312511,Low
Sri Lanka,2015,0,0,0,0.0,0.0,0.0,1.6666666666666667,0.0,0,0,0.200987836760613,Low
Sri Lanka,2016,0,0,0,0.0,0.0,0.0,1.6666666666666667,0.0,0,0,0.200987836760613,Low
Sri Lanka,2017,1,1,0,0.0,0.0,0.0,0.0,1.0,0,0,0.2020203200114487,Low
Sri Lanka,2018,0,0,0,0.0,1.0,0.0,0.3333333333333333,-1.0,0,1,0.20646866026789099,Low
Sri Lanka,2019,255,4,1,0.0,0.0,0.0,0.3333333333333333,4.0,1,0,0.4677880445946812,Medium
Sri Lanka,2020,0,0,0,1.0,255.0,0.3333333333333333,85.33333333333333,-4.0,0,0,0.1474169154293303,Low
Sri Lanka,2021,0,0,0,0.0,0.0,0.3333333333333333,85.0,0.0,0,0,0.03905584295632107,Low
Sri Lanka,2022,0,0,0,0.0,0.0,0.3333333333333333,85.0,0.0,0,0,0.03905584295632107,Low
Sri Lanka,2023,0,0,0,0.0,0.0,0.0,0.0,0.0,0,0,0.07155524891198818,Low
Sudan,1989,7533,33,1,0.0,0.0,0.0,0.0,0.0,1,1,0.8223020940359717,Critical
Sudan,1990,5335,63,1,1.0,7533.0,1.0,7533.0,30.0,2,1,0.9822399211259392,Critical
Sudan,1991,4566,30,1,1.0,5335.0,1.0,6434.0,-33.0,3,1,0.95523869170799,Critical
Sudan,1992,4314,57,1,1.0,4566.0,1.0,5811.333333333333,27.0,4,1,0.9903792374077343,Critical
Sudan,1993,6042,78,1,1.0,4314.0,1.0,4738.333333333333,21.0,5,1,0.9920418095178924,Critical
Sudan,1994,977,19,1,1.0,6042.0,1.0,4974.0,-59.0,6,1,0.9856753475538441,Critical
Sudan,1995,1494,43,1,1.0,977.0,1.0,3777.6666666666665,24.0,7,1,0.9905350893959316,Critical
Sudan,1996,2735,54,1,1.0,1494.0,1.0,2837.6666666666665,11.0,8,1,0.9938119499994307,Critical
Sudan,1997,4872,90,1,1.0,2735.0,1.0,1735.3333333333333,36.0,9,1,0.997024514577126,Critical
Sudan,1998,5958,126,1,1.0,4872.0,1.0,3033.6666666666665,36.0,10,1,0.9966731434820391,Critical
Sudan,1999,2067,64,1,1.0,5958.0,1.0,4521.666666666667,-62.0,11,1,0.9792208889749319,Critical
Sudan,2000,3537,71,1,1.0,2067.0,1.0,4299.0,7.0,12,1,0.9873011820806143,Critical
Sudan,2001,3719,74,1,1.0,3537.0,1.0,3854.0,3.0,13,1,0.985587729754622,Critical
Sudan,2002,3207,54,1,1.0,3719.0,1.0,3107.6666666666665,-20.0,14,1,0.986272938915803,Critical
Sudan,2003,5010,103,1,1.0,3207.0,1.0,3487.6666666666665,49.0,15,1,0.9911158528276651,Critical
Sudan,2004,9712,224,1,1.0,5010.0,1.0,3978.6666666666665,121.0,16,1,0.9982429166378248,Critical
Sudan,2005,1505,87,1,1.0,9712.0,1.0,5976.333333333333,-137.0,17,1,0.9895833793674164,Critical
Sudan,2006,2187,109,1,1.0,1505.0,1.0,5409.0,22.0,18,1,0.9948198382571862,Critical
Sudan,2007,1180,71,1,1.0,2187.0,1.0,4468.0,-38.0,19,1,0.9874774889797721,Critical
Sudan,2008,1241,98,1,1.0,1180.0,1.0,1624.0,27.0,20,1,0.9870215746387923,Critical
Sudan,2009,2689,125,1,1.0,1241.0,1.0,1536.0,27.0,21,1,0.997430900424015,Critical
Sudan,2010,1790,94,1,1.0,2689.0,1.0,1703.3333333333333,-31.0,22,1,0.9905284415860421,Critical
Sudan,2011,2567,165,1,1.0,1790.0,1.0,1906.6666666666667,71.0,23,1,0.9981594182787321,Critical
Sudan,2012,1525,115,1,1.0,2567.0,1.0,2348.6666666666665,-50.0,24,1,0.9865665734567745,Critical
Sudan,2013,1959,141,1,1.0,1525.0,1.0,1960.6666666666667,26.0,25,1,0.9975020391453815,Critical
Sudan,2014,1912,160,1,1.0,1959.0,1.0,2017.0,19.0,26,1,0.9969080767987767,Critical
Sudan,2015,2558,365,1,1.0,1912.0,1.0,1798.6666666666667,205.0,27,1,0.9982783110804813,Critical
Sudan,2016,1997,250,1,1.0,2558.0,1.0,2143.0,-115.0,28,1,0.9903589283991934,Critical
Sudan,2017,548,63,1,1.0,1997.0,1.0,2155.6666666666665,-187.0,29,1,0.9891991615940566,Critical
Sudan,2018,432,101,1,1.0,548.0,1.0,1701.0,38.0,30,1,0.99851256903977,Critical
Sudan,2019,435,92,1,1.0,432.0,1.0,992.3333333333334,-9.0,31,1,0.9896948786103585,Critical
Sudan,2020,627,70,1,1.0,435.0,1.0,471.6666666666667,-22.0,32,1,0.985810912297293,Critical
Sudan,2021,862,77,1,1.0,627.0,1.0,498.0,7.0,33,1,0.9904291995275692,Critical
Sudan,2022,1407,110,1,1.0,862.0,1.0,641.3333333333334,33.0,34,1,0.9908959102010583,Critical
Sudan,2023,7837,375,1,1.0,1407.0,1.0,965.3333333333334,265.0,35,1,0.9976212930744632,Critical
Sweden,1989,0,0,0,0.0,0.0,0.0,0.0,0.0,0,0,0.07155524891198818,Low
Sweden,1990,0,0,0,0.0,0.0,0.0,0.0,0.0,0,0,0.07155524891198818,Low
Sweden,1991,0,0,0,0.0,0.0,0.0,0.0,0.0,0,0,0.07155524891198818,Low
Sweden,1992,0,0,0,0.0,0.0,0.0,0.0,0.0,0,0,0.07155524891198818,Low
Sweden,1993,0,0,0,0.0,0.0,0.0,0.0,0.0,0,0,0.07155524891198818,Low
Sweden,1994,0,0,0,0.0,0.0,0.0,0.0,0.0,0,0,0.07155524891198818,Low
Sweden,1995,0,0,0,0.0,0.0,0.0,0.0,0.0,0,0,0.07155524891198818,Low
Sweden,1996,0,0,0,0.0,0.0,0.0,0.0,0.0,0,0,0.07155524891198818,Low
Sweden,1997,0,0,0,0.0,0.0,0.0,0.0,0.0,0,0,0.07155524891198818,Low
Sweden,1998,0,0,0,0.0,0.0,0.0,0.0,0.0,0,0,0.07155524891198818,Low
Sweden,1999,0,0,0,0.0,0.0,0.0,0.0,0.0,0,0,0.07155524891198818,Low
Sweden,2000,0,0,0,0.0,0.0,0.0,0.0,0.0,0,0,0.07155524891198818,Low
Sweden,2001,0,0,0,0.0,0.0,0.0,0.0,0.0,0,0,0.07155524891198818,Low
Sweden,2002,0,0,0,0.0,0.0,0.0,0.0,0.0,0,0,0.07155524891198818,Low
Sweden,2003,0,0,0,0.0,0.0,0.0,0.0,0.0,0,0,0.07155524891198818,Low
Sweden,2004,0,0,0,0.0,0.0,0.0,0.0,0.0,0,0,0.07155524891198818,Low
Sweden,2005,0,0,0,0.0,0.0,0.0,0.0,0.0,0,0,0.07155524891198818,Low
Sweden,2006,0,0,0,0.0,0.0,0.0,0.0,0.0,0,0,0.07155524891198818,Low
Sweden,2007,0,0,0,0.0,0.0,0.0,0.0,0.0,0,0,0.07155524891198818,Low
Sweden,2008,0,0,0,0.0,0.0,0.0,0.0,0.0,0,0,0.07155524891198818,Low
Sweden,2009,0,0,0,0.0,0.0,0.0,0.0,0.0,0,0,0.07155524891198818,Low
Sweden,2010,0,0,0,0.0,0.0,0.0,0.0,0.0,0,0,0.07155524891198818,Low
Sweden,2011,0,0,0,0.0,0.0,0.0,0.0,0.0,0,0,0.07155524891198818,Low
Sweden,2012,0,0,0,0.0,0.0,0.0,0.0,0.0,0,0,0.07155524891198818,Low
Sweden,2013,0,0,0,0.0,0.0,0.0,0.0,0.0,0,0,0.07155524891198818,Low
Sweden,2014,0,0,0,0.0,0.0,0.0,0.0,0.0,0,0,0.07155524891198818,Low
Sweden,2015,0,0,0,0.0,0.0,0.0,0.0,0.0,0,0,0.07155524891198818,Low
Sweden,2016,0,0,0,0.0,0.0,0.0,0.0,0.0,0,0,0.07155524891198818,Low
Sweden,2017,5,1,0,0.0,0.0,0.0,0.0,1.0,0,0,0.2020203200114487,Low
Sweden,2018,0,0,0,0.0,5.0,0.0,1.6666666666666667,-1.0,0,0,0.20410546063960086,Low
Sweden,2019,0,0,0,0.0,0.0,0.0,1.6666666666666667,0.0,0,0,0.200987836760613,Low
Sweden,2020,0,0,0,0.0,0.0,0.0,1.6666666666666667,0.0,0,0,0.200987836760613,Low
Sweden,2021,0,0,0,0.0,0.0,0.0,0.0,0.0,0,0,0.07155524891198818,Low
Sweden,2022,0,0,0,0.0,0.0,0.0,0.0,0.0,0,0,0.07155524891198818,Low
Sweden,2023,0,0,0,0.0,0.0,0.0,0.0,0.0,0,0,0.07155524891198818,Low
Syria,1989,0,0,0,0.0,0.0,0.0,0.0,0.0,0,0,0.07155524891198818,Low
Syria,1990,0,0,0,0.0,0.0,0.0,0.0,0.0,0,0,0.07155524891198818,Low
Syria,1991,0,0,0,0.0,0.0,0.0,0.0,0.0,0,0,0.07155524891198818,Low
Syria,1992,0,0,0,0.0,0.0,0.0,0.0,0.0,0,0,0.07155524891198818,Low
Syria,1993,0,0,0,0.0,0.0,0.0,0.0,0.0,0,0,0.07155524891198818,Low
Syria,1994,0,0,0,0.0,0.0,0.0,0.0,0.0,0,0,0.07155524891198818,Low
Syria,1995,0,0,0,0.0,0.0,0.0,0.0,0.0,0,0,0.07155524891198818,Low
Syria,1996,0,0,0,0.0,0.0,0.0,0.0,0.0,0,0,0.07155524891198818,Low
Syria,1997,0,0,0,0.0,0.0,0.0,0.0,0.0,0,0,0.07155524891198818,Low
Syria,1998,0,0,0,0.0,0.0,0.0,0.0,0.0,0,0,0.07155524891198818,Low
Syria,1999,0,0,0,0.0,0.0,0.0,0.0,0.0,0,0,0.07155524891198818,Low
Syria,2000,0,0,0,0.0,0.0,0.0,0.0,0.0,0,0,0.07155524891198818,Low
Syria,2001,0,0,0,0.0,0.0,0.0,0.0,0.0,0,0,0.07155524891198818,Low
Syria,2002,0,0,0,0.0,0.0,0.0,0.0,0.0,0,0,0.07155524891198818,Low
Syria,2003,0,0,0,0.0,0.0,0.0,0.0,0.0,0,0,0.07155524891198818,Low
Syria,2004,8,3,0,0.0,0.0,0.0,0.0,3.0,0,0,0.08814327318334579,Low
Syria,2005,0,0,0,0.0,8.0,0.0,2.6666666666666665,-3.0,0,0,0.1050272840184386,Low
Syria,2006,0,0,0,0.0,0.0,0.0,2.6666666666666665,0.0,0,0,0.1521610815065023,Low
Syria,2007,0,0,0,0.0,0.0,0.0,2.6666666666666665,0.0,0,0,0.1521610815065023,Low
Syria,2008,1,1,0,0.0,0.0,0.0,0.0,1.0,0,0,0.2020203200114487,Low
Syria,2009,0,0,0,0.0,1.0,0.0,0.3333333333333333,-1.0,0,0,0.20646866026789099,Low
Syria,2010,0,0,0,0.0,0.0,0.0,0.3333333333333333,0.0,0,1,0.11040342782141219,Low
Syria,2011,4347,954,1,0.0,0.0,0.0,0.3333333333333333,954.0,1,1,0.7839723229033395,Critical
Syria,2012,53699,11825,1,1.0,4347.0,0.3333333333333333,1449.0,10871.0,2,1,0.7977843086968706,Critical
Syria,2013,76500,18649,1,1.0,53699.0,0.6666666666666666,19348.666666666668,6824.0,3,1,0.9621341824781028,Critical
Syria,2014,78689,16696,1,1.0,76500.0,1.0,44848.66666666666,-1953.0,4,1,0.9637725818284008,Critical
Syria,2015,59609,11382,1,1.0,78689.0,1.0,69629.33333333333,-5314.0,5,1,0.9783170495458031,Critical
Syria,2016,53891,9472,1,1.0,59609.0,1.0,71599.33333333333,-1910.0,6,1,0.9789036973256827,Critical
Syria,2017,38517,8071,1,1.0,53891.0,1.0,64063.0,-1401.0,7,1,0.9741972200962052,Critical
Syria,2018,21730,3557,1,1.0,38517.0,1.0,50672.333333333336,-4514.0,8,1,0.9813964817078822,Critical
Syria,2019,11208,2382,1,1.0,21730.0,1.0,38046.0,-1175.0,9,1,0.9816341025100594,Critical
Syria,2020,5690,1140,1,1.0,11208.0,1.0,23818.33333333333,-1242.0,10,1,0.9801809047916934,Critical
Syria,2021,1948,823,1,1.0,5690.0,1.0,12876.0,-317.0,11,1,0.9834465027003322,Critical
Syria,2022,1671,793,1,1.0,1948.0,1.0,6282.0,-30.0,12,1,0.9804594790590122,Critical
Syria,2023,2187,1006,1,1.0,1671.0,1.0,3103.0,213.0,13,1,0.994767249760166,Critical
Tajikistan,1989,0,0,0,0.0,0.0,0.0,0.0,0.0,0,0,0.07155524891198818,Low
Tajikistan,1990,0,0,0,0.0,0.0,0.0,0.0,0.0,0,0,0.07155524891198818,Low
Tajikistan,1991,0,0,0,0.0,0.0,0.0,0.0,0.0,0,1,0.07155524891198818,Low
Tajikistan,1992,3859,38,1,0.0,0.0,0.0,0.0,38.0,1,1,0.6310990688011968,High
Tajikistan,1993,1045,34,1,1.0,3859.0,0.3333333333333333,1286.3333333333333,-4.0,2,1,0.9439673545903495,Critical
Tajikistan,1994,366,31,1,1.0,1045.0,0.6666666666666666,1634.6666666666667,-3.0,3,1,0.9384289931595964,Critical
Tajikistan,1995,368,46,1,1.0,366.0,1.0,1756.6666666666667,15.0,4,1,0.9883707741065799,Critical
Tajikistan,1996,2797,66,1,1.0,368.0,1.0,593.0,20.0,5,1,0.9937241370207306,Critical
Tajikistan,1997,97,10,1,1.0,2797.0,1.0,1177.0,-56.0,6,1,0.985289048886857,Critical
Tajikistan,1998,600,19,1,1.0,97.0,1.0,1087.3333333333333,9.0,7,0,0.9162884098934396,Critical
Tajikistan,1999,4,3,0,1.0,600.0,1.0,1164.6666666666667,-16.0,0,1,0.49192328105749056,Medium
Tajikistan,2000,46,2,1,0.0,4.0,0.6666666666666666,233.66666666666663,-1.0,1,0,0.38870353852618483,Medium
Tajikistan,2001,0,0,0,1.0,46.0,0.6666666666666666,216.66666666666663,-2.0,0,0,0.41106240913459485,Medium
Tajikistan,2002,0,0,0,0.0,0.0,0.3333333333333333,16.666666666666668,0.0,0,0,0.03831370476934365,Low
Tajikistan,2003,0,0,0,0.0,0.0,0.3333333333333333,15.333333333333334,0.0,0,0,0.03892256510227552,Low
Tajikistan,2004,0,0,0,0.0,0.0,0.0,0.0,0.0,0,0,0.07155524891198818,Low
Tajikistan,2005,1,1,0,0.0,0.0,0.0,0.0,1.0,0,0,0.2020203200114487,Low
Tajikistan,2006,8,4,0,0.0,1.0,0.0,0.3333333333333333,3.0,0,0,0.3139131374546969,Medium
Tajikistan,2007,0,0,0,0.0,8.0,0.0,3.0,-4.0,0,0,0.06888075575565476,Low
Tajikistan,2008,0,0,0,0.0,0.0,0.0,3.0,0.0,0,0,0.14605807669347048,Low
Tajikistan,2009,17,7,0,0.0,0.0,0.0,2.6666666666666665,7.0,0,1,0.5636822740780025,High
Tajikistan,2010,98,21,1,0.0,17.0,0.0,5.666666666666667,14.0,1,1,0.5298637058223385,High
Tajikistan,2011,28,5,1,1.0,98.0,0.3333333333333333,38.333333333333336,-16.0,2,0,0.47730390171048137,Medium
Tajikistan,2012,0,0,0,1.0,28.0,0.6666666666666666,47.66666666666666,-5.0,0,0,0.34807351733770575,Medium
Tajikistan,2013,3,2,0,0.0,0.0,0.6666666666666666,42.0,2.0,0,0,0.15147210919547754,Low
Tajikistan,2014,3,2,0,0.0,3.0,0.3333333333333333,10.333333333333334,0.0,0,0,0.1531067316727187,Low
Tajikistan,2015,0,0,0,0.0,3.0,0.0,2.0,-2.0,0,0,0.10789620053789087,Low
Tajikistan,2016,0,0,0,0.0,0.0,0.0,2.0,0.0,0,0,0.21876333824927105,Low
Tajikistan,2017,0,0,0,0.0,0.0,0.0,1.0,0.0,0,1,0.1924230177346629,Low
Tajikistan,2018,56,3,1,0.0,0.0,0.0,0.0,3.0,1,1,0.5983763437101017,High
Tajikistan,2019,53,3,1,1.0,56.0,0.3333333333333333,18.666666666666668,0.0,2,0,0.4246980298166931,Medium
Tajikistan,2020,0,0,0,1.0,53.0,0.6666666666666666,36.333333333333336,-3.0,0,0,0.4380833790123916,Medium
Tajikistan,2021,16,5,0,0.0,0.0,0.6666666666666666,36.333333333333336,5.0,0,1,0.5741693651525075,High
Tajikistan,2022,87,26,1,0.0,16.0,0.3333333333333333,23.0,21.0,1,0,0.7215959395569417,High
Tajikistan,2023,0,0,0,1.0,87.0,0.3333333333333333,34.333333333333336,-26.0,0,0,0.13247705499576587,Low
Tanzania,1989,0,0,0,0.0,0.0,0.0,0.0,0.0,0,0,0.07155524891198818,Low
Tanzania,1990,0,0,0,0.0,0.0,0.0,0.0,0.0,0,0,0.07155524891198818,Low
Tanzania,1991,0,0,0,0.0,0.0,0.0,0.0,0.0,0,0,0.07155524891198818,Low
Tanzania,1992,1,1,0,0.0,0.0,0.0,0.0,1.0,0,0,0.2020203200114487,Low
Tanzania,1993,0,0,0,0.0,1.0,0.0,0.3333333333333333,-1.0,0,0,0.20646866026789099,Low
Tanzania,1994,0,0,0,0.0,0.0,0.0,0.3333333333333333,0.0,0,0,0.11040342782141219,Low
Tanzania,1995,0,0,0,0.0,0.0,0.0,0.3333333333333333,0.0,0,0,0.11040342782141219,Low
Tanzania,1996,10,1,0,0.0,0.0,0.0,0.0,1.0,0,0,0.2020203200114487,Low
Tanzania,1997,3,1,0,0.0,10.0,0.0,3.333333333333333,0.0,0,0,0.2627527953337271,Medium
Tanzania,1998,0,0,0,0.0,3.0,0.0,4.333333333333333,-1.0,0,0,0.1775083212004231,Low
Tanzania,1999,0,1,0,0.0,0.0,0.0,4.333333333333333,1.0,0,0,0.3839246123285737,Medium
Tanzania,2000,0,0,0,0.0,0.0,0.0,1.0,-1.0,0,1,0.251228705230624,Medium
Tanzania,2001,37,7,1,0.0,0.0,0.0,0.0,7.0,1,0,0.4698351763608944,Medium
Tanzania,2002,0,0,0,1.0,37.0,0.3333333333333333,12.333333333333334,-7.0,0,0,0.08634347450766353,Low
Tanzania,2003,0,0,0,0.0,0.0,0.3333333333333333,12.333333333333334,0.0,0,0,0.042589081917392045,Low
Tanzania,2004,0,0,0,0.0,0.0,0.3333333333333333,12.333333333333334,0.0,0,0,0.042589081917392045,Low
Tanzania,2005,0,0,0,0.0,0.0,0.0,0.0,0.0,0,0,0.07155524891198818,Low
Tanzania,2006,0,0,0,0.0,0.0,0.0,0.0,0.0,0,0,0.07155524891198818,Low
Tanzania,2007,3,1,0,0.0,0.0,0.0,0.0,1.0,0,0,0.2020203200114487,Low
Tanzania,2008,0,0,0,0.0,3.0,0.0,1.0,-1.0,0,0,0.15519304629834904,Low
Tanzania,2009,0,0,0,0.0,0.0,0.0,1.0,0.0,0,0,0.1924230177346629,Low
Tanzania,2010,0,0,0,0.0,0.0,0.0,1.0,0.0,0,0,0.1924230177346629,Low
Tanzania,2011,0,0,0,0.0,0.0,0.0,0.0,0.0,0,0,0.07155524891198818,Low
Tanzania,2012,1,1,0,0.0,0.0,0.0,0.0,1.0,0,0,0.2020203200114487,Low
Tanzania,2013,0,0,0,0.0,1.0,0.0,0.3333333333333333,-1.0,0,0,0.20646866026789099,Low
Tanzania,2014,10,1,0,0.0,0.0,0.0,0.3333333333333333,1.0,0,0,0.15018933965983913,Low
Tanzania,2015,0,0,0,0.0,10.0,0.0,3.6666666666666665,-1.0,0,0,0.19694666781082687,Low
Tanzania,2016,0,0,0,0.0,0.0,0.0,3.333333333333333,0.0,0,0,0.14605807669347048,Low
Tanzania,2017,1,1,0,0.0,0.0,0.0,3.333333333333333,1.0,0,0,0.3226860423802811,Medium
Tanzania,2018,1,1,0,0.0,1.0,0.0,0.3333333333333333,0.0,0,0,0.22410571693746784,Low
Tanzania,2019,8,3,0,0.0,1.0,0.0,0.6666666666666666,2.0,0,1,0.47799536156536715,Medium
Tanzania,2020,44,17,1,0.0,8.0,0.0,3.333333333333333,14.0,1,1,0.7042176487719247,High
Tanzania,2021,26,8,1,1.0,44.0,0.3333333333333333,17.666666666666668,-9.0,2,0,0.31300693010109865,Medium
Tanzania,2022,4,3,0,1.0,26.0,0.6666666666666666,26.0,-5.0,0,0,0.25026576766525316,Medium
Tanzania,2023,0,0,0,0.0,4.0,0.6666666666666666,24.666666666666668,-3.0,0,0,0.0990451437906912,Low
Thailand,1989,6,3,0,0.0,0.0,0.0,0.0,0.0,0,0,0.07155524891198818,Low
Thailand,1990,20,4,0,0.0,6.0,0.0,6.0,1.0,0,0,0.4038974769900818,Medium
Thailand,1991,2,1,0,0.0,20.0,0.0,13.0,-3.0,0,0,0.23307702289206195,Low
Thailand,1992,0,1,0,0.0,2.0,0.0,9.333333333333334,0.0,0,0,0.3329762975749961,Medium
Thailand,1993,1,2,0,0.0,0.0,0.0,7.333333333333333,1.0,0,0,0.279567858048768,Medium
Thailand,1994,1,1,0,0.0,1.0,0.0,1.0,-1.0,0,0,0.24446296163956968,Low
Thailand,1995,12,7,0,0.0,1.0,0.0,0.6666666666666666,6.0,0,0,0.2615899787472905,Medium
Thailand,1996,1,1,0,0.0,12.0,0.0,4.666666666666667,-6.0,0,0,0.11101170139820817,Low
Thailand,1997,7,3,0,0.0,1.0,0.0,4.666666666666667,2.0,0,0,0.42156527901392876,Medium
Thailand,1998,12,4,0,0.0,7.0,0.0,6.666666666666667,1.0,0,0,0.35134278577137634,Medium
Thailand,1999,1,1,0,0.0,12.0,0.0,6.666666666666667,-3.0,0,0,0.1989630886545742,Low
Thailand,2000,8,1,0,0.0,1.0,0.0,6.666666666666667,0.0,0,1,0.3568505198536075,Medium
Thailand,2001,25,3,1,0.0,8.0,0.0,7.0,2.0,1,0,0.6109038645930339,High
Thailand,2002,23,1,0,1.0,25.0,0.3333333333333333,11.333333333333334,-2.0,0,1,0.48451311726931723,Medium
Thailand,2003,26,16,1,0.0,23.0,0.3333333333333333,18.666666666666668,15.0,1,1,0.8197628966261467,Critical
Thailand,2004,310,126,1,1.0,26.0,0.6666666666666666,24.666666666666668,110.0,2,1,0.9036218493229726,Critical
Thailand,2005,494,434,1,1.0,310.0,0.6666666666666666,119.66666666666669,308.0,3,1,0.9841255683764107,Critical
Thailand,2006,541,445,1,1.0,494.0,1.0,276.6666666666667,11.0,4,1,0.968221151590792,Critical
Thailand,2007,518,367,1,1.0,541.0,1.0,448.3333333333333,-78.0,5,1,0.9836543582695402,Critical
Thailand,2008,328,224,1,1.0,518.0,1.0,517.6666666666666,-143.0,6,1,0.9802597469540751,Critical
Thailand,2009,258,169,1,1.0,328.0,1.0,462.3333333333333,-55.0,7,1,0.9852055605148767,Critical
Thailand,2010,221,157,1,1.0,258.0,1.0,368.0,-12.0,8,1,0.978132911004857,Critical
Thailand,2011,277,177,1,1.0,221.0,1.0,269.0,20.0,9,1,0.9601970310991057,Critical
Thailand,2012,244,141,1,1.0,277.0,1.0,252.0,-36.0,10,1,0.9782850036688789,Critical
Thailand,2013,249,136,1,1.0,244.0,1.0,247.33333333333331,-5.0,11,1,0.964820504869488,Critical
Thailand,2014,100,71,1,1.0,249.0,1.0,256.6666666666667,-65.0,12,1,0.9692478180566318,Critical
Thailand,2015,84,55,1,1.0,100.0,1.0,197.66666666666663,-16.0,13,1,0.9518295013877666,Critical
Thailand,2016,69,49,1,1.0,84.0,1.0,144.33333333333334,-6.0,14,1,0.9544168814832883,Critical
Thailand,2017,50,27,1,1.0,69.0,1.0,84.33333333333333,-22.0,15,1,0.7834101386529955,Critical
Thailand,2018,61,40,1,1.0,50.0,1.0,67.66666666666667,13.0,16,1,0.9495888929125241,Critical
Thailand,2019,60,27,1,1.0,61.0,1.0,60.0,-13.0,17,1,0.8496281816575036,Critical
Thailand,2020,47,33,1,1.0,60.0,1.0,57.0,6.0,18,1,0.9466955400255173,Critical
Thailand,2021,41,28,1,1.0,47.0,1.0,56.0,-5.0,19,1,0.8528501692530467,Critical
Thailand,2022,36,26,1,1.0,41.0,1.0,49.333333333333336,-2.0,20,1,0.8721564616695123,Critical
Thailand,2023,31,25,1,1.0,36.0,1.0,41.333333333333336,-1.0,21,1,0.804503785524209,Critical
Togo,1989,0,0,0,0.0,0.0,0.0,0.0,0.0,0,0,0.07155524891198818,Low
Togo,1990,0,0,0,0.0,0.0,0.0,0.0,0.0,0,1,0.07155524891198818,Low
Togo,1991,63,4,1,0.0,0.0,0.0,0.0,4.0,1,0,0.4521018138551865,Medium
Togo,1992,5,2,0,1.0,63.0,0.3333333333333333,21.0,-2.0,0,1,0.44937667522921393,Medium
Togo,1993,48,3,1,0.0,5.0,0.3333333333333333,22.666666666666668,1.0,1,0,0.6529522071957157,High
Togo,1994,0,0,0,1.0,48.0,0.6666666666666666,38.66666666666666,-3.0,0,0,0.44500478601866383,Medium
Togo,1995,0,0,0,0.0,0.0,0.3333333333333333,17.666666666666668,0.0,0,0,0.038401158007816086,Low
Togo,1996,0,0,0,0.0,0.0,0.3333333333333333,16.0,0.0,0,0,0.04077121621969292,Low
Togo,1997,0,0,0,0.0,0.0,0.0,0.0,0.0,0,0,0.07155524891198818,Low
Togo,1998,9,4,0,0.0,0.0,0.0,0.0,4.0,0,0,0.050830654010083215,Low
Togo,1999,0,0,0,0.0,9.0,0.0,3.0,-4.0,0,0,0.07044421477062594,Low
Togo,2000,0,0,0,0.0,0.0,0.0,3.0,0.0,0,0,0.14605807669347048,Low
Togo,2001,0,0,0,0.0,0.0,0.0,3.0,0.0,0,0,0.14605807669347048,Low
Togo,2002,0,0,0,0.0,0.0,0.0,0.0,0.0,0,0,0.07155524891198818,Low
Togo,2003,0,0,0,0.0,0.0,0.0,0.0,0.0,0,0,0.07155524891198818,Low
Togo,2004,0,0,0,0.0,0.0,0.0,0.0,0.0,0,1,0.07155524891198818,Low
Togo,2005,436,93,1,0.0,0.0,0.0,0.0,93.0,1,0,0.4410349093406732,Medium
Togo,2006,0,0,0,1.0,436.0,0.3333333333333333,145.33333333333334,-93.0,0,0,0.1272718279312046,Low
Togo,2007,0,0,0,0.0,0.0,0.3333333333333333,145.33333333333334,0.0,0,0,0.04712055290162661,Low
Togo,2008,0,0,0,0.0,0.0,0.3333333333333333,145.33333333333334,0.0,0,0,0.04712055290162661,Low
Togo,2009,0,0,0,0.0,0.0,0.0,0.0,0.0,0,0,0.07155524891198818,Low
Togo,2010,0,0,0,0.0,0.0,0.0,0.0,0.0,0,0,0.07155524891198818,Low
Togo,2011,0,0,0,0.0,0.0,0.0,0.0,0.0,0,0,0.07155524891198818,Low
Togo,2012,0,0,0,0.0,0.0,0.0,0.0,0.0,0,0,0.07155524891198818,Low
Togo,2013,0,0,0,0.0,0.0,0.0,0.0,0.0,0,0,0.07155524891198818,Low
Togo,2014,0,0,0,0.0,0.0,0.0,0.0,0.0,0,0,0.07155524891198818,Low
Togo,2015,0,0,0,0.0,0.0,0.0,0.0,0.0,0,0,0.07155524891198818,Low
Togo,2016,0,0,0,0.0,0.0,0.0,0.0,0.0,0,0,0.07155524891198818,Low
Togo,2017,0,0,0,0.0,0.0,0.0,0.0,0.0,0,0,0.07155524891198818,Low
Togo,2018,0,0,0,0.0,0.0,0.0,0.0,0.0,0,0,0.07155524891198818,Low
Togo,2019,1,1,0,0.0,0.0,0.0,0.0,1.0,0,0,0.2020203200114487,Low
Togo,2020,0,0,0,0.0,1.0,0.0,0.3333333333333333,-1.0,0,0,0.20646866026789099,Low
Togo,2021,0,0,0,0.0,0.0,0.0,0.3333333333333333,0.0,0,1,0.11040342782141219,Low
Togo,2022,62,8,1,0.0,0.0,0.0,0.3333333333333333,8.0,1,1,0.5626889288062054,High
Togo,2023,76,20,1,1.0,62.0,0.3333333333333333,20.666666666666668,12.0,2,1,0.8602922582503425,Critical
Trinidad and Tobago,1989,0,0,0,0.0,0.0,0.0,0.0,0.0,0,1,0.07155524891198818,Low
Trinidad and Tobago,1990,39,3,1,0.0,0.0,0.0,0.0,3.0,1,0,0.5983763437101017,High
Trinidad and Tobago,1991,0,0,0,1.0,39.0,0.5,19.5,-3.0,0,0,0.13671994525301495,Low
Trinidad and Tobago,1992,0,0,0,0.0,0.0,0.3333333333333333,13.0,0.0,0,0,0.04272040421663252,Low
Trinidad and Tobago,1993,0,0,0,0.0,0.0,0.3333333333333333,13.0,0.0,0,0,0.04272040421663252,Low
Trinidad and Tobago,1994,0,0,0,0.0,0.0,0.0,0.0,0.0,0,0,0.07155524891198818,Low
Trinidad and Tobago,1995,0,0,0,0.0,0.0,0.0,0.0,0.0,0,0,0.07155524891198818,Low
Trinidad and Tobago,1996,0,0,0,0.0,0.0,0.0,0.0,0.0,0,0,0.07155524891198818,Low
Trinidad and Tobago,1997,0,0,0,0.0,0.0,0.0,0.0,0.0,0,0,0.07155524891198818,Low
Trinidad and Tobago,1998,0,0,0,0.0,0.0,0.0,0.0,0.0,0,0,0.07155524891198818,Low
Trinidad and Tobago,1999,0,0,0,0.0,0.0,0.0,0.0,0.0,0,0,0.07155524891198818,Low
Trinidad and Tobago,2000,0,0,0,0.0,0.0,0.0,0.0,0.0,0,0,0.07155524891198818,Low
Trinidad and Tobago,2001,0,0,0,0.0,0.0,0.0,0.0,0.0,0,0,0.07155524891198818,Low
Trinidad and Tobago,2002,0,0,0,0.0,0.0,0.0,0.0,0.0,0,0,0.07155524891198818,Low
Trinidad and Tobago,2003,0,0,0,0.0,0.0,0.0,0.0,0.0,0,0,0.07155524891198818,Low
Trinidad and Tobago,2004,0,0,0,0.0,0.0,0.0,0.0,0.0,0,0,0.07155524891198818,Low
Trinidad and Tobago,2005,0,0,0,0.0,0.0,0.0,0.0,0.0,0,0,0.07155524891198818,Low
Trinidad and Tobago,2006,0,0,0,0.0,0.0,0.0,0.0,0.0,0,0,0.07155524891198818,Low
Trinidad and Tobago,2007,0,0,0,0.0,0.0,0.0,0.0,0.0,0,0,0.07155524891198818,Low
Trinidad and Tobago,2008,0,0,0,0.0,0.0,0.0,0.0,0.0,0,0,0.07155524891198818,Low
Trinidad and Tobago,2009,0,0,0,0.0,0.0,0.0,0.0,0.0,0,0,0.07155524891198818,Low
Trinidad and Tobago,2010,0,0,0,0.0,0.0,0.0,0.0,0.0,0,0,0.07155524891198818,Low
Trinidad and Tobago,2011,0,0,0,0.0,0.0,0.0,0.0,0.0,0,0,0.07155524891198818,Low
Trinidad and Tobago,2012,0,0,0,0.0,0.0,0.0,0.0,0.0,0,0,0.07155524891198818,Low
Trinidad and Tobago,2013,0,0,0,0.0,0.0,0.0,0.0,0.0,0,0,0.07155524891198818,Low
Trinidad and Tobago,2014,0,0,0,0.0,0.0,0.0,0.0,0.0,0,0,0.07155524891198818,Low
Trinidad and Tobago,2015,0,0,0,0.0,0.0,0.0,0.0,0.0,0,0,0.07155524891198818,Low
Trinidad and Tobago,2016,0,0,0,0.0,0.0,0.0,0.0,0.0,0,0,0.07155524891198818,Low
Trinidad and Tobago,2017,0,0,0,0.0,0.0,0.0,0.0,0.0,0,0,0.07155524891198818,Low
Trinidad and Tobago,2018,0,0,0,0.0,0.0,0.0,0.0,0.0,0,0,0.07155524891198818,Low
Trinidad and Tobago,2019,0,0,0,0.0,0.0,0.0,0.0,0.0,0,0,0.07155524891198818,Low
Trinidad and Tobago,2020,0,0,0,0.0,0.0,0.0,0.0,0.0,0,0,0.07155524891198818,Low
Trinidad and Tobago,2021,0,0,0,0.0,0.0,0.0,0.0,0.0,0,0,0.07155524891198818,Low
Trinidad and Tobago,2022,0,0,0,0.0,0.0,0.0,0.0,0.0,0,0,0.07155524891198818,Low
Trinidad and Tobago,2023,0,0,0,0.0,0.0,0.0,0.0,0.0,0,0,0.07155524891198818,Low
Tunisia,1989,0,0,0,0.0,0.0,0.0,0.0,0.0,0,0,0.07155524891198818,Low
Tunisia,1990,0,0,0,0.0,0.0,0.0,0.0,0.0,0,0,0.07155524891198818,Low
Tunisia,1991,0,0,0,0.0,0.0,0.0,0.0,0.0,0,0,0.07155524891198818,Low
Tunisia,1992,0,0,0,0.0,0.0,0.0,0.0,0.0,0,0,0.07155524891198818,Low
Tunisia,1993,0,0,0,0.0,0.0,0.0,0.0,0.0,0,0,0.07155524891198818,Low
Tunisia,1994,0,0,0,0.0,0.0,0.0,0.0,0.0,0,0,0.07155524891198818,Low
Tunisia,1995,0,0,0,0.0,0.0,0.0,0.0,0.0,0,0,0.07155524891198818,Low
Tunisia,1996,0,0,0,0.0,0.0,0.0,0.0,0.0,0,0,0.07155524891198818,Low
Tunisia,1997,0,0,0,0.0,0.0,0.0,0.0,0.0,0,0,0.07155524891198818,Low
Tunisia,1998,0,0,0,0.0,0.0,0.0,0.0,0.0,0,0,0.07155524891198818,Low
Tunisia,1999,0,0,0,0.0,0.0,0.0,0.0,0.0,0,0,0.07155524891198818,Low
Tunisia,2000,0,0,0,0.0,0.0,0.0,0.0,0.0,0,0,0.07155524891198818,Low
Tunisia,2001,0,0,0,0.0,0.0,0.0,0.0,0.0,0,0,0.07155524891198818,Low
Tunisia,2002,21,1,0,0.0,0.0,0.0,0.0,1.0,0,0,0.2020203200114487,Low
Tunisia,2003,0,0,0,0.0,21.0,0.0,7.0,-1.0,0,0,0.2888771706527751,Medium
Tunisia,2004,0,0,0,0.0,0.0,0.0,7.0,0.0,0,0,0.23096234176096558,Low
Tunisia,2005,0,0,0,0.0,0.0,0.0,7.0,0.0,0,0,0.23096234176096558,Low
Tunisia,2006,0,0,0,0.0,0.0,0.0,0.0,0.0,0,0,0.07155524891198818,Low
Tunisia,2007,0,0,0,0.0,0.0,0.0,0.0,0.0,0,0,0.07155524891198818,Low
Tunisia,2008,0,0,0,0.0,0.0,0.0,0.0,0.0,0,0,0.07155524891198818,Low
Tunisia,2009,0,0,0,0.0,0.0,0.0,0.0,0.0,0,0,0.07155524891198818,Low
Tunisia,2010,0,0,0,0.0,0.0,0.0,0.0,0.0,0,0,0.07155524891198818,Low
Tunisia,2011,8,2,0,0.0,0.0,0.0,0.0,2.0,0,0,0.18758822948971413,Low
Tunisia,2012,3,2,0,0.0,8.0,0.0,2.6666666666666665,0.0,0,1,0.2376643133903542,Low
Tunisia,2013,29,8,1,0.0,3.0,0.0,3.6666666666666665,6.0,1,1,0.6032650048448733,High
Tunisia,2014,51,22,1,1.0,29.0,0.3333333333333333,13.333333333333334,14.0,2,1,0.8579937565055912,Critical
Tunisia,2015,137,26,1,1.0,51.0,0.6666666666666666,27.666666666666668,4.0,3,1,0.7754580019949048,Critical
Tunisia,2016,88,15,1,1.0,137.0,1.0,72.33333333333333,-11.0,4,0,0.47517775692951525,Medium
Tunisia,2017,15,10,0,1.0,88.0,1.0,92.0,-5.0,0,1,0.6846732999991482,High
Tunisia,2018,25,13,1,0.0,15.0,0.6666666666666666,80.0,3.0,1,0,0.5287106763873056,High
Tunisia,2019,20,9,0,1.0,25.0,0.6666666666666666,42.66666666666666,-4.0,0,0,0.36133134833485914,Medium
Tunisia,2020,12,5,0,0.0,20.0,0.3333333333333333,20.0,-4.0,0,0,0.18824310690330703,Low
Tunisia,2021,18,9,0,0.0,12.0,0.3333333333333333,19.0,4.0,0,0,0.3158350961052357,Medium
Tunisia,2022,3,1,0,0.0,18.0,0.0,16.666666666666668,-8.0,0,0,0.18668270558768826,Low
Tunisia,2023,3,1,0,0.0,3.0,0.0,11.0,0.0,0,0,0.26066068372092294,Medium
Turkey,1989,538,201,1,0.0,0.0,0.0,0.0,0.0,1,1,0.8223020940359717,Critical
Turkey,1990,630,223,1,1.0,538.0,1.0,538.0,22.0,2,1,0.9569200417423307,Critical
Turkey,1991,448,158,1,1.0,630.0,1.0,584.0,-65.0,3,1,0.9469047112641306,Critical
Turkey,1992,1926,341,1,1.0,448.0,1.0,538.6666666666666,183.0,4,1,0.9895122574808298,Critical
Turkey,1993,2765,500,1,1.0,1926.0,1.0,1001.3333333333334,159.0,5,1,0.9953098901069014,Critical
Turkey,1994,4182,638,1,1.0,2765.0,1.0,1713.0,138.0,6,1,0.9933671445136654,Critical
Turkey,1995,3650,816,1,1.0,4182.0,1.0,2957.6666666666665,178.0,7,1,0.9970354715725637,Critical
Turkey,1996,3811,647,1,1.0,3650.0,1.0,3532.333333333333,-169.0,8,1,0.9722026439264998,Critical
Turkey,1997,2600,498,1,1.0,3811.0,1.0,3881.0,-149.0,9,1,0.9840176346977701,Critical
Turkey,1998,2058,328,1,1.0,2600.0,1.0,3353.6666666666665,-170.0,10,1,0.9721469524732358,Critical
Turkey,1999,1155,267,1,1.0,2058.0,1.0,2823.0,-61.0,11,1,0.9753037635933488,Critical
Turkey,2000,153,33,1,1.0,1155.0,1.0,1937.6666666666667,-234.0,12,1,0.9777472775223852,Critical
Turkey,2001,120,33,1,1.0,153.0,1.0,1122.0,0.0,13,1,0.9643668826960273,Critical
Turkey,2002,34,21,1,1.0,120.0,1.0,476.0,-12.0,14,1,0.9625775476946209,Critical
Turkey,2003,150,43,1,1.0,34.0,1.0,102.33333333333331,22.0,15,1,0.732460964888686,High
Turkey,2004,221,124,1,1.0,150.0,1.0,101.33333333333331,81.0,16,1,0.9899293072106989,Critical
Turkey,2005,295,114,1,1.0,221.0,1.0,135.0,-10.0,17,1,0.9744486821688597,Critical
Turkey,2006,226,92,1,1.0,295.0,1.0,222.0,-22.0,18,1,0.9847576325681738,Critical
Turkey,2007,502,137,1,1.0,226.0,1.0,247.33333333333331,45.0,19,1,0.9957821048545467,Critical
Turkey,2008,491,129,1,1.0,502.0,1.0,341.0,-8.0,20,1,0.9889119078613423,Critical
Turkey,2009,138,47,1,1.0,491.0,1.0,406.3333333333333,-82.0,21,1,0.9891018844298721,Critical
Turkey,2010,234,78,1,1.0,138.0,1.0,377.0,31.0,22,1,0.9854259826760783,Critical
Turkey,2011,410,114,1,1.0,234.0,1.0,287.6666666666667,36.0,23,1,0.9974477806474962,Critical
Turkey,2012,789,141,1,1.0,410.0,1.0,260.6666666666667,27.0,24,1,0.9867959354315792,Critical
Turkey,2013,75,9,1,1.0,789.0,1.0,477.6666666666667,-132.0,25,0,0.8581176661828014,Critical
Turkey,2014,11,8,0,1.0,75.0,1.0,424.6666666666667,-1.0,0,1,0.8248973891077299,Critical
Turkey,2015,1061,232,1,0.0,11.0,0.6666666666666666,291.6666666666667,224.0,1,1,0.9581774885134725,Critical
Turkey,2016,1561,234,1,1.0,1061.0,0.6666666666666666,382.3333333333333,2.0,2,1,0.953922555209676,Critical
Turkey,2017,462,65,1,1.0,1561.0,0.6666666666666666,877.6666666666666,-169.0,3,1,0.9508255051610354,Critical
Turkey,2018,461,181,1,1.0,462.0,1.0,1028.0,116.0,4,1,0.9916411451589398,Critical
Turkey,2019,311,144,1,1.0,461.0,1.0,828.0,-37.0,5,1,0.9806494837968666,Critical
Turkey,2020,226,116,1,1.0,311.0,1.0,411.3333333333333,-28.0,6,1,0.9845613646843238,Critical
Turkey,2021,132,82,1,1.0,226.0,1.0,332.6666666666667,-34.0,7,1,0.9839973945111914,Critical
Turkey,2022,107,65,1,1.0,132.0,1.0,223.0,-17.0,8,1,0.9227473401657978,Critical
Turkey,2023,108,58,1,1.0,107.0,1.0,155.0,-7.0,9,1,0.9715920085457638,Critical
Uganda,1989,1057,24,1,0.0,0.0,0.0,0.0,0.0,1,1,0.8223020940359717,Critical
Uganda,1990,809,34,1,1.0,1057.0,1.0,1057.0,10.0,2,1,0.9763868978438827,Critical
Uganda,1991,1018,21,1,1.0,809.0,1.0,933.0,-13.0,3,1,0.9593623581570412,Critical
Uganda,1992,76,4,1,1.0,1018.0,1.0,961.3333333333334,-17.0,4,0,0.9600605095469064,Critical
Uganda,1993,0,0,0,1.0,76.0,1.0,634.3333333333334,-4.0,0,1,0.8233436412167002,Critical
Uganda,1994,160,18,1,0.0,0.0,0.6666666666666666,364.6666666666667,18.0,1,1,0.675332343418723,High
Uganda,1995,537,20,1,1.0,160.0,0.6666666666666666,78.66666666666667,2.0,2,1,0.8815311210439506,Critical
Uganda,1996,1798,120,1,1.0,537.0,0.6666666666666666,232.33333333333331,100.0,3,1,0.9861531920872824,Critical
Uganda,1997,1354,77,1,1.0,1798.0,1.0,831.6666666666666,-43.0,4,1,0.9472943799109821,Critical
Uganda,1998,1214,121,1,1.0,1354.0,1.0,1229.6666666666667,44.0,5,1,0.9964053598909358,Critical
Uganda,1999,1024,89,1,1.0,1214.0,1.0,1455.3333333333333,-32.0,6,1,0.9828393007266846,Critical
Uganda,2000,1238,116,1,1.0,1024.0,1.0,1197.3333333333333,27.0,7,1,0.9921013055665586,Critical
Uganda,2001,212,55,1,1.0,1238.0,1.0,1158.6666666666667,-61.0,8,1,0.9833075541603457,Critical
Uganda,2002,1316,164,1,1.0,212.0,1.0,824.6666666666666,109.0,9,1,0.9971041144342369,Critical
Uganda,2003,1628,194,1,1.0,1316.0,1.0,922.0,30.0,10,1,0.9957730825618629,Critical
Uganda,2004,2004,251,1,1.0,1628.0,1.0,1052.0,57.0,11,1,0.9961570861637328,Critical
Uganda,2005,922,221,1,1.0,2004.0,1.0,1649.3333333333333,-30.0,12,1,0.9839376209977266,Critical
Uganda,2006,334,98,1,1.0,922.0,1.0,1518.0,-123.0,13,1,0.9772645665927497,Critical
Uganda,2007,156,21,1,1.0,334.0,1.0,1086.6666666666667,-77.0,14,1,0.9880950943406546,Critical
Uganda,2008,32,8,1,1.0,156.0,1.0,470.6666666666667,-13.0,15,1,0.9796352210233645,Critical
Uganda,2009,59,6,1,1.0,32.0,1.0,174.0,-2.0,16,1,0.8048401536479142,Critical
Uganda,2010,74,1,1,1.0,59.0,1.0,82.33333333333333,-5.0,17,0,0.6452789193938631,High
Uganda,2011,0,0,0,1.0,74.0,1.0,55.0,-1.0,0,0,0.6053933260390258,High
Uganda,2012,0,0,0,0.0,0.0,0.6666666666666666,44.333333333333336,0.0,0,0,0.03957052942486459,Low
Uganda,2013,0,0,0,0.0,0.0,0.3333333333333333,24.666666666666668,0.0,0,0,0.03978909963440286,Low
Uganda,2014,7,1,0,0.0,0.0,0.0,0.0,1.0,0,0,0.2020203200114487,Low
Uganda,2015,0,0,0,0.0,7.0,0.0,2.333333333333333,-1.0,0,1,0.2649834165661272,Medium
Uganda,2016,30,2,1,0.0,0.0,0.0,2.333333333333333,2.0,1,0,0.5177161536914269,High
Uganda,2017,0,1,0,1.0,30.0,0.3333333333333333,12.333333333333334,-1.0,0,0,0.22908629744055878,Low
Uganda,2018,2,2,0,0.0,0.0,0.3333333333333333,10.0,1.0,0,0,0.08865074878835141,Low
Uganda,2019,2,2,0,0.0,2.0,0.3333333333333333,10.666666666666666,0.0,0,0,0.1883136182262678,Low
Uganda,2020,0,0,0,0.0,2.0,0.0,1.3333333333333333,-2.0,0,0,0.11974648828594764,Low
Uganda,2021,23,12,0,0.0,0.0,0.0,1.3333333333333333,12.0,0,1,0.6110394763040982,High
Uganda,2022,25,6,1,0.0,23.0,0.0,8.333333333333334,-6.0,1,1,0.6223352300817432,High
Uganda,2023,79,12,1,1.0,25.0,0.3333333333333333,16.0,6.0,2,0,0.44816892060671354,Medium
Ukraine,1989,0,0,0,0.0,0.0,0.0,0.0,0.0,0,0,0.07155524891198818,Low
Ukraine,1990,0,0,0,0.0,0.0,0.0,0.0,0.0,0,0,0.07155524891198818,Low
Ukraine,1991,0,0,0,0.0,0.0,0.0,0.0,0.0,0,0,0.07155524891198818,Low
Ukraine,1992,0,0,0,0.0,0.0,0.0,0.0,0.0,0,0,0.07155524891198818,Low
Ukraine,1993,0,0,0,0.0,0.0,0.0,0.0,0.0,0,0,0.07155524891198818,Low
Ukraine,1994,0,0,0,0.0,0.0,0.0,0.0,0.0,0,0,0.07155524891198818,Low
Ukraine,1995,0,0,0,0.0,0.0,0.0,0.0,0.0,0,0,0.07155524891198818,Low
Ukraine,1996,0,0,0,0.0,0.0,0.0,0.0,0.0,0,0,0.07155524891198818,Low
Ukraine,1997,0,0,0,0.0,0.0,0.0,0.0,0.0,0,0,0.07155524891198818,Low
Ukraine,1998,0,0,0,0.0,0.0,0.0,0.0,0.0,0,0,0.07155524891198818,Low
Ukraine,1999,0,0,0,0.0,0.0,0.0,0.0,0.0,0,0,0.07155524891198818,Low
Ukraine,2000,0,0,0,0.0,0.0,0.0,0.0,0.0,0,0,0.07155524891198818,Low
Ukraine,2001,0,0,0,0.0,0.0,0.0,0.0,0.0,0,0,0.07155524891198818,Low
Ukraine,2002,0,0,0,0.0,0.0,0.0,0.0,0.0,0,0,0.07155524891198818,Low
Ukraine,2003,0,0,0,0.0,0.0,0.0,0.0,0.0,0,0,0.07155524891198818,Low
Ukraine,2004,0,0,0,0.0,0.0,0.0,0.0,0.0,0,0,0.07155524891198818,Low
Ukraine,2005,0,0,0,0.0,0.0,0.0,0.0,0.0,0,0,0.07155524891198818,Low
Ukraine,2006,0,0,0,0.0,0.0,0.0,0.0,0.0,0,0,0.07155524891198818,Low
Ukraine,2007,0,0,0,0.0,0.0,0.0,0.0,0.0,0,0,0.07155524891198818,Low
Ukraine,2008,0,0,0,0.0,0.0,0.0,0.0,0.0,0,0,0.07155524891198818,Low
Ukraine,2009,0,0,0,0.0,0.0,0.0,0.0,0.0,0,0,0.07155524891198818,Low
Ukraine,2010,0,0,0,0.0,0.0,0.0,0.0,0.0,0,0,0.07155524891198818,Low
Ukraine,2011,0,0,0,0.0,0.0,0.0,0.0,0.0,0,0,0.07155524891198818,Low
Ukraine,2012,0,0,0,0.0,0.0,0.0,0.0,0.0,0,0,0.07155524891198818,Low
Ukraine,2013,0,0,0,0.0,0.0,0.0,0.0,0.0,0,1,0.07155524891198818,Low
Ukraine,2014,4946,1303,1,0.0,0.0,0.0,0.0,1303.0,1,1,0.7008760003386343,High
Ukraine,2015,1894,871,1,1.0,4946.0,0.3333333333333333,1648.6666666666667,-432.0,2,1,0.9479704713205814,Critical
Ukraine,2016,699,514,1,1.0,1894.0,0.6666666666666666,2280.0,-357.0,3,1,0.9199333470691734,Critical
Ukraine,2017,447,216,1,1.0,699.0,1.0,2513.0,-298.0,4,1,0.9636675177570303,Critical
Ukraine,2018,243,153,1,1.0,447.0,1.0,1013.3333333333334,-63.0,5,1,0.9843968505838577,Critical
Ukraine,2019,311,199,1,1.0,243.0,1.0,463.0,46.0,6,1,0.9963683438781239,Critical
Ukraine,2020,196,145,1,1.0,311.0,1.0,333.6666666666667,-54.0,7,1,0.9852014833854673,Critical
Ukraine,2021,208,167,1,1.0,196.0,1.0,250.0,22.0,8,1,0.9926884893821928,Critical
Ukraine,2022,92615,7429,1,1.0,208.0,1.0,238.33333333333331,7262.0,9,1,0.9948093088251371,Critical
Ukraine,2023,75393,10181,1,1.0,92615.0,1.0,31006.33333333333,2752.0,10,1,0.9971760605602503,Critical
United Arab Emirates,1989,0,0,0,0.0,0.0,0.0,0.0,0.0,0,0,0.07155524891198818,Low
United Arab Emirates,1990,0,0,0,0.0,0.0,0.0,0.0,0.0,0,0,0.07155524891198818,Low
United Arab Emirates,1991,0,0,0,0.0,0.0,0.0,0.0,0.0,0,0,0.07155524891198818,Low
United Arab Emirates,1992,0,0,0,0.0,0.0,0.0,0.0,0.0,0,0,0.07155524891198818,Low
United Arab Emirates,1993,0,0,0,0.0,0.0,0.0,0.0,0.0,0,0,0.07155524891198818,Low
United Arab Emirates,1994,0,0,0,0.0,0.0,0.0,0.0,0.0,0,0,0.07155524891198818,Low
United Arab Emirates,1995,0,0,0,0.0,0.0,0.0,0.0,0.0,0,0,0.07155524891198818,Low
United Arab Emirates,1996,0,0,0,0.0,0.0,0.0,0.0,0.0,0,0,0.07155524891198818,Low
United Arab Emirates,1997,0,0,0,0.0,0.0,0.0,0.0,0.0,0,0,0.07155524891198818,Low
United Arab Emirates,1998,0,0,0,0.0,0.0,0.0,0.0,0.0,0,0,0.07155524891198818,Low
United Arab Emirates,1999,0,0,0,0.0,0.0,0.0,0.0,0.0,0,0,0.07155524891198818,Low
United Arab Emirates,2000,0,0,0,0.0,0.0,0.0,0.0,0.0,0,0,0.07155524891198818,Low
United Arab Emirates,2001,0,0,0,0.0,0.0,0.0,0.0,0.0,0,0,0.07155524891198818,Low
United Arab Emirates,2002,0,0,0,0.0,0.0,0.0,0.0,0.0,0,0,0.07155524891198818,Low
United Arab Emirates,2003,0,0,0,0.0,0.0,0.0,0.0,0.0,0,0,0.07155524891198818,Low
United Arab Emirates,2004,0,0,0,0.0,0.0,0.0,0.0,0.0,0,0,0.07155524891198818,Low
United Arab Emirates,2005,0,0,0,0.0,0.0,0.0,0.0,0.0,0,0,0.07155524891198818,Low
United Arab Emirates,2006,0,0,0,0.0,0.0,0.0,0.0,0.0,0,0,0.07155524891198818,Low
United Arab Emirates,2007,0,0,0,0.0,0.0,0.0,0.0,0.0,0,0,0.07155524891198818,Low
United Arab Emirates,2008,0,0,0,0.0,0.0,0.0,0.0,0.0,0,0,0.07155524891198818,Low
United Arab Emirates,2009,0,0,0,0.0,0.0,0.0,0.0,0.0,0,0,0.07155524891198818,Low
United Arab Emirates,2010,1,1,0,0.0,0.0,0.0,0.0,1.0,0,0,0.2020203200114487,Low
United Arab Emirates,2011,0,0,0,0.0,1.0,0.0,0.3333333333333333,-1.0,0,0,0.20646866026789099,Low
United Arab Emirates,2012,0,0,0,0.0,0.0,0.0,0.3333333333333333,0.0,0,0,0.11040342782141219,Low
United Arab Emirates,2013,0,0,0,0.0,0.0,0.0,0.3333333333333333,0.0,0,0,0.11040342782141219,Low
United Arab Emirates,2014,0,0,0,0.0,0.0,0.0,0.0,0.0,0,0,0.07155524891198818,Low
United Arab Emirates,2015,0,0,0,0.0,0.0,0.0,0.0,0.0,0,0,0.07155524891198818,Low
United Arab Emirates,2016,0,0,0,0.0,0.0,0.0,0.0,0.0,0,0,0.07155524891198818,Low
United Arab Emirates,2017,0,0,0,0.0,0.0,0.0,0.0,0.0,0,0,0.07155524891198818,Low
United Arab Emirates,2018,0,0,0,0.0,0.0,0.0,0.0,0.0,0,0,0.07155524891198818,Low
United Arab Emirates,2019,0,0,0,0.0,0.0,0.0,0.0,0.0,0,0,0.07155524891198818,Low
United Arab Emirates,2020,0,0,0,0.0,0.0,0.0,0.0,0.0,0,0,0.07155524891198818,Low
United Arab Emirates,2021,0,0,0,0.0,0.0,0.0,0.0,0.0,0,0,0.07155524891198818,Low
United Arab Emirates,2022,3,1,0,0.0,0.0,0.0,0.0,1.0,0,0,0.2020203200114487,Low
United Arab Emirates,2023,0,0,0,0.0,3.0,0.0,1.0,-1.0,0,0,0.15519304629834904,Low
United Kingdom,1989,41,27,1,0.0,0.0,0.0,0.0,0.0,1,1,0.8223020940359717,Critical
United Kingdom,1990,47,32,1,1.0,41.0,1.0,41.0,5.0,2,1,0.6193518268731988,High
United Kingdom,1991,38,32,1,1.0,47.0,1.0,44.0,0.0,3,1,0.7652986452949745,Critical
United Kingdom,1992,39,30,1,1.0,38.0,1.0,42.0,-2.0,4,1,0.597307987740133,High
United Kingdom,1993,47,34,1,1.0,39.0,1.0,41.333333333333336,4.0,5,0,0.5898894929183417,High
United Kingdom,1994,16,16,0,1.0,47.0,1.0,41.333333333333336,-18.0,0,0,0.45716365244337076,Medium
United Kingdom,1995,0,0,0,0.0,16.0,0.6666666666666666,34.0,-16.0,0,0,0.24388292384436472,Low
United Kingdom,1996,2,2,0,0.0,0.0,0.3333333333333333,21.0,2.0,0,0,0.4310632108391095,Medium
United Kingdom,1997,5,4,0,0.0,2.0,0.0,6.0,2.0,0,1,0.5665062295662178,High
United Kingdom,1998,31,3,1,0.0,5.0,0.0,2.333333333333333,-1.0,1,0,0.3692183698751928,Medium
United Kingdom,1999,0,0,0,1.0,31.0,0.3333333333333333,12.666666666666666,-3.0,0,0,0.20672349993296268,Low
United Kingdom,2000,1,1,0,0.0,0.0,0.3333333333333333,12.0,1.0,0,0,0.08704516724481542,Low
United Kingdom,2001,1,1,0,0.0,1.0,0.3333333333333333,10.666666666666666,0.0,0,0,0.1764857106537786,Low
United Kingdom,2002,3,4,0,0.0,1.0,0.0,0.6666666666666666,3.0,0,0,0.37662659336316584,Medium
United Kingdom,2003,1,2,0,0.0,3.0,0.0,1.6666666666666667,-2.0,0,0,0.10783369354463346,Low
United Kingdom,2004,1,1,0,0.0,1.0,0.0,1.6666666666666667,-1.0,0,1,0.2516338047076034,Medium
United Kingdom,2005,53,2,1,0.0,1.0,0.0,1.6666666666666667,1.0,1,0,0.5079992723923401,High
United Kingdom,2006,0,1,0,1.0,53.0,0.3333333333333333,18.33333333333333,-1.0,0,0,0.1600197415949002,Low
United Kingdom,2007,0,0,0,0.0,0.0,0.3333333333333333,18.0,-1.0,0,0,0.07824651244891578,Low
United Kingdom,2008,0,0,0,0.0,0.0,0.3333333333333333,17.666666666666668,0.0,0,0,0.038401158007816086,Low
United Kingdom,2009,2,2,0,0.0,0.0,0.0,0.0,2.0,0,0,0.18758822948971413,Low
United Kingdom,2010,0,0,0,0.0,2.0,0.0,0.6666666666666666,-2.0,0,0,0.13337412408881957,Low
United Kingdom,2011,1,1,0,0.0,0.0,0.0,0.6666666666666666,1.0,0,0,0.24278435864316042,Low
United Kingdom,2012,0,0,0,0.0,1.0,0.0,1.0,-1.0,0,0,0.24446296163956968,Low
United Kingdom,2013,0,0,0,0.0,0.0,0.0,0.3333333333333333,0.0,0,0,0.11040342782141219,Low
United Kingdom,2014,0,0,0,0.0,0.0,0.0,0.3333333333333333,0.0,0,0,0.11040342782141219,Low
United Kingdom,2015,0,0,0,0.0,0.0,0.0,0.0,0.0,0,0,0.07155524891198818,Low
United Kingdom,2016,0,0,0,0.0,0.0,0.0,0.0,0.0,0,0,0.07155524891198818,Low
United Kingdom,2017,0,0,0,0.0,0.0,0.0,0.0,0.0,0,0,0.07155524891198818,Low
United Kingdom,2018,0,0,0,0.0,0.0,0.0,0.0,0.0,0,0,0.07155524891198818,Low
United Kingdom,2019,4,3,0,0.0,0.0,0.0,0.0,3.0,0,0,0.08814327318334579,Low
United Kingdom,2020,0,0,0,0.0,4.0,0.0,1.3333333333333333,-3.0,0,0,0.11847741479372878,Low
United Kingdom,2021,0,0,0,0.0,0.0,0.0,1.3333333333333333,0.0,0,0,0.191773195624242,Low
United Kingdom,2022,0,0,0,0.0,0.0,0.0,1.3333333333333333,0.0,0,0,0.191773195624242,Low
United Kingdom,2023,0,0,0,0.0,0.0,0.0,0.0,0.0,0,0,0.07155524891198818,Low
United States of America,1989,0,0,0,0.0,0.0,0.0,0.0,0.0,0,0,0.07155524891198818,Low
United States of America,1990,0,0,0,0.0,0.0,0.0,0.0,0.0,0,0,0.07155524891198818,Low
United States of America,1991,0,0,0,0.0,0.0,0.0,0.0,0.0,0,0,0.07155524891198818,Low
United States of America,1992,0,0,0,0.0,0.0,0.0,0.0,0.0,0,0,0.07155524891198818,Low
United States of America,1993,0,0,0,0.0,0.0,0.0,0.0,0.0,0,0,0.07155524891198818,Low
United States of America,1994,0,0,0,0.0,0.0,0.0,0.0,0.0,0,0,0.07155524891198818,Low
United States of America,1995,0,0,0,0.0,0.0,0.0,0.0,0.0,0,0,0.07155524891198818,Low
United States of America,1996,0,0,0,0.0,0.0,0.0,0.0,0.0,0,0,0.07155524891198818,Low
United States of America,1997,0,0,0,0.0,0.0,0.0,0.0,0.0,0,0,0.07155524891198818,Low
United States of America,1998,0,0,0,0.0,0.0,0.0,0.0,0.0,0,0,0.07155524891198818,Low
United States of America,1999,0,0,0,0.0,0.0,0.0,0.0,0.0,0,0,0.07155524891198818,Low
United States of America,2000,0,0,0,0.0,0.0,0.0,0.0,0.0,0,1,0.07155524891198818,Low
United States of America,2001,2986,3,1,0.0,0.0,0.0,0.0,3.0,1,0,0.5983763437101017,High
United States of America,2002,0,0,0,1.0,2986.0,0.3333333333333333,995.3333333333334,-3.0,0,0,0.1171730853337734,Low
United States of America,2003,0,0,0,0.0,0.0,0.3333333333333333,995.3333333333334,0.0,0,0,0.043899990026711216,Low
United States of America,2004,0,0,0,0.0,0.0,0.3333333333333333,995.3333333333334,0.0,0,0,0.043899990026711216,Low
United States of America,2005,0,0,0,0.0,0.0,0.0,0.0,0.0,0,0,0.07155524891198818,Low
United States of America,2006,0,0,0,0.0,0.0,0.0,0.0,0.0,0,0,0.07155524891198818,Low
United States of America,2007,0,0,0,0.0,0.0,0.0,0.0,0.0,0,0,0.07155524891198818,Low
United States of America,2008,0,0,0,0.0,0.0,0.0,0.0,0.0,0,0,0.07155524891198818,Low
United States of America,2009,0,0,0,0.0,0.0,0.0,0.0,0.0,0,0,0.07155524891198818,Low
United States of America,2010,2,1,0,0.0,0.0,0.0,0.0,1.0,0,0,0.2020203200114487,Low
United States of America,2011,0,0,0,0.0,2.0,0.0,0.6666666666666666,-1.0,0,0,0.24111742643615458,Low
United States of America,2012,0,0,0,0.0,0.0,0.0,0.6666666666666666,0.0,0,0,0.11405812144190554,Low
United States of America,2013,0,0,0,0.0,0.0,0.0,0.6666666666666666,0.0,0,0,0.11405812144190554,Low
United States of America,2014,0,0,0,0.0,0.0,0.0,0.0,0.0,0,0,0.07155524891198818,Low
United States of America,2015,14,1,0,0.0,0.0,0.0,0.0,1.0,0,0,0.2020203200114487,Low
United States of America,2016,0,0,0,0.0,14.0,0.0,4.666666666666667,-1.0,0,0,0.31147942461745326,Medium
United States of America,2017,8,1,0,0.0,0.0,0.0,4.666666666666667,1.0,0,0,0.3779995150535525,Medium
United States of America,2018,1,1,0,0.0,8.0,0.0,7.333333333333333,0.0,0,0,0.31744278428293526,Medium
United States of America,2019,4,1,0,0.0,1.0,0.0,3.0,0.0,0,0,0.22525894534060284,Low
United States of America,2020,0,0,0,0.0,4.0,0.0,4.333333333333333,-1.0,0,0,0.2083444334009481,Low
United States of America,2021,0,0,0,0.0,0.0,0.0,1.6666666666666667,0.0,0,0,0.200987836760613,Low
United States of America,2022,1,1,0,0.0,0.0,0.0,1.3333333333333333,1.0,0,0,0.2367747097331808,Low
United States of America,2023,0,0,0,0.0,1.0,0.0,0.3333333333333333,-1.0,0,0,0.20646866026789099,Low
Uzbekistan,1989,0,0,0,0.0,0.0,0.0,0.0,0.0,0,0,0.07155524891198818,Low
Uzbekistan,1990,0,0,0,0.0,0.0,0.0,0.0,0.0,0,0,0.07155524891198818,Low
Uzbekistan,1991,0,0,0,0.0,0.0,0.0,0.0,0.0,0,0,0.07155524891198818,Low
Uzbekistan,1992,0,0,0,0.0,0.0,0.0,0.0,0.0,0,0,0.07155524891198818,Low
Uzbekistan,1993,0,0,0,0.0,0.0,0.0,0.0,0.0,0,0,0.07155524891198818,Low
Uzbekistan,1994,0,0,0,0.0,0.0,0.0,0.0,0.0,0,0,0.07155524891198818,Low
Uzbekistan,1995,0,0,0,0.0,0.0,0.0,0.0,0.0,0,0,0.07155524891198818,Low
Uzbekistan,1996,0,0,0,0.0,0.0,0.0,0.0,0.0,0,0,0.07155524891198818,Low
Uzbekistan,1997,0,0,0,0.0,0.0,0.0,0.0,0.0,0,0,0.07155524891198818,Low
Uzbekistan,1998,0,0,0,0.0,0.0,0.0,0.0,0.0,0,1,0.07155524891198818,Low
Uzbekistan,1999,50,6,1,0.0,0.0,0.0,0.0,6.0,1,1,0.6053234101592702,High
Uzbekistan,2000,297,16,1,1.0,50.0,0.3333333333333333,16.666666666666668,10.0,2,0,0.6466300354187928,High
Uzbekistan,2001,0,0,0,1.0,297.0,0.6666666666666666,115.66666666666669,-16.0,0,0,0.3954105795888482,Medium
Uzbekistan,2002,0,0,0,0.0,0.0,0.6666666666666666,115.66666666666669,0.0,0,0,0.02634020619841455,Low
Uzbekistan,2003,0,0,0,0.0,0.0,0.3333333333333333,99.0,0.0,0,1,0.14779579936082377,Low
Uzbekistan,2004,37,8,1,0.0,0.0,0.0,0.0,8.0,1,0,0.48047812159178677,Medium
Uzbekistan,2005,0,0,0,1.0,37.0,0.3333333333333333,12.333333333333334,-8.0,0,0,0.08274734267060772,Low
Uzbekistan,2006,0,0,0,0.0,0.0,0.3333333333333333,12.333333333333334,0.0,0,0,0.042589081917392045,Low
Uzbekistan,2007,0,0,0,0.0,0.0,0.3333333333333333,12.333333333333334,0.0,0,0,0.042589081917392045,Low
Uzbekistan,2008,0,0,0,0.0,0.0,0.0,0.0,0.0,0,0,0.07155524891198818,Low
Uzbekistan,2009,16,2,0,0.0,0.0,0.0,0.0,2.0,0,0,0.18758822948971413,Low
Uzbekistan,2010,0,0,0,0.0,16.0,0.0,5.333333333333333,-2.0,0,0,0.23165395841865957,Low
Uzbekistan,2011,0,0,0,0.0,0.0,0.0,5.333333333333333,0.0,0,0,0.17384964231551378,Low
Uzbekistan,2012,0,0,0,0.0,0.0,0.0,5.333333333333333,0.0,0,0,0.17384964231551378,Low
Uzbekistan,2013,0,0,0,0.0,0.0,0.0,0.0,0.0,0,0,0.07155524891198818,Low
Uzbekistan,2014,0,0,0,0.0,0.0,0.0,0.0,0.0,0,0,0.07155524891198818,Low
Uzbekistan,2015,0,0,0,0.0,0.0,0.0,0.0,0.0,0,0,0.07155524891198818,Low
Uzbekistan,2016,0,0,0,0.0,0.0,0.0,0.0,0.0,0,0,0.07155524891198818,Low
Uzbekistan,2017,0,0,0,0.0,0.0,0.0,0.0,0.0,0,0,0.07155524891198818,Low
Uzbekistan,2018,0,0,0,0.0,0.0,0.0,0.0,0.0,0,0,0.07155524891198818,Low
Uzbekistan,2019,0,0,0,0.0,0.0,0.0,0.0,0.0,0,0,0.07155524891198818,Low
Uzbekistan,2020,0,0,0,0.0,0.0,0.0,0.0,0.0,0,0,0.07155524891198818,Low
Uzbekistan,2021,0,0,0,0.0,0.0,0.0,0.0,0.0,0,0,0.07155524891198818,Low
Uzbekistan,2022,0,0,0,0.0,0.0,0.0,0.0,0.0,0,0,0.07155524891198818,Low
Uzbekistan,2023,0,0,0,0.0,0.0,0.0,0.0,0.0,0,0,0.07155524891198818,Low
Venezuela,1989,58,54,1,0.0,0.0,0.0,0.0,0.0,1,1,0.8223020940359717,Critical
Venezuela,1990,64,66,1,1.0,58.0,1.0,58.0,12.0,2,1,0.9350075490698955,Critical
Venezuela,1991,30,38,1,1.0,64.0,1.0,61.0,-28.0,3,1,0.8425808092694622,Critical
Venezuela,1992,223,75,1,1.0,30.0,1.0,50.66666666666666,37.0,4,1,0.8908603431715024,Critical
Venezuela,1993,63,75,1,1.0,223.0,1.0,105.66666666666669,0.0,5,1,0.9726500310317454,Critical
Venezuela,1994,164,47,1,1.0,63.0,1.0,105.33333333333331,-28.0,6,1,0.9389267920821527,Critical
Venezuela,1995,28,45,1,1.0,164.0,1.0,150.0,-2.0,7,1,0.9828298930090235,Critical
Venezuela,1996,33,53,1,1.0,28.0,1.0,85.0,8.0,8,1,0.5954224991135358,High
Venezuela,1997,33,5,1,1.0,33.0,1.0,75.0,-48.0,9,0,0.29532934374467923,Medium
Venezuela,1998,10,14,0,1.0,33.0,1.0,31.33333333333333,9.0,0,1,0.8153231125822339,Critical
Venezuela,1999,26,41,1,0.0,10.0,0.6666666666666666,25.33333333333333,27.0,1,1,0.8984292917486382,Critical
Venezuela,2000,27,40,1,1.0,26.0,0.6666666666666666,23.0,-1.0,2,1,0.6441372960032422,High
Venezuela,2001,27,50,1,1.0,27.0,0.6666666666666666,21.0,10.0,3,1,0.8117084017795374,Critical
Venezuela,2002,27,30,1,1.0,27.0,1.0,26.666666666666668,-20.0,4,1,0.688515723622944,High
Venezuela,2003,25,40,1,1.0,27.0,1.0,27.0,10.0,5,1,0.8834391733742988,Critical
Venezuela,2004,31,50,1,1.0,25.0,1.0,26.33333333333333,10.0,6,1,0.876905582253601,Critical
Venezuela,2005,30,32,1,1.0,31.0,1.0,27.666666666666668,-18.0,7,0,0.33299069357176275,Medium
Venezuela,2006,22,21,0,1.0,30.0,1.0,28.666666666666668,-11.0,0,0,0.2786477901125083,Medium
Venezuela,2007,17,25,0,0.0,22.0,0.6666666666666666,27.666666666666668,4.0,0,1,0.7258674999263252,High
Venezuela,2008,27,44,1,0.0,17.0,0.3333333333333333,23.0,19.0,1,1,0.8701429447868543,Critical
Venezuela,2009,27,49,1,1.0,27.0,0.3333333333333333,22.0,5.0,2,0,0.46602800271517936,Medium
Venezuela,2010,23,44,0,1.0,27.0,0.6666666666666666,23.666666666666668,-5.0,0,0,0.19496368220093754,Low
Venezuela,2011,11,22,0,0.0,23.0,0.6666666666666666,25.666666666666668,-22.0,0,1,0.6078650462224092,High
Venezuela,2012,33,29,1,0.0,11.0,0.3333333333333333,20.33333333333333,7.0,1,0,0.5360562878142389,High
Venezuela,2013,9,41,0,1.0,33.0,0.3333333333333333,22.33333333333333,12.0,0,1,0.7427304456208358,High
Venezuela,2014,49,42,1,0.0,9.0,0.3333333333333333,17.666666666666668,1.0,1,1,0.7066516695580938,High
Venezuela,2015,32,30,1,1.0,49.0,0.6666666666666666,30.33333333333333,-12.0,2,1,0.6621002583303824,High
Venezuela,2016,60,60,1,1.0,32.0,0.6666666666666666,30.0,30.0,3,1,0.9174296774047711,Critical
Venezuela,2017,76,94,1,1.0,60.0,1.0,47.0,34.0,4,1,0.9797957507187685,Critical
Venezuela,2018,94,91,1,1.0,76.0,1.0,56.0,-3.0,5,1,0.922837780386416,Critical
Venezuela,2019,83,76,1,1.0,94.0,1.0,76.66666666666667,-15.0,6,0,0.7777323806900531,Critical
Venezuela,2020,5,4,0,1.0,83.0,1.0,84.33333333333333,-72.0,0,0,0.36326422778700107,Medium
Venezuela,2021,20,10,0,0.0,5.0,0.6666666666666666,60.66666666666666,6.0,0,1,0.716802030775349,High
Venezuela,2022,39,23,1,0.0,20.0,0.3333333333333333,36.0,13.0,1,0,0.7165393830577045,High
Venezuela,2023,16,15,0,1.0,39.0,0.3333333333333333,21.33333333333333,-8.0,0,0,0.14655118259648112,Low
Yemen (North Yemen),1989,0,0,0,0.0,0.0,0.0,0.0,0.0,0,0,0.07155524891198818,Low
Yemen (North Yemen),1990,0,0,0,0.0,0.0,0.0,0.0,0.0,0,0,0.07155524891198818,Low
Yemen (North Yemen),1991,0,0,0,0.0,0.0,0.0,0.0,0.0,0,0,0.07155524891198818,Low
Yemen (North Yemen),1992,0,0,0,0.0,0.0,0.0,0.0,0.0,0,0,0.07155524891198818,Low
Yemen (North Yemen),1993,0,0,0,0.0,0.0,0.0,0.0,0.0,0,1,0.07155524891198818,Low
Yemen (North Yemen),1994,1489,72,1,0.0,0.0,0.0,0.0,72.0,1,0,0.43543746351498197,Medium
Yemen (North Yemen),1995,0,0,0,1.0,1489.0,0.3333333333333333,496.3333333333333,-72.0,0,0,0.09100337151233116,Low
Yemen (North Yemen),1996,0,0,0,0.0,0.0,0.3333333333333333,496.3333333333333,0.0,0,0,0.043719188829118114,Low
Yemen (North Yemen),1997,0,0,0,0.0,0.0,0.3333333333333333,496.3333333333333,0.0,0,0,0.043719188829118114,Low
Yemen (North Yemen),1998,0,0,0,0.0,0.0,0.0,0.0,0.0,0,0,0.07155524891198818,Low
Yemen (North Yemen),1999,0,0,0,0.0,0.0,0.0,0.0,0.0,0,0,0.07155524891198818,Low
Yemen (North Yemen),2000,19,1,0,0.0,0.0,0.0,0.0,1.0,0,0,0.2020203200114487,Low
Yemen (North Yemen),2001,0,0,0,0.0,19.0,0.0,6.333333333333333,-1.0,0,0,0.2984119649282141,Medium
Yemen (North Yemen),2002,2,1,0,0.0,0.0,0.0,6.333333333333333,1.0,0,0,0.2890242376034603,Medium
Yemen (North Yemen),2003,6,1,0,0.0,2.0,0.0,7.0,0.0,0,1,0.34131836146352373,Medium
Yemen (North Yemen),2004,29,2,1,0.0,6.0,0.0,2.6666666666666665,1.0,1,0,0.6377080185209014,High
Yemen (North Yemen),2005,0,0,0,1.0,29.0,0.3333333333333333,12.333333333333334,-2.0,0,0,0.2637040037415998,Medium
Yemen (North Yemen),2006,0,0,0,0.0,0.0,0.3333333333333333,11.666666666666666,0.0,0,0,0.041048332838727004,Low
Yemen (North Yemen),2007,0,0,0,0.0,0.0,0.3333333333333333,9.666666666666666,0.0,0,0,0.05964934164206118,Low
Yemen (North Yemen),2008,21,2,0,0.0,0.0,0.0,0.0,2.0,0,1,0.18758822948971413,Low
Yemen (North Yemen),2009,94,5,1,0.0,21.0,0.0,7.0,3.0,1,1,0.5685993924327745,High
Yemen (North Yemen),2010,201,63,1,1.0,94.0,0.3333333333333333,38.333333333333336,58.0,2,1,0.9193266327323489,Critical
Yemen (North Yemen),2011,1430,219,1,1.0,201.0,0.6666666666666666,105.33333333333331,156.0,3,1,0.9827046427974682,Critical
Yemen (North Yemen),2012,2461,253,1,1.0,1430.0,1.0,575.0,34.0,4,1,0.9850537843855295,Critical
Yemen (North Yemen),2013,578,126,1,1.0,2461.0,1.0,1364.0,-127.0,5,1,0.9833320724658552,Critical
Yemen (North Yemen),2014,2364,281,1,1.0,578.0,1.0,1489.6666666666667,155.0,6,1,0.9972350688937734,Critical
Yemen (North Yemen),2015,8125,605,1,1.0,2364.0,1.0,1801.0,324.0,7,1,0.9968848822961669,Critical
Yemen (North Yemen),2016,4027,343,1,1.0,8125.0,1.0,3689.0,-262.0,8,1,0.976459657183414,Critical
Yemen (North Yemen),2017,3620,397,1,1.0,4027.0,1.0,4838.666666666667,54.0,9,1,0.997224884748434,Critical
Yemen (North Yemen),2018,4996,387,1,1.0,3620.0,1.0,5257.333333333333,-10.0,10,1,0.985037790134026,Critical
Yemen (North Yemen),2019,2959,304,1,1.0,4996.0,1.0,4214.333333333333,-83.0,11,1,0.981852472085644,Critical
Yemen (North Yemen),2020,6754,657,1,1.0,2959.0,1.0,3858.3333333333335,353.0,12,1,0.996565646103866,Critical
Yemen (North Yemen),2021,23463,768,1,1.0,6754.0,1.0,4903.0,111.0,13,1,0.9954723032277326,Critical
Yemen (North Yemen),2022,3220,455,1,1.0,23463.0,1.0,11058.666666666666,-313.0,14,1,0.9895811492540288,Critical
Yemen (North Yemen),2023,931,319,1,1.0,3220.0,1.0,11145.666666666666,-136.0,15,1,0.9898794004210965,Critical
Zambia,1989,87,25,1,0.0,0.0,0.0,0.0,0.0,1,1,0.8223020940359717,Critical
Zambia,1990,40,9,1,1.0,87.0,1.0,87.0,-16.0,2,0,0.777655590505159,Critical
Zambia,1991,0,0,0,1.0,40.0,1.0,63.5,-9.0,0,0,0.4271763000468203,Medium
Zambia,1992,0,0,0,0.0,0.0,0.6666666666666666,42.333333333333336,0.0,0,0,0.04036651724503296,Low
Zambia,1993,1,1,0,0.0,0.0,0.3333333333333333,13.333333333333334,1.0,0,0,0.08272767300170639,Low
Zambia,1994,0,0,0,0.0,1.0,0.0,0.3333333333333333,-1.0,0,0,0.20646866026789099,Low
Zambia,1995,0,0,0,0.0,0.0,0.0,0.3333333333333333,0.0,0,0,0.11040342782141219,Low
Zambia,1996,0,0,0,0.0,0.0,0.0,0.3333333333333333,0.0,0,0,0.11040342782141219,Low
Zambia,1997,0,0,0,0.0,0.0,0.0,0.0,0.0,0,0,0.07155524891198818,Low
Zambia,1998,0,0,0,0.0,0.0,0.0,0.0,0.0,0,0,0.07155524891198818,Low
Zambia,1999,0,0,0,0.0,0.0,0.0,0.0,0.0,0,0,0.07155524891198818,Low
Zambia,2000,1,1,0,0.0,0.0,0.0,0.0,1.0,0,0,0.2020203200114487,Low
Zambia,2001,7,2,0,0.0,1.0,0.0,0.3333333333333333,1.0,0,0,0.14504711020612582,Low
Zambia,2002,0,0,0,0.0,7.0,0.0,2.6666666666666665,-2.0,0,0,0.13709174690234158,Low
Zambia,2003,0,0,0,0.0,0.0,0.0,2.6666666666666665,0.0,0,0,0.1521610815065023,Low
Zambia,2004,0,0,0,0.0,0.0,0.0,2.333333333333333,0.0,0,0,0.20634890404888742,Low
Zambia,2005,0,0,0,0.0,0.0,0.0,0.0,0.0,0,0,0.07155524891198818,Low
Zambia,2006,0,0,0,0.0,0.0,0.0,0.0,0.0,0,0,0.07155524891198818,Low
Zambia,2007,0,0,0,0.0,0.0,0.0,0.0,0.0,0,0,0.07155524891198818,Low
Zambia,2008,0,0,0,0.0,0.0,0.0,0.0,0.0,0,0,0.07155524891198818,Low
Zambia,2009,0,0,0,0.0,0.0,0.0,0.0,0.0,0,0,0.07155524891198818,Low
Zambia,2010,0,0,0,0.0,0.0,0.0,0.0,0.0,0,0,0.07155524891198818,Low
Zambia,2011,0,0,0,0.0,0.0,0.0,0.0,0.0,0,0,0.07155524891198818,Low
Zambia,2012,0,0,0,0.0,0.0,0.0,0.0,0.0,0,0,0.07155524891198818,Low
Zambia,2013,0,0,0,0.0,0.0,0.0,0.0,0.0,0,0,0.07155524891198818,Low
Zambia,2014,0,0,0,0.0,0.0,0.0,0.0,0.0,0,0,0.07155524891198818,Low
Zambia,2015,0,0,0,0.0,0.0,0.0,0.0,0.0,0,0,0.07155524891198818,Low
Zambia,2016,0,0,0,0.0,0.0,0.0,0.0,0.0,0,0,0.07155524891198818,Low
Zambia,2017,0,0,0,0.0,0.0,0.0,0.0,0.0,0,0,0.07155524891198818,Low
Zambia,2018,0,0,0,0.0,0.0,0.0,0.0,0.0,0,0,0.07155524891198818,Low
Zambia,2019,0,0,0,0.0,0.0,0.0,0.0,0.0,0,0,0.07155524891198818,Low
Zambia,2020,0,0,0,0.0,0.0,0.0,0.0,0.0,0,0,0.07155524891198818,Low
Zambia,2021,0,0,0,0.0,0.0,0.0,0.0,0.0,0,0,0.07155524891198818,Low
Zambia,2022,0,0,0,0.0,0.0,0.0,0.0,0.0,0,0,0.07155524891198818,Low
Zambia,2023,0,0,0,0.0,0.0,0.0,0.0,0.0,0,0,0.07155524891198818,Low
Zimbabwe (Rhodesia),1989,37,3,1,0.0,0.0,0.0,0.0,0.0,1,0,0.8223020940359717,Critical
Zimbabwe (Rhodesia),1990,14,3,0,1.0,37.0,1.0,37.0,0.0,0,0,0.49664971362923943,Medium
Zimbabwe (Rhodesia),1991,0,0,0,0.0,14.0,0.5,25.5,-3.0,0,0,0.2091459275343506,Low
Zimbabwe (Rhodesia),1992,0,0,0,0.0,0.0,0.3333333333333333,17.0,0.0,0,0,0.038703241063136516,Low
Zimbabwe (Rhodesia),1993,0,0,0,0.0,0.0,0.0,4.666666666666667,0.0,0,0,0.15870903584246648,Low
Zimbabwe (Rhodesia),1994,0,0,0,0.0,0.0,0.0,0.0,0.0,0,0,0.07155524891198818,Low
Zimbabwe (Rhodesia),1995,4,2,0,0.0,0.0,0.0,0.0,2.0,0,0,0.18758822948971413,Low
Zimbabwe (Rhodesia),1996,0,0,0,0.0,4.0,0.0,1.3333333333333333,-2.0,0,0,0.10784420218140489,Low
Zimbabwe (Rhodesia),1997,0,0,0,0.0,0.0,0.0,1.3333333333333333,0.0,0,0,0.191773195624242,Low
Zimbabwe (Rhodesia),1998,1,1,0,0.0,0.0,0.0,1.3333333333333333,1.0,0,0,0.2367747097331808,Low
Zimbabwe (Rhodesia),1999,1,1,0,0.0,1.0,0.0,0.3333333333333333,0.0,0,0,0.22410571693746784,Low
Zimbabwe (Rhodesia),2000,0,0,0,0.0,1.0,0.0,0.6666666666666666,-1.0,0,0,0.21450515299978615,Low
Zimbabwe (Rhodesia),2001,0,1,0,0.0,0.0,0.0,0.6666666666666666,1.0,0,0,0.24278435864316042,Low
Zimbabwe (Rhodesia),2002,0,0,0,0.0,0.0,0.0,0.3333333333333333,-1.0,0,0,0.10930077019078392,Low
Zimbabwe (Rhodesia),2003,0,1,0,0.0,0.0,0.0,0.0,1.0,0,0,0.2020203200114487,Low
Zimbabwe (Rhodesia),2004,0,0,0,0.0,0.0,0.0,0.0,-1.0,0,0,0.1307577716278981,Low
Zimbabwe (Rhodesia),2005,0,0,0,0.0,0.0,0.0,0.0,0.0,0,0,0.07155524891198818,Low
Zimbabwe (Rhodesia),2006,0,0,0,0.0,0.0,0.0,0.0,0.0,0,0,0.07155524891198818,Low
Zimbabwe (Rhodesia),2007,0,2,0,0.0,0.0,0.0,0.0,2.0,0,1,0.18758822948971413,Low
Zimbabwe (Rhodesia),2008,253,40,1,0.0,0.0,0.0,0.0,38.0,1,0,0.6310990688011968,High
Zimbabwe (Rhodesia),2009,0,1,0,1.0,253.0,0.3333333333333333,84.33333333333333,-39.0,0,0,0.11753853191447164,Low
Zimbabwe (Rhodesia),2010,0,0,0,0.0,0.0,0.3333333333333333,84.33333333333333,-1.0,0,0,0.0725686268097328,Low
Zimbabwe (Rhodesia),2011,1,1,0,0.0,0.0,0.3333333333333333,84.33333333333333,1.0,0,0,0.05239300164032112,Low
Zimbabwe (Rhodesia),2012,1,1,0,0.0,1.0,0.0,0.3333333333333333,0.0,0,0,0.22410571693746784,Low
Zimbabwe (Rhodesia),2013,0,0,0,0.0,1.0,0.0,0.6666666666666666,-1.0,0,0,0.21450515299978615,Low
Zimbabwe (Rhodesia),2014,0,0,0,0.0,0.0,0.0,0.6666666666666666,0.0,0,0,0.11405812144190554,Low
Zimbabwe (Rhodesia),2015,0,0,0,0.0,0.0,0.0,0.3333333333333333,0.0,0,0,0.11040342782141219,Low
Zimbabwe (Rhodesia),2016,0,0,0,0.0,0.0,0.0,0.0,0.0,0,0,0.07155524891198818,Low
Zimbabwe (Rhodesia),2017,0,0,0,0.0,0.0,0.0,0.0,0.0,0,0,0.07155524891198818,Low
Zimbabwe (Rhodesia),2018,4,2,0,0.0,0.0,0.0,0.0,2.0,0,0,0.18758822948971413,Low
Zimbabwe (Rhodesia),2019,8,8,0,0.0,4.0,0.0,1.3333333333333333,6.0,0,0,0.2643735449121229,Medium
Zimbabwe (Rhodesia),2020,2,1,0,0.0,8.0,0.0,4.0,-7.0,0,0,0.06992115712878373,Low
Zimbabwe (Rhodesia),2021,0,0,0,0.0,2.0,0.0,4.666666666666667,-1.0,0,0,0.20024863769321347,Low
Zimbabwe (Rhodesia),2022,0,0,0,0.0,0.0,0.0,3.333333333333333,0.0,0,0,0.14605807669347048,Low
Zimbabwe (Rhodesia),2023,0,0,0,0.0,0.0,0.0,0.6666666666666666,0.0,0,0,0.11405812144190554,Low
